store_id,item_id,category,state,history_days,history_start,history_end,recent_days,recent_start,recent_units,mean_daily_units,positive_days,positive_day_percent,zero_day_percent,mean_units_on_selling_days,selling_day_quantity_cv,days_per_selling_day,longest_zero_run_days,days_since_last_sale,complete_week_blocks,zero_week_percent,mean_weekly_units,weekly_quantity_cv,planning_group
CA_1,FOODS_1_129,FOODS,CA,1584,2011-01-29,2015-05-31,180,2014-12-03,86.0,0.47777777910232544,56,31.11111111111111,68.88888888888889,1.5357142686843872,0.5358939170837402,3.2142857142857144,24,3,25,16.0,3.4000000953674316,0.7009631991386414,occasional
CA_1,FOODS_1_137,FOODS,CA,1584,2011-01-29,2015-05-31,180,2014-12-03,638.0,3.5444445610046387,128,71.11111111111111,28.888888888888886,4.984375,0.9667328000068665,1.40625,5,0,25,0.0,24.239999771118164,0.7780559062957764,occasional
CA_1,FOODS_1_187,FOODS,CA,1584,2011-01-29,2015-05-31,180,2014-12-03,230.0,1.2777777910232544,107,59.44444444444444,40.55555555555556,2.1495327949523926,0.6961682438850403,1.6822429906542056,25,25,25,12.0,8.960000038146973,0.6795986294746399,occasional
CA_1,FOODS_3_002,FOODS,CA,590,2013-10-19,2015-05-31,180,2014-12-03,489.0,2.7166666984558105,150,83.33333333333334,16.666666666666664,3.259999990463257,0.6908585429191589,1.2,7,0,25,0.0,18.799999237060547,0.49120840430259705,regular
CA_1,FOODS_3_010,FOODS,CA,758,2013-05-04,2015-05-31,180,2014-12-03,144.0,0.800000011920929,87,48.333333333333336,51.66666666666666,1.6551724672317505,0.6201198697090149,2.0689655172413794,7,6,25,4.0,5.480000019073486,0.5633220672607422,occasional
CA_1,FOODS_3_034,FOODS,CA,653,2013-08-17,2015-05-31,180,2014-12-03,403.0,2.23888897895813,135,75.0,25.0,2.985185146331787,0.5992234349250793,1.3333333333333333,22,0,25,12.0,15.399999618530273,0.541108250617981,occasional
CA_1,FOODS_3_123,FOODS,CA,1584,2011-01-29,2015-05-31,180,2014-12-03,107.0,0.5944444537162781,53,29.444444444444446,70.55555555555554,2.0188679695129395,0.5135936737060547,3.3962264150943398,60,60,25,40.0,4.039999961853027,1.0697652101516724,occasional
CA_1,FOODS_3_317,FOODS,CA,1584,2011-01-29,2015-05-31,180,2014-12-03,482.0,2.6777777671813965,115,63.888888888888886,36.111111111111114,4.1913042068481445,0.6696008443832397,1.565217391304348,59,0,25,28.000000000000004,18.559999465942383,0.7420618534088135,occasional
CA_1,FOODS_3_381,FOODS,CA,919,2012-11-24,2015-05-31,180,2014-12-03,55.0,0.3055555522441864,27,15.0,85.0,2.0370371341705322,0.8605206608772278,6.666666666666667,65,35,25,60.0,2.200000047683716,1.5902595520019531,rare
CA_1,FOODS_3_415,FOODS,CA,1430,2011-07-02,2015-05-31,180,2014-12-03,59.0,0.32777777314186096,27,15.0,85.0,2.185185194015503,0.43212032318115234,6.666666666666667,126,126,25,76.0,2.119999885559082,2.1401584148406982,rare
CA_1,FOODS_3_440,FOODS,CA,457,2014-03-01,2015-05-31,180,2014-12-03,89.0,0.49444442987442017,53,29.444444444444446,70.55555555555554,1.6792452335357666,0.6622544527053833,3.3962264150943398,19,3,25,16.0,3.5199999809265137,0.7712218165397644,occasional
CA_1,FOODS_3_477,FOODS,CA,1584,2011-01-29,2015-05-31,180,2014-12-03,1250.0,6.94444465637207,178,98.88888888888889,1.1111111111111072,7.022471904754639,0.4642482101917267,1.0112359550561798,1,0,25,0.0,48.560001373291016,0.16972295939922333,regular
CA_1,FOODS_3_486,FOODS,CA,1584,2011-01-29,2015-05-31,180,2014-12-03,110.0,0.6111111044883728,64,35.55555555555556,64.44444444444444,1.71875,0.621116042137146,2.8125,37,0,25,16.0,4.400000095367432,0.7551476359367371,occasional
CA_1,FOODS_3_514,FOODS,CA,674,2013-07-27,2015-05-31,180,2014-12-03,679.0,3.7722222805023193,138,76.66666666666667,23.33333333333333,4.920289993286133,0.5933298468589783,1.3043478260869565,21,0,25,8.0,26.719999313354492,0.6195434927940369,occasional
CA_1,FOODS_3_593,FOODS,CA,1430,2011-07-02,2015-05-31,180,2014-12-03,110.0,0.6111111044883728,74,41.11111111111111,58.88888888888889,1.4864864349365234,0.5665613412857056,2.4324324324324325,15,15,25,8.0,4.320000171661377,0.7766746878623962,occasional
CA_1,FOODS_3_609,FOODS,CA,1031,2012-08-04,2015-05-31,180,2014-12-03,206.0,1.144444465637207,75,41.66666666666667,58.33333333333333,2.746666669845581,0.646087110042572,2.4,87,87,25,48.0,7.71999979019165,1.037253499031067,occasional
CA_1,FOODS_3_785,FOODS,CA,1584,2011-01-29,2015-05-31,180,2014-12-03,2796.0,15.533333778381348,152,84.44444444444444,15.555555555555555,18.394737243652344,0.5744877457618713,1.1842105263157894,27,0,25,12.0,108.36000061035156,0.45659998059272766,regular
CA_1,HOBBIES_1_025,HOBBIES,CA,1367,2011-09-03,2015-05-31,180,2014-12-03,120.0,0.6666666865348816,74,41.11111111111111,58.88888888888889,1.6216216087341309,0.6624868512153625,2.4324324324324325,10,1,25,0.0,4.800000190734863,0.4787135422229767,occasional
CA_1,HOBBIES_1_038,HOBBIES,CA,1584,2011-01-29,2015-05-31,180,2014-12-03,67.0,0.3722222149372101,51,28.333333333333332,71.66666666666667,1.313725471496582,0.4125455319881439,3.5294117647058822,14,1,25,8.0,2.680000066757202,0.594397246837616,occasional
CA_1,HOBBIES_1_090,HOBBIES,CA,709,2013-06-22,2015-05-31,180,2014-12-03,662.0,3.6777777671813965,97,53.888888888888886,46.111111111111114,6.824742317199707,0.8904138803482056,1.8556701030927836,15,0,25,8.0,26.15999984741211,0.5387256145477295,occasional
CA_1,HOBBIES_1_093,HOBBIES,CA,1066,2012-06-30,2015-05-31,180,2014-12-03,41.0,0.22777777910232544,39,21.666666666666668,78.33333333333333,1.0512820482254028,0.20981283485889435,4.615384615384615,17,1,25,16.0,1.559999942779541,0.7493148446083069,occasional
CA_1,HOBBIES_1_113,HOBBIES,CA,730,2013-06-01,2015-05-31,180,2014-12-03,40.0,0.2222222238779068,35,19.444444444444446,80.55555555555556,1.1428571939468384,0.3061861991882324,5.142857142857143,17,7,25,20.0,1.600000023841858,0.75,rare
CA_1,HOBBIES_1_201,HOBBIES,CA,1584,2011-01-29,2015-05-31,180,2014-12-03,215.0,1.1944444179534912,115,63.888888888888886,36.111111111111114,1.8695652484893799,0.7807860970497131,1.565217391304348,5,1,25,0.0,8.279999732971191,0.4246264398097992,occasional
CA_1,HOBBIES_1_210,HOBBIES,CA,1199,2012-02-18,2015-05-31,180,2014-12-03,0.0,0.0,0,0.0,100.0,,,,180,180,25,100.0,0.0,,dormant
CA_1,HOBBIES_1_254,HOBBIES,CA,1584,2011-01-29,2015-05-31,180,2014-12-03,1286.0,7.144444465637207,160,88.88888888888889,11.111111111111116,8.037500381469727,0.91489577293396,1.125,3,0,25,0.0,49.91999816894531,0.3929927349090576,regular
CA_1,HOBBIES_1_316,HOBBIES,CA,1122,2012-05-05,2015-05-31,180,2014-12-03,198.0,1.100000023841858,85,47.22222222222222,52.77777777777778,2.329411745071411,0.6630603075027466,2.1176470588235294,14,0,25,8.0,7.880000114440918,0.659234344959259,occasional
CA_1,HOBBIES_1_353,HOBBIES,CA,709,2013-06-22,2015-05-31,180,2014-12-03,873.0,4.849999904632568,114,63.33333333333333,36.66666666666667,7.657894611358643,0.7828995585441589,1.5789473684210527,19,0,25,8.0,33.84000015258789,0.5298541784286499,occasional
CA_1,HOBBIES_1_385,HOBBIES,CA,478,2014-02-08,2015-05-31,180,2014-12-03,30.0,0.1666666716337204,21,11.666666666666666,88.33333333333333,1.4285714626312256,0.594418466091156,8.571428571428571,79,1,25,64.0,1.2000000476837158,1.6499158143997192,rare
CA_1,HOBBIES_1_393,HOBBIES,CA,681,2013-07-20,2015-05-31,180,2014-12-03,48.0,0.2666666805744171,44,24.444444444444443,75.55555555555556,1.0909091234207153,0.2635231614112854,4.090909090909091,12,3,25,4.0,1.7599999904632568,0.5856409072875977,occasional
CA_1,HOBBIES_1_424,HOBBIES,CA,1584,2011-01-29,2015-05-31,180,2014-12-03,194.0,1.0777777433395386,94,52.22222222222223,47.77777777777777,2.0638298988342285,0.6953988075256348,1.9148936170212767,6,1,25,0.0,7.679999828338623,0.5520833134651184,occasional
CA_1,HOBBIES_2_005,HOBBIES,CA,1094,2012-06-02,2015-05-31,180,2014-12-03,31.0,0.17222222685813904,28,15.555555555555555,84.44444444444444,1.1071428060531616,0.2793630361557007,6.428571428571429,24,12,25,28.000000000000004,1.159999966621399,0.8682537078857422,rare
CA_1,HOBBIES_2_008,HOBBIES,CA,1542,2011-03-12,2015-05-31,180,2014-12-03,24.0,0.13333334028720856,22,12.222222222222221,87.77777777777777,1.0909091234207153,0.38188132643699646,8.181818181818182,29,2,25,44.0,0.9599999785423279,1.1211353540420532,rare
CA_1,HOBBIES_2_017,HOBBIES,CA,1143,2012-04-14,2015-05-31,180,2014-12-03,78.0,0.4333333373069763,63,35.0,65.0,1.2380952835083008,0.5704768896102905,2.857142857142857,8,8,25,4.0,3.0799999237060547,0.6617007255554199,occasional
CA_1,HOBBIES_2_079,HOBBIES,CA,1437,2011-06-25,2015-05-31,180,2014-12-03,12.0,0.06666667014360428,11,6.111111111111111,93.88888888888889,1.0909091234207153,0.263523131608963,16.363636363636363,63,8,25,68.0,0.47999998927116394,1.6791203022003174,rare
CA_1,HOBBIES_2_120,HOBBIES,CA,1584,2011-01-29,2015-05-31,180,2014-12-03,92.0,0.5111111402511597,60,33.33333333333333,66.66666666666667,1.5333333015441895,0.49763140082359314,3.0,18,0,25,12.0,3.359999895095825,0.8412885665893555,occasional
CA_1,HOUSEHOLD_1_104,HOUSEHOLD,CA,674,2013-07-27,2015-05-31,180,2014-12-03,32.0,0.17777778208255768,28,15.555555555555555,84.44444444444444,1.1428571939468384,0.38527584075927734,6.428571428571429,19,4,25,24.0,1.2799999713897705,0.950945258140564,rare
CA_1,HOUSEHOLD_1_170,HOUSEHOLD,CA,1353,2011-09-17,2015-05-31,180,2014-12-03,155.0,0.8611111044883728,95,52.77777777777778,47.22222222222222,1.6315789222717285,0.526508629322052,1.894736842105263,5,0,25,0.0,6.039999961853027,0.4454349875450134,occasional
CA_1,HOUSEHOLD_1_256,HOUSEHOLD,CA,1584,2011-01-29,2015-05-31,180,2014-12-03,153.0,0.8500000238418579,92,51.11111111111111,48.88888888888889,1.66304349899292,0.5036922097206116,1.9565217391304348,12,2,25,8.0,5.800000190734863,0.5581521987915039,occasional
CA_1,HOUSEHOLD_1_330,HOUSEHOLD,CA,457,2014-03-01,2015-05-31,180,2014-12-03,198.0,1.100000023841858,110,61.111111111111114,38.888888888888886,1.7999999523162842,0.5744269490242004,1.6363636363636365,5,0,25,0.0,7.679999828338623,0.42587482929229736,occasional
CA_1,HOUSEHOLD_1_414,HOUSEHOLD,CA,1185,2012-03-03,2015-05-31,180,2014-12-03,636.0,3.5333333015441895,144,80.0,19.999999999999996,4.416666507720947,0.6763565540313721,1.25,14,0,25,4.0,25.040000915527344,0.5162092447280884,regular
CA_1,HOUSEHOLD_1_460,HOUSEHOLD,CA,1584,2011-01-29,2015-05-31,180,2014-12-03,103.0,0.5722222328186035,75,41.66666666666667,58.33333333333333,1.3733333349227905,0.5419528484344482,2.4,53,53,25,28.000000000000004,4.039999961853027,0.7490803599357605,occasional
CA_1,HOUSEHOLD_1_462,HOUSEHOLD,CA,639,2013-08-31,2015-05-31,180,2014-12-03,161.0,0.894444465637207,79,43.888888888888886,56.111111111111114,2.0379745960235596,0.7174384593963623,2.278481012658228,5,0,25,0.0,6.079999923706055,0.4484314024448395,occasional
CA_1,HOUSEHOLD_2_049,HOUSEHOLD,CA,912,2012-12-01,2015-05-31,180,2014-12-03,143.0,0.7944444417953491,85,47.22222222222222,52.77777777777778,1.682352900505066,0.5853276252746582,2.1176470588235294,6,0,25,0.0,5.559999942779541,0.5480862259864807,occasional
CA_1,HOUSEHOLD_2_120,HOUSEHOLD,CA,240,2014-10-04,2015-05-31,180,2014-12-03,38.0,0.21111111342906952,34,18.88888888888889,81.11111111111111,1.1176470518112183,0.2882750332355499,5.294117647058823,17,0,25,32.0,1.5199999809265137,0.8551619648933411,rare
CA_1,HOUSEHOLD_2_158,HOUSEHOLD,CA,1570,2011-02-12,2015-05-31,180,2014-12-03,12.0,0.06666667014360428,9,5.0,95.0,1.3333333730697632,0.3535533845424652,20.0,101,0,25,76.0,0.4399999976158142,2.0409040451049805,rare
CA_1,HOUSEHOLD_2_184,HOUSEHOLD,CA,1584,2011-01-29,2015-05-31,180,2014-12-03,103.0,0.5722222328186035,63,35.0,65.0,1.634920597076416,0.589920699596405,2.857142857142857,39,0,25,16.0,3.9600000381469727,0.7807238698005676,occasional
CA_1,HOUSEHOLD_2_194,HOUSEHOLD,CA,492,2014-01-25,2015-05-31,180,2014-12-03,51.0,0.28333333134651184,42,23.333333333333332,76.66666666666666,1.2142857313156128,0.4594264328479767,4.285714285714286,24,24,25,24.0,1.8799999952316284,0.8006334900856018,occasional
CA_1,HOUSEHOLD_2_267,HOUSEHOLD,CA,1220,2012-01-28,2015-05-31,180,2014-12-03,117.0,0.6499999761581421,73,40.55555555555556,59.44444444444444,1.602739691734314,0.5239532589912415,2.4657534246575343,38,0,25,24.0,4.679999828338623,0.7320551872253418,occasional
CA_1,HOUSEHOLD_2_307,HOUSEHOLD,CA,513,2014-01-04,2015-05-31,180,2014-12-03,15.0,0.0833333358168602,12,6.666666666666667,93.33333333333333,1.25,0.3464101552963257,15.0,98,18,25,72.0,0.6000000238418579,1.7638342380523682,rare
CA_1,HOUSEHOLD_2_334,HOUSEHOLD,CA,1584,2011-01-29,2015-05-31,180,2014-12-03,27.0,0.15000000596046448,19,10.555555555555555,89.44444444444444,1.4210525751113892,0.4157397150993347,9.473684210526315,20,18,25,48.0,1.0399999618530273,1.1691296100616455,rare
CA_1,HOUSEHOLD_2_347,HOUSEHOLD,CA,1584,2011-01-29,2015-05-31,180,2014-12-03,54.0,0.30000001192092896,48,26.666666666666668,73.33333333333334,1.125,0.293972373008728,3.75,14,0,25,16.0,2.0399999618530273,0.6859943866729736,occasional
CA_1,HOUSEHOLD_2_407,HOUSEHOLD,CA,1584,2011-01-29,2015-05-31,180,2014-12-03,31.0,0.17222222685813904,24,13.333333333333334,86.66666666666667,1.2916666269302368,0.4168660640716553,7.5,23,8,25,40.0,1.2000000476837158,0.9718253016471863,rare
CA_1,HOUSEHOLD_2_438,HOUSEHOLD,CA,1584,2011-01-29,2015-05-31,180,2014-12-03,33.0,0.18333333730697632,21,11.666666666666666,88.33333333333333,1.5714285373687744,0.4198910892009735,8.571428571428571,97,0,25,68.0,1.1200000047683716,1.8091320991516113,rare
CA_2,FOODS_1_129,FOODS,CA,1584,2011-01-29,2015-05-31,180,2014-12-03,224.0,1.244444489479065,103,57.22222222222222,42.77777777777778,2.174757242202759,1.0919537544250488,1.7475728155339805,5,0,25,0.0,8.800000190734863,0.5749596357345581,occasional
CA_2,FOODS_1_137,FOODS,CA,1584,2011-01-29,2015-05-31,180,2014-12-03,548.0,3.0444445610046387,80,44.44444444444444,55.55555555555556,6.849999904632568,1.0643177032470703,2.25,52,1,25,32.0,17.31999969482422,0.9545568823814392,occasional
CA_2,FOODS_1_187,FOODS,CA,1577,2011-02-05,2015-05-31,180,2014-12-03,424.0,2.355555534362793,124,68.88888888888889,31.11111111111111,3.4193549156188965,0.6216042637825012,1.4516129032258065,25,25,25,12.0,16.079999923706055,0.4683360159397125,occasional
CA_2,FOODS_3_002,FOODS,CA,583,2013-10-26,2015-05-31,180,2014-12-03,213.0,1.1833332777023315,85,47.22222222222222,52.77777777777778,2.5058822631835938,0.773380696773529,2.1176470588235294,33,0,25,24.0,7.920000076293945,1.1659557819366455,occasional
CA_2,FOODS_3_010,FOODS,CA,765,2013-04-27,2015-05-31,180,2014-12-03,76.0,0.42222222685813904,50,27.77777777777778,72.22222222222221,1.5199999809265137,0.6478174924850464,3.6,10,0,25,8.0,3.0,0.788810670375824,occasional
CA_2,FOODS_3_034,FOODS,CA,653,2013-08-17,2015-05-31,180,2014-12-03,260.0,1.4444444179534912,125,69.44444444444444,30.555555555555557,2.0799999237060547,0.5560320019721985,1.44,20,0,25,8.0,10.0,0.5114684700965881,occasional
CA_2,FOODS_3_123,FOODS,CA,1584,2011-01-29,2015-05-31,180,2014-12-03,41.0,0.22777777910232544,24,13.333333333333334,86.66666666666667,1.7083333730697632,0.6203949451446533,7.5,64,64,25,52.0,1.6399999856948853,1.2776391506195068,rare
CA_2,FOODS_3_317,FOODS,CA,1584,2011-01-29,2015-05-31,180,2014-12-03,132.0,0.7333333492279053,41,22.77777777777778,77.22222222222223,3.2195122241973877,1.000057339668274,4.390243902439025,58,20,25,36.0,5.039999961853027,1.2275702953338623,occasional
CA_2,FOODS_3_381,FOODS,CA,898,2012-12-15,2015-05-31,180,2014-12-03,81.0,0.44999998807907104,45,25.0,75.0,1.7999999523162842,0.531581461429596,4.0,76,33,25,56.00000000000001,3.240000009536743,1.4029603004455566,occasional
CA_2,FOODS_3_415,FOODS,CA,1521,2011-04-02,2015-05-31,180,2014-12-03,42.0,0.23333333432674408,26,14.444444444444443,85.55555555555556,1.615384578704834,0.644178569316864,6.923076923076923,88,2,25,60.0,1.399999976158142,1.6035674810409546,rare
CA_2,FOODS_3_440,FOODS,CA,443,2014-03-15,2015-05-31,180,2014-12-03,129.0,0.7166666388511658,70,38.88888888888889,61.111111111111114,1.8428571224212646,0.7316860556602478,2.5714285714285716,10,1,25,4.0,5.079999923706055,0.679450511932373,occasional
CA_2,FOODS_3_477,FOODS,CA,1584,2011-01-29,2015-05-31,180,2014-12-03,280.0,1.5555555820465088,132,73.33333333333333,26.66666666666667,2.1212120056152344,0.6436503529548645,1.3636363636363635,4,0,25,0.0,10.880000114440918,0.37068596482276917,occasional
CA_2,FOODS_3_486,FOODS,CA,1584,2011-01-29,2015-05-31,180,2014-12-03,71.0,0.39444443583488464,48,26.666666666666668,73.33333333333334,1.4791666269302368,0.4973646402359009,3.75,39,6,25,20.0,2.8399999141693115,0.9272270798683167,occasional
CA_2,FOODS_3_514,FOODS,CA,604,2013-10-05,2015-05-31,180,2014-12-03,678.0,3.7666666507720947,153,85.0,15.000000000000002,4.43137264251709,0.7423085570335388,1.1764705882352942,5,1,25,0.0,25.600000381469727,0.5763274431228638,regular
CA_2,FOODS_3_593,FOODS,CA,1430,2011-07-02,2015-05-31,180,2014-12-03,70.0,0.3888888955116272,50,27.77777777777778,72.22222222222221,1.399999976158142,0.4948716461658478,3.6,16,0,25,16.0,2.680000066757202,0.7589958906173706,occasional
CA_2,FOODS_3_609,FOODS,CA,1038,2012-07-28,2015-05-31,180,2014-12-03,49.0,0.27222222089767456,31,17.22222222222222,82.77777777777777,1.580645203590393,0.5023890733718872,5.806451612903226,91,91,25,56.00000000000001,1.7200000286102295,1.3906898498535156,rare
CA_2,FOODS_3_785,FOODS,CA,1584,2011-01-29,2015-05-31,180,2014-12-03,480.0,2.6666667461395264,135,75.0,25.0,3.555555582046509,0.7145256400108337,1.3333333333333333,27,0,25,12.0,18.639999389648438,0.5325781106948853,occasional
CA_2,HOBBIES_1_025,HOBBIES,CA,1367,2011-09-03,2015-05-31,180,2014-12-03,0.0,0.0,0,0.0,100.0,,,,180,180,25,100.0,0.0,,dormant
CA_2,HOBBIES_1_038,HOBBIES,CA,1584,2011-01-29,2015-05-31,180,2014-12-03,64.0,0.35555556416511536,57,31.666666666666664,68.33333333333333,1.1228070259094238,0.2923170030117035,3.1578947368421053,10,0,25,12.0,2.440000057220459,0.6462426781654358,occasional
CA_2,HOBBIES_1_090,HOBBIES,CA,709,2013-06-22,2015-05-31,180,2014-12-03,755.0,4.19444465637207,125,69.44444444444444,30.555555555555557,6.039999961853027,0.943191409111023,1.44,12,0,25,4.0,28.959999084472656,0.47891345620155334,occasional
CA_2,HOBBIES_1_093,HOBBIES,CA,1066,2012-06-30,2015-05-31,180,2014-12-03,19.0,0.10555555671453476,19,10.555555555555555,89.44444444444444,1.0,0.0,9.473684210526315,44,5,25,44.0,0.7200000286102295,1.0030816793441772,rare
CA_2,HOBBIES_1_113,HOBBIES,CA,737,2013-05-25,2015-05-31,180,2014-12-03,37.0,0.20555555820465088,31,17.22222222222222,82.77777777777777,1.1935484409332275,0.39351940155029297,5.806451612903226,18,1,25,16.0,1.4800000190734863,0.6079579591751099,rare
CA_2,HOBBIES_1_201,HOBBIES,CA,1584,2011-01-29,2015-05-31,180,2014-12-03,139.0,0.7722222208976746,91,50.55555555555556,49.44444444444444,1.5274724960327148,0.4981202781200409,1.978021978021978,10,2,25,0.0,5.28000020980835,0.4302870035171509,occasional
CA_2,HOBBIES_1_210,HOBBIES,CA,1220,2012-01-28,2015-05-31,180,2014-12-03,96.0,0.5333333611488342,45,25.0,75.0,2.133333444595337,0.7234897613525391,4.0,29,1,25,28.000000000000004,3.640000104904175,0.9255591630935669,occasional
CA_2,HOBBIES_1_254,HOBBIES,CA,1584,2011-01-29,2015-05-31,180,2014-12-03,544.0,3.0222222805023193,130,72.22222222222221,27.77777777777778,4.184615612030029,0.9268497824668884,1.3846153846153846,4,0,25,0.0,21.31999969482422,0.40905725955963135,occasional
CA_2,HOBBIES_1_316,HOBBIES,CA,898,2012-12-15,2015-05-31,180,2014-12-03,192.0,1.0666667222976685,83,46.111111111111114,53.888888888888886,2.3132529258728027,0.7530320882797241,2.1686746987951806,11,1,25,4.0,7.199999809265137,0.7677930593490601,occasional
CA_2,HOBBIES_1_353,HOBBIES,CA,709,2013-06-22,2015-05-31,180,2014-12-03,645.0,3.5833332538604736,115,63.888888888888886,36.111111111111114,5.6086955070495605,0.8137245774269104,1.565217391304348,4,0,25,0.0,24.559999465942383,0.33989569544792175,occasional
CA_2,HOBBIES_1_385,HOBBIES,CA,478,2014-02-08,2015-05-31,180,2014-12-03,46.0,0.25555557012557983,31,17.22222222222222,82.77777777777777,1.4838709831237793,0.4147561490535736,5.806451612903226,85,0,25,52.0,1.840000033378601,1.1875216960906982,rare
CA_2,HOBBIES_1_393,HOBBIES,CA,632,2013-09-07,2015-05-31,180,2014-12-03,14.0,0.07777778059244156,13,7.222222222222221,92.77777777777779,1.076923131942749,0.2474358230829239,13.846153846153847,27,4,25,60.0,0.5199999809265137,1.4513819217681885,rare
CA_2,HOBBIES_1_424,HOBBIES,CA,1584,2011-01-29,2015-05-31,180,2014-12-03,111.0,0.6166666746139526,63,35.0,65.0,1.7619047164916992,0.5226778388023376,2.857142857142857,13,2,25,8.0,4.239999771118164,0.6442781686782837,occasional
CA_2,HOBBIES_2_005,HOBBIES,CA,1094,2012-06-02,2015-05-31,180,2014-12-03,29.0,0.16111111640930176,27,15.0,85.0,1.0740740299224854,0.3516565263271332,6.666666666666667,33,0,25,32.0,1.159999966621399,1.0252461433410645,rare
CA_2,HOBBIES_2_008,HOBBIES,CA,1542,2011-03-12,2015-05-31,180,2014-12-03,7.0,0.03888889029622078,6,3.3333333333333335,96.66666666666667,1.1666666269302368,0.31943830847740173,30.0,69,34,25,84.0,0.2800000011920929,2.579352855682373,rare
CA_2,HOBBIES_2_017,HOBBIES,CA,1129,2012-04-28,2015-05-31,180,2014-12-03,44.0,0.24444444477558136,32,17.77777777777778,82.22222222222221,1.375,0.4723774790763855,5.625,16,15,25,24.0,1.7200000286102295,0.7803702354431152,rare
CA_2,HOBBIES_2_079,HOBBIES,CA,1437,2011-06-25,2015-05-31,180,2014-12-03,17.0,0.09444444626569748,16,8.88888888888889,91.11111111111111,1.0625,0.22782255709171295,11.25,28,14,25,52.0,0.6800000071525574,1.1556988954544067,rare
CA_2,HOBBIES_2_120,HOBBIES,CA,1584,2011-01-29,2015-05-31,180,2014-12-03,106.0,0.5888888835906982,65,36.11111111111111,63.888888888888886,1.6307692527770996,0.5647784471511841,2.769230769230769,11,1,25,4.0,4.119999885559082,0.6841733455657959,occasional
CA_2,HOUSEHOLD_1_104,HOUSEHOLD,CA,674,2013-07-27,2015-05-31,180,2014-12-03,19.0,0.10555555671453476,16,8.88888888888889,91.11111111111111,1.1875,0.32868409156799316,11.25,29,21,25,56.00000000000001,0.7599999904632568,1.3562208414077759,rare
CA_2,HOUSEHOLD_1_170,HOUSEHOLD,CA,1395,2011-08-06,2015-05-31,180,2014-12-03,178.0,0.9888888597488403,82,45.55555555555556,54.44444444444445,2.170731782913208,0.8414972424507141,2.1951219512195124,7,6,25,4.0,6.960000038146973,0.40937939286231995,occasional
CA_2,HOUSEHOLD_1_256,HOUSEHOLD,CA,1584,2011-01-29,2015-05-31,180,2014-12-03,41.0,0.22777777910232544,28,15.555555555555555,84.44444444444444,1.4642857313156128,0.4646965265274048,6.428571428571429,82,1,25,48.0,1.6399999856948853,1.180850625038147,rare
CA_2,HOUSEHOLD_1_330,HOUSEHOLD,CA,457,2014-03-01,2015-05-31,180,2014-12-03,214.0,1.1888889074325562,103,57.22222222222222,42.77777777777778,2.077669858932495,0.7428877949714661,1.7475728155339805,4,0,25,0.0,8.079999923706055,0.4912228584289551,occasional
CA_2,HOUSEHOLD_1_414,HOUSEHOLD,CA,1213,2012-02-04,2015-05-31,180,2014-12-03,420.0,2.3333332538604736,101,56.111111111111114,43.888888888888886,4.158415794372559,0.8328502178192139,1.7821782178217822,21,0,25,16.0,16.719999313354492,0.9806454181671143,occasional
CA_2,HOUSEHOLD_1_460,HOUSEHOLD,CA,1584,2011-01-29,2015-05-31,180,2014-12-03,103.0,0.5722222328186035,65,36.11111111111111,63.888888888888886,1.5846153497695923,0.5179409384727478,2.769230769230769,55,55,25,28.000000000000004,4.0,0.7516648173332214,occasional
CA_2,HOUSEHOLD_1_462,HOUSEHOLD,CA,1584,2011-01-29,2015-05-31,180,2014-12-03,391.0,2.172222137451172,113,62.77777777777778,37.22222222222222,3.460176944732666,0.8554518818855286,1.592920353982301,5,0,25,0.0,15.399999618530273,0.39732620120048523,occasional
CA_2,HOUSEHOLD_2_049,HOUSEHOLD,CA,891,2012-12-22,2015-05-31,180,2014-12-03,145.0,0.8055555820465088,88,48.888888888888886,51.11111111111111,1.6477272510528564,0.5642964243888855,2.0454545454545454,14,2,25,4.0,5.519999980926514,0.48099786043167114,occasional
CA_2,HOUSEHOLD_2_120,HOUSEHOLD,CA,240,2014-10-04,2015-05-31,180,2014-12-03,39.0,0.21666666865348816,30,16.666666666666664,83.33333333333334,1.2999999523162842,0.45072808861732483,6.0,44,1,25,32.0,1.559999942779541,1.1040538549423218,rare
CA_2,HOUSEHOLD_2_158,HOUSEHOLD,CA,1584,2011-01-29,2015-05-31,180,2014-12-03,41.0,0.22777777910232544,30,16.666666666666664,83.33333333333334,1.3666666746139526,0.4810507297515869,6.0,93,0,25,52.0,1.5199999809265137,1.2637059688568115,rare
CA_2,HOUSEHOLD_2_184,HOUSEHOLD,CA,1584,2011-01-29,2015-05-31,180,2014-12-03,177.0,0.9833333492279053,99,55.00000000000001,44.99999999999999,1.7878787517547607,0.5963597893714905,1.8181818181818181,6,0,25,0.0,7.039999961853027,0.5105422735214233,occasional
CA_2,HOUSEHOLD_2_194,HOUSEHOLD,CA,492,2014-01-25,2015-05-31,180,2014-12-03,54.0,0.30000001192092896,44,24.444444444444443,75.55555555555556,1.2272727489471436,0.5725786685943604,4.090909090909091,27,27,25,20.0,1.840000033378601,0.7480282187461853,occasional
CA_2,HOUSEHOLD_2_267,HOUSEHOLD,CA,1234,2012-01-14,2015-05-31,180,2014-12-03,117.0,0.6499999761581421,75,41.66666666666667,58.33333333333333,1.559999942779541,0.4346386790275574,2.4,7,0,25,4.0,4.559999942779541,0.5515863299369812,occasional
CA_2,HOUSEHOLD_2_307,HOUSEHOLD,CA,520,2013-12-28,2015-05-31,180,2014-12-03,13.0,0.07222222536802292,11,6.111111111111111,93.88888888888889,1.1818181276321411,0.48650428652763367,16.363636363636363,79,11,25,68.0,0.5199999809265137,1.642627477645874,rare
CA_2,HOUSEHOLD_2_334,HOUSEHOLD,CA,1584,2011-01-29,2015-05-31,180,2014-12-03,59.0,0.32777777314186096,41,22.77777777777778,77.22222222222223,1.4390244483947754,0.6148595213890076,4.390243902439025,14,0,25,8.0,2.319999933242798,0.5937646627426147,occasional
CA_2,HOUSEHOLD_2_347,HOUSEHOLD,CA,1584,2011-01-29,2015-05-31,180,2014-12-03,132.0,0.7333333492279053,78,43.333333333333336,56.666666666666664,1.692307710647583,0.5622416138648987,2.3076923076923075,10,1,25,4.0,5.119999885559082,0.5393455028533936,occasional
CA_2,HOUSEHOLD_2_407,HOUSEHOLD,CA,1577,2011-02-05,2015-05-31,180,2014-12-03,23.0,0.12777778506278992,17,9.444444444444445,90.55555555555556,1.3529411554336548,0.43478262424468994,10.588235294117647,54,3,25,56.00000000000001,0.8799999952316284,1.4127517938613892,rare
CA_2,HOUSEHOLD_2_438,HOUSEHOLD,CA,1584,2011-01-29,2015-05-31,180,2014-12-03,166.0,0.9222221970558167,105,58.333333333333336,41.666666666666664,1.5809524059295654,0.6635809540748596,1.7142857142857142,6,1,25,0.0,6.239999771118164,0.4694829285144806,occasional
CA_3,FOODS_1_129,FOODS,CA,1584,2011-01-29,2015-05-31,180,2014-12-03,341.0,1.894444465637207,140,77.77777777777779,22.22222222222222,2.4357142448425293,0.7854586243629456,1.2857142857142858,3,1,25,0.0,13.239999771118164,0.3701862096786499,occasional
CA_3,FOODS_1_137,FOODS,CA,1584,2011-01-29,2015-05-31,180,2014-12-03,1148.0,6.377777576446533,117,65.0,35.0,9.811965942382812,0.764292299747467,1.5384615384615385,7,1,25,4.0,45.279998779296875,0.6504946947097778,occasional
CA_3,FOODS_1_187,FOODS,CA,1563,2011-02-19,2015-05-31,180,2014-12-03,292.0,1.6222221851348877,100,55.55555555555556,44.44444444444444,2.9200000762939453,0.8012233972549438,1.8,10,10,25,4.0,11.600000381469727,0.7158806324005127,occasional
CA_3,FOODS_3_002,FOODS,CA,590,2013-10-19,2015-05-31,180,2014-12-03,462.0,2.566666603088379,116,64.44444444444444,35.55555555555555,3.9827585220336914,0.7327535152435303,1.5517241379310345,26,0,25,16.0,16.399999618530273,0.7893927693367004,occasional
CA_3,FOODS_3_010,FOODS,CA,765,2013-04-27,2015-05-31,180,2014-12-03,256.0,1.4222222566604614,136,75.55555555555556,24.444444444444446,1.8823529481887817,0.5906581282615662,1.3235294117647058,4,0,25,0.0,9.920000076293945,0.3173978924751282,occasional
CA_3,FOODS_3_034,FOODS,CA,653,2013-08-17,2015-05-31,180,2014-12-03,463.0,2.5722222328186035,141,78.33333333333333,21.666666666666668,3.2836878299713135,0.6222401857376099,1.2765957446808511,13,0,25,4.0,17.8799991607666,0.497811883687973,occasional
CA_3,FOODS_3_123,FOODS,CA,1584,2011-01-29,2015-05-31,180,2014-12-03,131.0,0.7277777791023254,51,28.333333333333332,71.66666666666667,2.56862735748291,1.2171683311462402,3.5294117647058822,40,40,25,32.0,4.679999828338623,1.0532606840133667,occasional
CA_3,FOODS_3_317,FOODS,CA,1584,2011-01-29,2015-05-31,180,2014-12-03,396.0,2.200000047683716,109,60.55555555555555,39.44444444444445,3.6330275535583496,0.6561090350151062,1.651376146788991,14,0,25,8.0,14.800000190734863,0.7076231241226196,occasional
CA_3,FOODS_3_381,FOODS,CA,912,2012-12-01,2015-05-31,180,2014-12-03,147.0,0.8166666626930237,71,39.44444444444444,60.555555555555564,2.070422649383545,0.6893945336341858,2.535211267605634,76,0,25,40.0,5.880000114440918,1.071639060974121,occasional
CA_3,FOODS_3_415,FOODS,CA,1521,2011-04-02,2015-05-31,180,2014-12-03,107.0,0.5944444537162781,65,36.11111111111111,63.888888888888886,1.6461538076400757,0.5266916751861572,2.769230769230769,36,0,25,36.0,3.9200000762939453,0.9917401075363159,occasional
CA_3,FOODS_3_440,FOODS,CA,457,2014-03-01,2015-05-31,180,2014-12-03,310.0,1.7222222089767456,125,69.44444444444444,30.555555555555557,2.4800000190734863,0.5693342089653015,1.44,5,0,25,0.0,12.039999961853027,0.36581072211265564,occasional
CA_3,FOODS_3_477,FOODS,CA,1584,2011-01-29,2015-05-31,180,2014-12-03,767.0,4.261111259460449,176,97.77777777777777,2.2222222222222254,4.357954502105713,0.475089967250824,1.0227272727272727,1,0,25,0.0,29.399999618530273,0.1853039264678955,regular
CA_3,FOODS_3_486,FOODS,CA,1584,2011-01-29,2015-05-31,180,2014-12-03,217.0,1.2055555582046509,99,55.00000000000001,44.99999999999999,2.1919190883636475,0.6342728734016418,1.8181818181818181,26,0,25,12.0,8.680000305175781,0.8241764903068542,occasional
CA_3,FOODS_3_514,FOODS,CA,674,2013-07-27,2015-05-31,180,2014-12-03,648.0,3.5999999046325684,144,80.0,19.999999999999996,4.5,0.9700592756271362,1.25,16,0,25,8.0,25.239999771118164,0.8494720458984375,regular
CA_3,FOODS_3_593,FOODS,CA,1416,2011-07-16,2015-05-31,180,2014-12-03,93.0,0.5166666507720947,68,37.77777777777778,62.22222222222222,1.3676470518112183,0.394639790058136,2.6470588235294117,10,5,25,4.0,3.680000066757202,0.5473772883415222,occasional
CA_3,FOODS_3_609,FOODS,CA,1038,2012-07-28,2015-05-31,180,2014-12-03,202.0,1.1222221851348877,81,45.0,55.00000000000001,2.4938271045684814,0.7668634653091431,2.2222222222222223,16,11,25,20.0,7.840000152587891,1.0466523170471191,occasional
CA_3,FOODS_3_785,FOODS,CA,1584,2011-01-29,2015-05-31,180,2014-12-03,3083.0,17.127777099609375,155,86.11111111111111,13.888888888888884,19.890321731567383,0.707431972026825,1.1612903225806452,12,0,25,4.0,118.23999786376953,0.4573010206222534,regular
CA_3,HOBBIES_1_025,HOBBIES,CA,1374,2011-08-27,2015-05-31,180,2014-12-03,144.0,0.800000011920929,78,43.333333333333336,56.666666666666664,1.8461538553237915,0.8140121102333069,2.3076923076923075,6,0,25,0.0,5.480000019073486,0.6571775674819946,occasional
CA_3,HOBBIES_1_038,HOBBIES,CA,1584,2011-01-29,2015-05-31,180,2014-12-03,73.0,0.4055555462837219,62,34.44444444444444,65.55555555555556,1.1774193048477173,0.3585275113582611,2.903225806451613,10,1,25,0.0,2.7200000286102295,0.471047580242157,occasional
CA_3,HOBBIES_1_090,HOBBIES,CA,709,2013-06-22,2015-05-31,180,2014-12-03,740.0,4.111111164093018,139,77.22222222222223,22.777777777777775,5.3237409591674805,1.122562289237976,1.2949640287769784,4,0,25,0.0,27.959999084472656,0.5434907078742981,occasional
CA_3,HOBBIES_1_093,HOBBIES,CA,1066,2012-06-30,2015-05-31,180,2014-12-03,26.0,0.14444445073604584,24,13.333333333333334,86.66666666666667,1.0833333730697632,0.2551249861717224,7.5,32,4,25,32.0,1.0399999618530273,0.9214730262756348,rare
CA_3,HOBBIES_1_113,HOBBIES,CA,723,2013-06-08,2015-05-31,180,2014-12-03,69.0,0.38333332538604736,61,33.88888888888889,66.11111111111111,1.1311475038528442,0.2984240651130676,2.9508196721311477,15,0,25,8.0,2.759999990463257,0.5822408199310303,occasional
CA_3,HOBBIES_1_201,HOBBIES,CA,1584,2011-01-29,2015-05-31,180,2014-12-03,349.0,1.9388889074325562,158,87.77777777777777,12.222222222222223,2.2088608741760254,0.560411810874939,1.139240506329114,5,0,25,0.0,13.600000381469727,0.3248635232448578,regular
CA_3,HOBBIES_1_210,HOBBIES,CA,1213,2012-02-04,2015-05-31,180,2014-12-03,118.0,0.6555555462837219,61,33.88888888888889,66.11111111111111,1.934426188468933,0.742190957069397,2.9508196721311477,37,0,25,32.0,4.679999828338623,1.0670418739318848,occasional
CA_3,HOBBIES_1_254,HOBBIES,CA,1584,2011-01-29,2015-05-31,180,2014-12-03,1894.0,10.522222518920898,169,93.88888888888889,6.111111111111112,11.207100868225098,1.1544575691223145,1.0650887573964498,1,0,25,0.0,72.19999694824219,0.3326869010925293,regular
CA_3,HOBBIES_1_316,HOBBIES,CA,1122,2012-05-05,2015-05-31,180,2014-12-03,71.0,0.39444443583488464,37,20.555555555555554,79.44444444444446,1.9189189672470093,0.6894217729568481,4.864864864864865,118,0,25,64.0,2.8399999141693115,1.51262629032135,occasional
CA_3,HOBBIES_1_353,HOBBIES,CA,695,2013-07-06,2015-05-31,180,2014-12-03,1479.0,8.216666221618652,167,92.77777777777779,7.222222222222219,8.856287002563477,1.0788867473602295,1.0778443113772456,2,0,25,0.0,54.119998931884766,0.3166637122631073,regular
CA_3,HOBBIES_1_385,HOBBIES,CA,478,2014-02-08,2015-05-31,180,2014-12-03,31.0,0.17222222685813904,28,15.555555555555555,84.44444444444444,1.1071428060531616,0.2793630361557007,6.428571428571429,42,0,25,44.0,1.2000000476837158,1.154700517654419,rare
CA_3,HOBBIES_1_393,HOBBIES,CA,660,2013-08-10,2015-05-31,180,2014-12-03,36.0,0.20000000298023224,32,17.77777777777778,82.22222222222221,1.125,0.36851388216018677,5.625,20,6,25,20.0,1.399999976158142,0.6998541951179504,rare
CA_3,HOBBIES_1_424,HOBBIES,CA,1584,2011-01-29,2015-05-31,180,2014-12-03,147.0,0.8166666626930237,77,42.77777777777778,57.22222222222222,1.9090908765792847,0.6549010276794434,2.3376623376623376,9,1,25,8.0,5.840000152587891,0.5253920555114746,occasional
CA_3,HOBBIES_2_005,HOBBIES,CA,961,2012-10-13,2015-05-31,180,2014-12-03,17.0,0.09444444626569748,15,8.333333333333332,91.66666666666666,1.1333333253860474,0.29994234442710876,12.0,93,4,25,72.0,0.6399999856948853,1.8157299757003784,rare
CA_3,HOBBIES_2_008,HOBBIES,CA,1542,2011-03-12,2015-05-31,180,2014-12-03,19.0,0.10555555671453476,17,9.444444444444445,90.55555555555556,1.1176470518112183,0.2882750332355499,10.588235294117647,109,0,25,64.0,0.7599999904632568,1.634123682975769,rare
CA_3,HOBBIES_2_017,HOBBIES,CA,1129,2012-04-28,2015-05-31,180,2014-12-03,121.0,0.6722221970558167,81,45.0,55.00000000000001,1.4938271045684814,0.759431779384613,2.2222222222222223,8,1,25,0.0,4.800000190734863,0.6795627474784851,occasional
CA_3,HOBBIES_2_079,HOBBIES,CA,1402,2011-07-30,2015-05-31,180,2014-12-03,14.0,0.07777778059244156,12,6.666666666666667,93.33333333333333,1.1666666269302368,0.31943830847740173,15.0,100,1,25,72.0,0.4000000059604645,1.8708285093307495,rare
CA_3,HOBBIES_2_120,HOBBIES,CA,1584,2011-01-29,2015-05-31,180,2014-12-03,193.0,1.0722222328186035,109,60.55555555555555,39.44444444444445,1.7706421613693237,0.7079320549964905,1.651376146788991,5,1,25,0.0,7.599999904632568,0.4692777395248413,occasional
CA_3,HOUSEHOLD_1_104,HOUSEHOLD,CA,688,2013-07-13,2015-05-31,180,2014-12-03,45.0,0.25,35,19.444444444444446,80.55555555555556,1.2857142686843872,0.3975231945514679,5.142857142857143,20,20,25,28.000000000000004,1.6799999475479126,0.9178255796432495,rare
CA_3,HOUSEHOLD_1_170,HOUSEHOLD,CA,1017,2012-08-18,2015-05-31,180,2014-12-03,271.0,1.505555510520935,122,67.77777777777779,32.22222222222222,2.221311569213867,0.6059417724609375,1.4754098360655739,6,0,25,0.0,10.5600004196167,0.26390397548675537,occasional
CA_3,HOUSEHOLD_1_256,HOUSEHOLD,CA,1584,2011-01-29,2015-05-31,180,2014-12-03,347.0,1.9277777671813965,144,80.0,19.999999999999996,2.409722328186035,0.5563601851463318,1.25,3,0,25,0.0,13.640000343322754,0.3271339535713196,regular
CA_3,HOUSEHOLD_1_330,HOUSEHOLD,CA,457,2014-03-01,2015-05-31,180,2014-12-03,518.0,2.8777778148651123,164,91.11111111111111,8.888888888888891,3.158536672592163,0.6165165901184082,1.0975609756097562,2,1,25,0.0,20.31999969482422,0.23733335733413696,regular
CA_3,HOUSEHOLD_1_414,HOUSEHOLD,CA,1199,2012-02-18,2015-05-31,180,2014-12-03,2403.0,13.350000381469727,164,91.11111111111111,8.888888888888891,14.65243911743164,0.5825555920600891,1.0975609756097562,13,0,25,4.0,94.87999725341797,0.42053326964378357,regular
CA_3,HOUSEHOLD_1_460,HOUSEHOLD,CA,1584,2011-01-29,2015-05-31,180,2014-12-03,156.0,0.8666666746139526,87,48.333333333333336,51.66666666666666,1.7931034564971924,0.4642017185688019,2.0689655172413794,52,52,25,28.000000000000004,5.960000038146973,0.7555627822875977,occasional
CA_3,HOUSEHOLD_1_462,HOUSEHOLD,CA,1353,2011-09-17,2015-05-31,180,2014-12-03,1535.0,8.527777671813965,161,89.44444444444444,10.555555555555552,9.534161567687988,0.5770987272262573,1.1180124223602483,3,0,25,0.0,58.959999084472656,0.23689021170139313,regular
CA_3,HOUSEHOLD_2_049,HOUSEHOLD,CA,912,2012-12-01,2015-05-31,180,2014-12-03,155.0,0.8611111044883728,100,55.55555555555556,44.44444444444444,1.5499999523162842,0.6145986914634705,1.8,12,0,25,4.0,5.840000152587891,0.42410480976104736,occasional
CA_3,HOUSEHOLD_2_120,HOUSEHOLD,CA,247,2014-09-27,2015-05-31,180,2014-12-03,30.0,0.1666666716337204,26,14.444444444444443,85.55555555555556,1.1538461446762085,0.31269440054893494,6.923076923076923,22,18,25,52.0,1.159999966621399,1.1865276098251343,rare
CA_3,HOUSEHOLD_2_158,HOUSEHOLD,CA,1570,2011-02-12,2015-05-31,180,2014-12-03,19.0,0.10555555671453476,16,8.88888888888889,91.11111111111111,1.1875,0.44348153471946716,11.25,62,62,25,64.0,0.6800000071525574,1.9385007619857788,rare
CA_3,HOUSEHOLD_2_184,HOUSEHOLD,CA,1584,2011-01-29,2015-05-31,180,2014-12-03,64.0,0.35555556416511536,52,28.888888888888886,71.11111111111111,1.2307692766189575,0.46770721673965454,3.4615384615384617,22,0,25,16.0,2.359999895095825,0.7078174352645874,occasional
CA_3,HOUSEHOLD_2_194,HOUSEHOLD,CA,492,2014-01-25,2015-05-31,180,2014-12-03,48.0,0.2666666805744171,37,20.555555555555554,79.44444444444446,1.2972972393035889,0.46955952048301697,4.864864864864865,24,24,25,20.0,1.7599999904632568,0.8695966005325317,occasional
CA_3,HOUSEHOLD_2_267,HOUSEHOLD,CA,597,2013-10-12,2015-05-31,180,2014-12-03,79.0,0.43888887763023376,58,32.22222222222222,67.77777777777779,1.362069010734558,0.4662972092628479,3.103448275862069,20,20,25,12.0,3.119999885559082,0.7040784358978271,occasional
CA_3,HOUSEHOLD_2_307,HOUSEHOLD,CA,520,2013-12-28,2015-05-31,180,2014-12-03,18.0,0.10000000149011612,14,7.777777777777778,92.22222222222223,1.2857142686843872,0.4581228494644165,12.857142857142858,35,8,25,56.00000000000001,0.6800000071525574,1.3618632555007935,rare
CA_3,HOUSEHOLD_2_334,HOUSEHOLD,CA,1570,2011-02-12,2015-05-31,180,2014-12-03,38.0,0.21111111342906952,28,15.555555555555555,84.44444444444444,1.3571428060531616,0.6293821334838867,6.428571428571429,25,5,25,32.0,1.440000057220459,1.0030815601348877,rare
CA_3,HOUSEHOLD_2_347,HOUSEHOLD,CA,1584,2011-01-29,2015-05-31,180,2014-12-03,90.0,0.5,69,38.333333333333336,61.66666666666667,1.3043478727340698,0.4388537108898163,2.608695652173913,7,0,25,0.0,3.559999942779541,0.38987308740615845,occasional
CA_3,HOUSEHOLD_2_407,HOUSEHOLD,CA,1577,2011-02-05,2015-05-31,180,2014-12-03,52.0,0.2888889014720917,41,22.77777777777778,77.22222222222223,1.2682926654815674,0.5231335163116455,4.390243902439025,15,1,25,16.0,2.0799999237060547,0.692307710647583,occasional
CA_3,HOUSEHOLD_2_438,HOUSEHOLD,CA,1584,2011-01-29,2015-05-31,180,2014-12-03,153.0,0.8500000238418579,87,48.333333333333336,51.66666666666666,1.7586207389831543,0.5381748676300049,2.0689655172413794,18,2,25,12.0,5.639999866485596,0.6281302571296692,occasional
CA_4,FOODS_1_129,FOODS,CA,1584,2011-01-29,2015-05-31,180,2014-12-03,72.0,0.4000000059604645,52,28.888888888888886,71.11111111111111,1.384615421295166,0.5692750215530396,3.4615384615384617,11,1,25,4.0,2.8399999141693115,0.7821658253669739,occasional
CA_4,FOODS_1_137,FOODS,CA,1584,2011-01-29,2015-05-31,180,2014-12-03,347.0,1.9277777671813965,101,56.111111111111114,43.888888888888886,3.4356436729431152,0.7274245619773865,1.7821782178217822,29,0,25,16.0,12.640000343322754,0.7831494808197021,occasional
CA_4,FOODS_1_187,FOODS,CA,1584,2011-01-29,2015-05-31,180,2014-12-03,101.0,0.5611110925674438,71,39.44444444444444,60.555555555555564,1.4225351810455322,0.5616576075553894,2.535211267605634,24,24,25,12.0,4.0,0.7449832558631897,occasional
CA_4,FOODS_3_002,FOODS,CA,583,2013-10-26,2015-05-31,180,2014-12-03,212.0,1.1777777671813965,116,64.44444444444444,35.55555555555555,1.8275861740112305,0.5760127305984497,1.5517241379310345,8,0,25,0.0,8.119999885559082,0.34714215993881226,occasional
CA_4,FOODS_3_010,FOODS,CA,765,2013-04-27,2015-05-31,180,2014-12-03,183.0,1.0166666507720947,106,58.88888888888889,41.11111111111111,1.7264150381088257,0.6034974455833435,1.6981132075471699,4,3,25,0.0,7.199999809265137,0.42127087712287903,occasional
CA_4,FOODS_3_034,FOODS,CA,639,2013-08-31,2015-05-31,180,2014-12-03,208.0,1.1555556058883667,108,60.0,40.0,1.9259259700775146,0.5273580551147461,1.6666666666666667,35,0,25,20.0,7.760000228881836,0.6451334953308105,occasional
CA_4,FOODS_3_123,FOODS,CA,1584,2011-01-29,2015-05-31,180,2014-12-03,63.0,0.3499999940395355,37,20.555555555555554,79.44444444444446,1.7027027606964111,0.5607466697692871,4.864864864864865,62,62,25,32.0,2.440000057220459,0.9841529130935669,occasional
CA_4,FOODS_3_317,FOODS,CA,1584,2011-01-29,2015-05-31,180,2014-12-03,284.0,1.5777777433395386,93,51.66666666666667,48.33333333333333,3.0537633895874023,0.7128694653511047,1.935483870967742,58,0,25,28.000000000000004,11.279999732971191,0.7859712243080139,occasional
CA_4,FOODS_3_381,FOODS,CA,891,2012-12-22,2015-05-31,180,2014-12-03,146.0,0.8111110925674438,59,32.77777777777778,67.22222222222223,2.474576234817505,0.6458726525306702,3.0508474576271185,77,32,25,56.00000000000001,5.840000152587891,1.238268256187439,occasional
CA_4,FOODS_3_415,FOODS,CA,1430,2011-07-02,2015-05-31,180,2014-12-03,65.0,0.3611111044883728,42,23.333333333333332,76.66666666666666,1.547619104385376,0.4277365803718567,4.285714285714286,90,2,25,48.0,2.5999999046325684,1.1147212982177734,occasional
CA_4,FOODS_3_440,FOODS,CA,450,2014-03-08,2015-05-31,180,2014-12-03,156.0,0.8666666746139526,71,39.44444444444444,60.555555555555564,2.197183132171631,0.6419224143028259,2.535211267605634,7,3,25,0.0,6.039999961853027,0.39867329597473145,occasional
CA_4,FOODS_3_477,FOODS,CA,1584,2011-01-29,2015-05-31,180,2014-12-03,619.0,3.4388887882232666,169,93.88888888888889,6.111111111111112,3.662721872329712,0.5082977414131165,1.0650887573964498,1,0,25,0.0,24.15999984741211,0.23579785227775574,regular
CA_4,FOODS_3_486,FOODS,CA,1479,2011-05-14,2015-05-31,180,2014-12-03,11.0,0.06111111119389534,7,3.888888888888889,96.11111111111111,1.5714285373687744,0.5749595761299133,25.714285714285715,92,58,25,84.0,0.4399999976158142,2.5777175426483154,rare
CA_4,FOODS_3_514,FOODS,CA,660,2013-08-10,2015-05-31,180,2014-12-03,253.0,1.4055556058883667,114,63.33333333333333,36.66666666666667,2.2192983627319336,0.5591034889221191,1.5789473684210527,21,0,25,12.0,9.84000015258789,0.4815657436847687,occasional
CA_4,FOODS_3_593,FOODS,CA,1416,2011-07-16,2015-05-31,180,2014-12-03,63.0,0.3499999940395355,53,29.444444444444446,70.55555555555554,1.1886792182922363,0.32914984226226807,3.3962264150943398,10,9,25,16.0,2.359999895095825,0.6096985340118408,occasional
CA_4,FOODS_3_609,FOODS,CA,1017,2012-08-18,2015-05-31,180,2014-12-03,99.0,0.550000011920929,51,28.333333333333332,71.66666666666667,1.941176414489746,0.5896775722503662,3.5294117647058822,89,89,25,48.0,3.640000104904175,1.1390467882156372,occasional
CA_4,FOODS_3_785,FOODS,CA,1584,2011-01-29,2015-05-31,180,2014-12-03,836.0,4.644444465637207,146,81.11111111111111,18.88888888888889,5.726027488708496,0.7627565860748291,1.2328767123287672,27,0,25,12.0,32.880001068115234,0.415706068277359,regular
CA_4,HOBBIES_1_025,HOBBIES,CA,1367,2011-09-03,2015-05-31,180,2014-12-03,11.0,0.06111111119389534,11,6.111111111111111,93.88888888888889,1.0,0.0,16.363636363636363,36,7,25,64.0,0.4000000059604645,1.4142136573791504,rare
CA_4,HOBBIES_1_038,HOBBIES,CA,1584,2011-01-29,2015-05-31,180,2014-12-03,12.0,0.06666667014360428,10,5.555555555555555,94.44444444444444,1.2000000476837158,0.3333333134651184,18.0,96,6,25,72.0,0.4000000059604645,1.7320507764816284,rare
CA_4,HOBBIES_1_090,HOBBIES,CA,709,2013-06-22,2015-05-31,180,2014-12-03,477.0,2.6500000953674316,122,67.77777777777779,32.22222222222222,3.9098360538482666,0.9889513850212097,1.4754098360655739,10,1,25,0.0,17.360000610351562,0.5016166567802429,occasional
CA_4,HOBBIES_1_093,HOBBIES,CA,1066,2012-06-30,2015-05-31,180,2014-12-03,21.0,0.11666666716337204,21,11.666666666666666,88.33333333333333,1.0,0.0,8.571428571428571,26,26,25,44.0,0.8399999737739563,0.9920317530632019,rare
CA_4,HOBBIES_1_113,HOBBIES,CA,730,2013-06-01,2015-05-31,180,2014-12-03,23.0,0.12777778506278992,23,12.777777777777777,87.22222222222223,1.0,0.0,7.826086956521739,26,0,25,36.0,0.8799999952316284,1.0325287580490112,rare
CA_4,HOBBIES_1_201,HOBBIES,CA,1584,2011-01-29,2015-05-31,180,2014-12-03,99.0,0.550000011920929,74,41.11111111111111,58.88888888888889,1.337837815284729,0.4126605987548828,2.4324324324324325,8,1,25,0.0,3.9200000762939453,0.5538475513458252,occasional
CA_4,HOBBIES_1_210,HOBBIES,CA,1206,2012-02-11,2015-05-31,180,2014-12-03,105.0,0.5833333134651184,60,33.33333333333333,66.66666666666667,1.75,0.6811355352401733,3.0,14,2,25,12.0,4.0,0.7483314871788025,occasional
CA_4,HOBBIES_1_254,HOBBIES,CA,1584,2011-01-29,2015-05-31,180,2014-12-03,595.0,3.305555582046509,150,83.33333333333334,16.666666666666664,3.9666666984558105,0.9230318069458008,1.2,2,0,25,0.0,23.0,0.4197397530078888,regular
CA_4,HOBBIES_1_316,HOBBIES,CA,1122,2012-05-05,2015-05-31,180,2014-12-03,71.0,0.39444443583488464,19,10.555555555555555,89.44444444444444,3.736842155456543,2.056144952774048,9.473684210526315,140,0,25,76.0,2.8399999141693115,2.6078786849975586,rare
CA_4,HOBBIES_1_353,HOBBIES,CA,709,2013-06-22,2015-05-31,180,2014-12-03,466.0,2.5888888835906982,131,72.77777777777777,27.222222222222225,3.5572519302368164,0.753160834312439,1.3740458015267176,5,2,25,0.0,17.719999313354492,0.3451289236545563,occasional
CA_4,HOBBIES_1_385,HOBBIES,CA,464,2014-02-22,2015-05-31,180,2014-12-03,14.0,0.07777778059244156,13,7.222222222222221,92.77777777777779,1.076923131942749,0.2474358230829239,13.846153846153847,89,7,25,68.0,0.5600000023841858,1.6812288761138916,rare
CA_4,HOBBIES_1_393,HOBBIES,CA,478,2014-02-08,2015-05-31,180,2014-12-03,37.0,0.20555555820465088,34,18.88888888888889,81.11111111111111,1.0882352590560913,0.2606392204761505,5.294117647058823,23,3,25,20.0,1.4800000190734863,0.8356553912162781,rare
CA_4,HOBBIES_1_424,HOBBIES,CA,1192,2012-02-25,2015-05-31,180,2014-12-03,169.0,0.9388889074325562,86,47.77777777777778,52.222222222222214,1.965116262435913,0.5288829207420349,2.0930232558139537,8,0,25,4.0,6.559999942779541,0.5913062691688538,occasional
CA_4,HOBBIES_2_005,HOBBIES,CA,730,2013-06-01,2015-05-31,180,2014-12-03,8.0,0.04444444552063942,8,4.444444444444445,95.55555555555556,1.0,0.0,22.5,53,1,25,68.0,0.3199999928474426,1.457737922668457,rare
CA_4,HOBBIES_2_008,HOBBIES,CA,1269,2011-12-10,2015-05-31,180,2014-12-03,8.0,0.04444444552063942,7,3.888888888888889,96.11111111111111,1.1428571939468384,0.3061861991882324,25.714285714285715,82,14,25,76.0,0.3199999928474426,1.9202866554260254,rare
CA_4,HOBBIES_2_017,HOBBIES,CA,1108,2012-05-19,2015-05-31,180,2014-12-03,21.0,0.11666666716337204,19,10.555555555555555,89.44444444444444,1.105263113975525,0.40406104922294617,9.473684210526315,27,1,25,40.0,0.800000011920929,1.0000001192092896,rare
CA_4,HOBBIES_2_079,HOBBIES,CA,1304,2011-11-05,2015-05-31,180,2014-12-03,5.0,0.02777777798473835,5,2.7777777777777777,97.22222222222221,1.0,0.0,36.0,58,42,25,84.0,0.20000000298023224,2.4494895935058594,rare
CA_4,HOBBIES_2_120,HOBBIES,CA,1584,2011-01-29,2015-05-31,180,2014-12-03,46.0,0.25555557012557983,30,16.666666666666664,83.33333333333334,1.5333333015441895,1.290506362915039,6.0,20,3,25,24.0,1.7999999523162842,1.3517249822616577,rare
CA_4,HOUSEHOLD_1_104,HOUSEHOLD,CA,674,2013-07-27,2015-05-31,180,2014-12-03,16.0,0.08888889104127884,11,6.111111111111111,93.88888888888889,1.454545497894287,0.45069390535354614,16.363636363636363,42,5,25,68.0,0.6399999856948853,1.8687397241592407,rare
CA_4,HOUSEHOLD_1_170,HOUSEHOLD,CA,1199,2012-02-18,2015-05-31,180,2014-12-03,117.0,0.6499999761581421,80,44.44444444444444,55.55555555555556,1.462499976158142,0.5506688952445984,2.25,10,0,25,0.0,4.599999904632568,0.4215373694896698,occasional
CA_4,HOUSEHOLD_1_256,HOUSEHOLD,CA,1584,2011-01-29,2015-05-31,180,2014-12-03,61.0,0.33888888359069824,44,24.444444444444443,75.55555555555556,1.3863636255264282,0.44079768657684326,4.090909090909091,97,0,25,52.0,2.440000057220459,1.1939109563827515,occasional
CA_4,HOUSEHOLD_1_330,HOUSEHOLD,CA,457,2014-03-01,2015-05-31,180,2014-12-03,107.0,0.5944444537162781,78,43.333333333333336,56.666666666666664,1.3717948198318481,0.48282590508461,2.3076923076923075,7,0,25,0.0,4.199999809265137,0.5302633047103882,occasional
CA_4,HOUSEHOLD_1_414,HOUSEHOLD,CA,681,2013-07-20,2015-05-31,180,2014-12-03,184.0,1.0222222805023193,85,47.22222222222222,52.77777777777778,2.164705991744995,0.656552255153656,2.1176470588235294,19,0,25,16.0,7.199999809265137,0.6712803840637207,occasional
CA_4,HOUSEHOLD_1_460,HOUSEHOLD,CA,1584,2011-01-29,2015-05-31,180,2014-12-03,33.0,0.18333333730697632,26,14.444444444444443,85.55555555555556,1.2692307233810425,0.4121658205986023,6.923076923076923,54,54,25,40.0,1.3200000524520874,1.0653572082519531,rare
CA_4,HOUSEHOLD_1_462,HOUSEHOLD,CA,1584,2011-01-29,2015-05-31,180,2014-12-03,47.0,0.2611111104488373,28,15.555555555555555,84.44444444444444,1.6785714626312256,0.4518459737300873,6.428571428571429,41,0,25,40.0,1.8799999952316284,1.0349265336990356,rare
CA_4,HOUSEHOLD_2_049,HOUSEHOLD,CA,912,2012-12-01,2015-05-31,180,2014-12-03,76.0,0.42222222685813904,62,34.44444444444444,65.55555555555556,1.225806474685669,0.3990986943244934,2.903225806451613,10,0,25,4.0,2.9600000381469727,0.5188203454017639,occasional
CA_4,HOUSEHOLD_2_120,HOUSEHOLD,CA,247,2014-09-27,2015-05-31,180,2014-12-03,21.0,0.11666666716337204,20,11.11111111111111,88.88888888888889,1.0499999523162842,0.20756663382053375,9.0,38,13,25,56.00000000000001,0.800000011920929,1.2747548818588257,rare
CA_4,HOUSEHOLD_2_158,HOUSEHOLD,CA,1577,2011-02-05,2015-05-31,180,2014-12-03,13.0,0.07222222536802292,12,6.666666666666667,93.33333333333333,1.0833333730697632,0.2551249861717224,15.0,92,3,25,68.0,0.5199999809265137,1.6426275968551636,rare
CA_4,HOUSEHOLD_2_184,HOUSEHOLD,CA,1584,2011-01-29,2015-05-31,180,2014-12-03,117.0,0.6499999761581421,73,40.55555555555556,59.44444444444444,1.602739691734314,0.6751596331596375,2.4657534246575343,10,2,25,0.0,4.559999942779541,0.6174092888832092,occasional
CA_4,HOUSEHOLD_2_194,HOUSEHOLD,CA,261,2014-09-13,2015-05-31,180,2014-12-03,22.0,0.12222222238779068,21,11.666666666666666,88.33333333333333,1.047619104385376,0.20327891409397125,8.571428571428571,32,19,25,48.0,0.8399999737739563,1.1004019975662231,rare
CA_4,HOUSEHOLD_2_267,HOUSEHOLD,CA,1073,2012-06-23,2015-05-31,180,2014-12-03,19.0,0.10555555671453476,15,8.333333333333332,91.66666666666666,1.2666666507720947,0.6092545390129089,12.0,75,3,25,64.0,0.7599999904632568,1.675966739654541,rare
CA_4,HOUSEHOLD_2_307,HOUSEHOLD,CA,520,2013-12-28,2015-05-31,180,2014-12-03,2.0,0.011111111380159855,2,1.1111111111111112,98.88888888888889,1.0,0.0,90.0,113,113,25,92.0,0.07999999821186066,3.391165018081665,rare
CA_4,HOUSEHOLD_2_334,HOUSEHOLD,CA,618,2013-09-21,2015-05-31,180,2014-12-03,12.0,0.06666667014360428,11,6.111111111111111,93.88888888888889,1.0909091234207153,0.263523131608963,16.363636363636363,49,49,25,68.0,0.4000000059604645,1.5811389684677124,rare
CA_4,HOUSEHOLD_2_347,HOUSEHOLD,CA,1577,2011-02-05,2015-05-31,180,2014-12-03,25.0,0.1388888955116272,24,13.333333333333334,86.66666666666667,1.0416666269302368,0.1918332725763321,7.5,25,6,25,32.0,1.0,0.8485281467437744,rare
CA_4,HOUSEHOLD_2_407,HOUSEHOLD,CA,1584,2011-01-29,2015-05-31,180,2014-12-03,31.0,0.17222222685813904,28,15.555555555555555,84.44444444444444,1.1071428060531616,0.2793630361557007,6.428571428571429,19,6,25,24.0,1.2400000095367432,0.8312321305274963,rare
CA_4,HOUSEHOLD_2_438,HOUSEHOLD,CA,1017,2012-08-18,2015-05-31,180,2014-12-03,60.0,0.3333333432674408,54,30.0,70.0,1.1111111640930176,0.2828426957130432,3.3333333333333335,21,2,25,12.0,2.240000009536743,0.5960114002227783,occasional
TX_1,FOODS_1_129,FOODS,TX,1584,2011-01-29,2015-05-31,180,2014-12-03,1061.0,5.894444465637207,159,88.33333333333333,11.66666666666667,6.6729559898376465,0.47967037558555603,1.1320754716981132,6,0,25,0.0,41.400001525878906,0.3163421154022217,regular
TX_1,FOODS_1_137,FOODS,TX,1584,2011-01-29,2015-05-31,180,2014-12-03,600.0,3.3333332538604736,106,58.88888888888889,41.11111111111111,5.660377502441406,0.9435747861862183,1.6981132075471699,36,0,25,16.0,20.84000015258789,0.7920437455177307,occasional
TX_1,FOODS_1_187,FOODS,TX,1577,2011-02-05,2015-05-31,180,2014-12-03,120.0,0.6666666865348816,69,38.333333333333336,61.66666666666667,1.7391303777694702,0.7871361374855042,2.608695652173913,20,20,25,16.0,4.71999979019165,0.8184002041816711,occasional
TX_1,FOODS_3_002,FOODS,TX,583,2013-10-26,2015-05-31,180,2014-12-03,367.0,2.038888931274414,131,72.77777777777777,27.222222222222225,2.8015267848968506,0.6810135841369629,1.3740458015267176,7,2,25,0.0,13.279999732971191,0.519750714302063,occasional
TX_1,FOODS_3_010,FOODS,TX,758,2013-05-04,2015-05-31,180,2014-12-03,47.0,0.2611111104488373,40,22.22222222222222,77.77777777777779,1.1749999523162842,0.32337626814842224,4.5,13,6,25,12.0,1.840000033378601,0.5889659523963928,occasional
TX_1,FOODS_3_034,FOODS,TX,646,2013-08-24,2015-05-31,180,2014-12-03,269.0,1.494444489479065,122,67.77777777777779,32.22222222222222,2.204918146133423,0.5805091857910156,1.4754098360655739,22,0,25,12.0,10.279999732971191,0.5794399976730347,occasional
TX_1,FOODS_3_123,FOODS,TX,1584,2011-01-29,2015-05-31,180,2014-12-03,52.0,0.2888889014720917,34,18.88888888888889,81.11111111111111,1.529411792755127,0.507342517375946,5.294117647058823,58,3,25,36.0,2.0799999237060547,1.0168696641921997,rare
TX_1,FOODS_3_317,FOODS,TX,1584,2011-01-29,2015-05-31,180,2014-12-03,87.0,0.4833333194255829,44,24.444444444444443,75.55555555555556,1.9772727489471436,0.7028432488441467,4.090909090909091,59,0,25,48.0,3.319999933242798,1.4248484373092651,occasional
TX_1,FOODS_3_381,FOODS,TX,905,2012-12-08,2015-05-31,180,2014-12-03,40.0,0.2222222238779068,27,15.0,85.0,1.4814814329147339,0.5315073132514954,6.666666666666667,76,33,25,60.0,1.600000023841858,1.4895468950271606,rare
TX_1,FOODS_3_415,FOODS,TX,1430,2011-07-02,2015-05-31,180,2014-12-03,38.0,0.21111111342906952,25,13.88888888888889,86.11111111111111,1.5199999809265137,0.5619515180587769,7.2,86,5,25,44.0,1.399999976158142,1.1605769395828247,rare
TX_1,FOODS_3_440,FOODS,TX,443,2014-03-15,2015-05-31,180,2014-12-03,58.0,0.3222222328186035,44,24.444444444444443,75.55555555555556,1.3181818723678589,0.5549474954605103,4.090909090909091,15,0,25,20.0,2.200000047683716,0.7713891863822937,occasional
TX_1,FOODS_3_477,FOODS,TX,1584,2011-01-29,2015-05-31,180,2014-12-03,442.0,2.4555554389953613,164,91.11111111111111,8.888888888888891,2.695122003555298,0.556377112865448,1.0975609756097562,2,0,25,0.0,16.920000076293945,0.23278550803661346,regular
TX_1,FOODS_3_486,FOODS,TX,1584,2011-01-29,2015-05-31,180,2014-12-03,49.0,0.27222222089767456,39,21.666666666666668,78.33333333333333,1.2564102411270142,0.4671642482280731,4.615384615384615,36,0,25,20.0,1.9600000381469727,0.8473689556121826,occasional
TX_1,FOODS_3_514,FOODS,TX,611,2013-09-28,2015-05-31,180,2014-12-03,83.0,0.4611110985279083,44,24.444444444444443,75.55555555555556,1.8863636255264282,0.8842914700508118,4.090909090909091,25,25,25,24.0,2.319999933242798,0.7779664993286133,occasional
TX_1,FOODS_3_593,FOODS,TX,1339,2011-10-01,2015-05-31,180,2014-12-03,64.0,0.35555556416511536,53,29.444444444444446,70.55555555555554,1.2075471878051758,0.3723866939544678,3.3962264150943398,14,0,25,8.0,2.5199999809265137,0.5845064520835876,occasional
TX_1,FOODS_3_609,FOODS,TX,1031,2012-08-04,2015-05-31,180,2014-12-03,115.0,0.6388888955116272,53,29.444444444444446,70.55555555555554,2.169811248779297,0.5572007298469543,3.3962264150943398,88,88,25,48.0,4.400000095367432,1.1445162296295166,occasional
TX_1,FOODS_3_785,FOODS,TX,1584,2011-01-29,2015-05-31,180,2014-12-03,993.0,5.516666889190674,143,79.44444444444444,20.55555555555556,6.944056034088135,0.8110242486000061,1.2587412587412588,27,0,25,12.0,38.7599983215332,0.516629159450531,occasional
TX_1,HOBBIES_1_025,HOBBIES,TX,1367,2011-09-03,2015-05-31,180,2014-12-03,26.0,0.14444445073604584,20,11.11111111111111,88.88888888888889,1.2999999523162842,0.42828959226608276,9.0,108,2,25,60.0,1.0399999618530273,1.642627477645874,rare
TX_1,HOBBIES_1_038,HOBBIES,TX,1584,2011-01-29,2015-05-31,180,2014-12-03,24.0,0.13333334028720856,23,12.777777777777777,87.22222222222223,1.04347825050354,0.19543398916721344,7.826086956521739,47,6,25,36.0,0.9599999785423279,0.9071475863456726,rare
TX_1,HOBBIES_1_090,HOBBIES,TX,709,2013-06-22,2015-05-31,180,2014-12-03,204.0,1.1333333253860474,56,31.11111111111111,68.88888888888889,3.642857074737549,1.0548218488693237,3.2142857142857144,28,0,25,12.0,7.639999866485596,0.9209898710250854,occasional
TX_1,HOBBIES_1_093,HOBBIES,TX,1066,2012-06-30,2015-05-31,180,2014-12-03,22.0,0.12222222238779068,21,11.666666666666666,88.33333333333333,1.047619104385376,0.20327891409397125,8.571428571428571,15,4,25,36.0,0.8799999952316284,0.8695966601371765,rare
TX_1,HOBBIES_1_113,HOBBIES,TX,744,2013-05-18,2015-05-31,180,2014-12-03,55.0,0.3055555522441864,39,21.666666666666668,78.33333333333333,1.4102563858032227,0.5005781650543213,4.615384615384615,24,2,25,20.0,2.1600000858306885,0.7599363923072815,occasional
TX_1,HOBBIES_1_201,HOBBIES,TX,1584,2011-01-29,2015-05-31,180,2014-12-03,316.0,1.755555510520935,134,74.44444444444444,25.555555555555554,2.3582088947296143,0.7370361089706421,1.3432835820895523,4,0,25,0.0,12.319999694824219,0.3613390028476715,occasional
TX_1,HOBBIES_1_210,HOBBIES,TX,1206,2012-02-11,2015-05-31,180,2014-12-03,178.0,0.9888888597488403,93,51.66666666666667,48.33333333333333,1.9139784574508667,0.6255410313606262,1.935483870967742,10,0,25,4.0,6.880000114440918,0.6425930857658386,occasional
TX_1,HOBBIES_1_254,HOBBIES,TX,1584,2011-01-29,2015-05-31,180,2014-12-03,742.0,4.122222423553467,140,77.77777777777779,22.22222222222222,5.300000190734863,0.978510856628418,1.2857142857142858,3,0,25,0.0,28.1200008392334,0.3142865300178528,occasional
TX_1,HOBBIES_1_316,HOBBIES,TX,1122,2012-05-05,2015-05-31,180,2014-12-03,388.0,2.155555486679077,112,62.22222222222222,37.77777777777778,3.4642856121063232,0.7694755792617798,1.6071428571428572,12,0,25,4.0,15.4399995803833,0.8089541792869568,occasional
TX_1,HOBBIES_1_353,HOBBIES,TX,709,2013-06-22,2015-05-31,180,2014-12-03,371.0,2.0611112117767334,68,37.77777777777778,62.22222222222222,5.455882549285889,1.0999252796173096,2.6470588235294117,7,0,25,4.0,14.800000190734863,0.7909735441207886,occasional
TX_1,HOBBIES_1_385,HOBBIES,TX,471,2014-02-15,2015-05-31,180,2014-12-03,46.0,0.25555557012557983,34,18.88888888888889,81.11111111111111,1.3529411554336548,0.35321906208992004,5.294117647058823,80,1,25,44.0,1.840000033378601,1.2457867860794067,rare
TX_1,HOBBIES_1_393,HOBBIES,TX,723,2013-06-08,2015-05-31,180,2014-12-03,25.0,0.1388888955116272,24,13.333333333333334,86.66666666666667,1.0416666269302368,0.1918332725763321,7.5,27,1,25,44.0,0.9599999785423279,0.9982624053955078,rare
TX_1,HOBBIES_1_424,HOBBIES,TX,1584,2011-01-29,2015-05-31,180,2014-12-03,110.0,0.6111111044883728,71,39.44444444444444,60.555555555555564,1.5492957830429077,0.5710654258728027,2.535211267605634,10,0,25,4.0,4.320000171661377,0.6603351831436157,occasional
TX_1,HOBBIES_2_005,HOBBIES,TX,1108,2012-05-19,2015-05-31,180,2014-12-03,13.0,0.07222222536802292,12,6.666666666666667,93.33333333333333,1.0833333730697632,0.2551249861717224,15.0,50,18,25,64.0,0.47999998927116394,1.4577380418777466,rare
TX_1,HOBBIES_2_008,HOBBIES,TX,1535,2011-03-19,2015-05-31,180,2014-12-03,22.0,0.12222222238779068,20,11.11111111111111,88.88888888888889,1.100000023841858,0.27272725105285645,9.0,37,4,25,44.0,0.8799999952316284,1.0813978910446167,rare
TX_1,HOBBIES_2_017,HOBBIES,TX,1136,2012-04-21,2015-05-31,180,2014-12-03,41.0,0.22777777910232544,32,17.77777777777778,82.22222222222221,1.28125,0.8332043886184692,5.625,22,22,25,20.0,1.600000023841858,0.951971709728241,rare
TX_1,HOBBIES_2_079,HOBBIES,TX,1444,2011-06-18,2015-05-31,180,2014-12-03,1.0,0.0055555556900799274,1,0.5555555555555556,99.44444444444444,1.0,,180.0,164,15,25,96.0,0.03999999910593033,4.898979663848877,rare
TX_1,HOBBIES_2_120,HOBBIES,TX,1584,2011-01-29,2015-05-31,180,2014-12-03,62.0,0.3444444537162781,41,22.77777777777778,77.22222222222223,1.512195110321045,0.5488613247871399,4.390243902439025,30,4,25,36.0,2.4000000953674316,1.0606601238250732,occasional
TX_1,HOUSEHOLD_1_104,HOUSEHOLD,TX,646,2013-08-24,2015-05-31,180,2014-12-03,9.0,0.05000000074505806,9,5.0,95.0,1.0,0.0,20.0,72,72,25,68.0,0.36000001430511475,1.5475986003875732,rare
TX_1,HOUSEHOLD_1_170,HOUSEHOLD,TX,877,2013-01-05,2015-05-31,180,2014-12-03,227.0,1.2611111402511597,117,65.0,35.0,1.9401708841323853,0.6473823189735413,1.5384615384615385,5,0,25,0.0,9.0,0.4274529814720154,occasional
TX_1,HOUSEHOLD_1_256,HOUSEHOLD,TX,1584,2011-01-29,2015-05-31,180,2014-12-03,179.0,0.9944444298744202,102,56.666666666666664,43.333333333333336,1.7549020051956177,0.5437393188476562,1.7647058823529411,8,1,25,4.0,7.159999847412109,0.49130260944366455,occasional
TX_1,HOUSEHOLD_1_330,HOUSEHOLD,TX,457,2014-03-01,2015-05-31,180,2014-12-03,214.0,1.1888889074325562,107,59.44444444444444,40.55555555555556,2.0,0.745704174041748,1.6822429906542056,4,0,25,0.0,8.4399995803833,0.48457255959510803,occasional
TX_1,HOUSEHOLD_1_414,HOUSEHOLD,TX,1206,2012-02-11,2015-05-31,180,2014-12-03,1573.0,8.73888874053955,165,91.66666666666666,8.333333333333337,9.533333778381348,0.6682755351066589,1.0909090909090908,3,0,25,0.0,62.040000915527344,0.4572121798992157,regular
TX_1,HOUSEHOLD_1_460,HOUSEHOLD,TX,1584,2011-01-29,2015-05-31,180,2014-12-03,104.0,0.5777778029441833,60,33.33333333333333,66.66666666666667,1.7333333492279053,0.5036846399307251,3.0,56,56,25,36.0,4.039999961853027,1.0060107707977295,occasional
TX_1,HOUSEHOLD_1_462,HOUSEHOLD,TX,1584,2011-01-29,2015-05-31,180,2014-12-03,326.0,1.8111110925674438,104,57.77777777777777,42.22222222222223,3.134615421295166,0.6577591300010681,1.7307692307692308,14,0,25,8.0,12.84000015258789,0.5448063015937805,occasional
TX_1,HOUSEHOLD_2_049,HOUSEHOLD,TX,905,2012-12-08,2015-05-31,180,2014-12-03,78.0,0.4333333373069763,56,31.11111111111111,68.88888888888889,1.3928571939468384,0.7515051364898682,3.2142857142857144,13,0,25,8.0,2.9600000381469727,0.7492387294769287,occasional
TX_1,HOUSEHOLD_2_120,HOUSEHOLD,TX,247,2014-09-27,2015-05-31,180,2014-12-03,15.0,0.0833333358168602,15,8.333333333333332,91.66666666666666,1.0,0.0,12.0,34,0,25,56.00000000000001,0.6000000238418579,1.3333332538604736,rare
TX_1,HOUSEHOLD_2_158,HOUSEHOLD,TX,1430,2011-07-02,2015-05-31,180,2014-12-03,10.0,0.0555555559694767,9,5.0,95.0,1.1111111640930176,0.2828426957130432,20.0,52,0,25,72.0,0.4000000059604645,1.732050895690918,rare
TX_1,HOUSEHOLD_2_184,HOUSEHOLD,TX,1584,2011-01-29,2015-05-31,180,2014-12-03,64.0,0.35555556416511536,52,28.888888888888886,71.11111111111111,1.2307692766189575,0.43972641229629517,3.4615384615384617,13,0,25,16.0,2.559999942779541,0.6906886696815491,occasional
TX_1,HOUSEHOLD_2_194,HOUSEHOLD,TX,492,2014-01-25,2015-05-31,180,2014-12-03,44.0,0.24444444477558136,37,20.555555555555554,79.44444444444446,1.1891891956329346,0.32934942841529846,4.864864864864865,20,20,25,24.0,1.7200000286102295,0.8307242393493652,occasional
TX_1,HOUSEHOLD_2_267,HOUSEHOLD,TX,1248,2011-12-31,2015-05-31,180,2014-12-03,33.0,0.18333333730697632,27,15.0,85.0,1.2222222089767456,0.4635472595691681,6.666666666666667,50,0,25,52.0,1.2799999713897705,1.3169567584991455,rare
TX_1,HOUSEHOLD_2_307,HOUSEHOLD,TX,422,2014-04-05,2015-05-31,180,2014-12-03,9.0,0.05000000074505806,8,4.444444444444445,95.55555555555556,1.125,0.293972373008728,22.5,90,90,25,80.0,0.3199999928474426,2.291287899017334,rare
TX_1,HOUSEHOLD_2_334,HOUSEHOLD,TX,1584,2011-01-29,2015-05-31,180,2014-12-03,59.0,0.32777777314186096,42,23.333333333333332,76.66666666666666,1.4047619104385376,0.4675631821155548,4.285714285714286,18,1,25,16.0,2.2799999713897705,0.6624985337257385,occasional
TX_1,HOUSEHOLD_2_347,HOUSEHOLD,TX,1584,2011-01-29,2015-05-31,180,2014-12-03,44.0,0.24444444477558136,37,20.555555555555554,79.44444444444446,1.1891891956329346,0.32934942841529846,4.864864864864865,17,4,25,20.0,1.7200000286102295,0.7265348434448242,occasional
TX_1,HOUSEHOLD_2_407,HOUSEHOLD,TX,1577,2011-02-05,2015-05-31,180,2014-12-03,31.0,0.17222222685813904,25,13.88888888888889,86.11111111111111,1.2400000095367432,0.3444218933582306,7.2,29,3,25,32.0,1.2000000476837158,0.9128708243370056,rare
TX_1,HOUSEHOLD_2_438,HOUSEHOLD,TX,1584,2011-01-29,2015-05-31,180,2014-12-03,145.0,0.8055555820465088,93,51.66666666666667,48.33333333333333,1.5591397285461426,0.4838411808013916,1.935483870967742,5,0,25,0.0,5.71999979019165,0.4210928678512573,occasional
TX_2,FOODS_1_129,FOODS,TX,1584,2011-01-29,2015-05-31,180,2014-12-03,1014.0,5.633333206176758,171,95.0,5.000000000000004,5.929824352264404,0.5211637616157532,1.0526315789473684,3,0,25,0.0,39.279998779296875,0.23371948301792145,regular
TX_2,FOODS_1_137,FOODS,TX,1584,2011-01-29,2015-05-31,180,2014-12-03,518.0,2.8777778148651123,114,63.33333333333333,36.66666666666667,4.543859481811523,0.7534796595573425,1.5789473684210527,20,0,25,16.0,18.079999923706055,0.6517955660820007,occasional
TX_2,FOODS_1_187,FOODS,TX,1584,2011-01-29,2015-05-31,180,2014-12-03,111.0,0.6166666746139526,61,33.88888888888889,66.11111111111111,1.8196721076965332,0.5760132074356079,2.9508196721311477,26,26,25,24.0,4.400000095367432,0.686348557472229,occasional
TX_2,FOODS_3_002,FOODS,TX,590,2013-10-19,2015-05-31,180,2014-12-03,348.0,1.9333332777023315,138,76.66666666666667,23.33333333333333,2.5217392444610596,0.6601443886756897,1.3043478260869565,10,0,25,4.0,13.520000457763672,0.5499776601791382,occasional
TX_2,FOODS_3_010,FOODS,TX,765,2013-04-27,2015-05-31,180,2014-12-03,91.0,0.5055555701255798,69,38.333333333333336,61.66666666666667,1.3188406229019165,0.4181603789329529,2.608695652173913,9,0,25,4.0,3.5999999046325684,0.7328281402587891,occasional
TX_2,FOODS_3_034,FOODS,TX,646,2013-08-24,2015-05-31,180,2014-12-03,413.0,2.2944445610046387,142,78.88888888888889,21.111111111111114,2.9084506034851074,0.6009576320648193,1.267605633802817,20,0,25,8.0,16.1200008392334,0.47222083806991577,occasional
TX_2,FOODS_3_123,FOODS,TX,1584,2011-01-29,2015-05-31,180,2014-12-03,94.0,0.5222222208976746,43,23.88888888888889,76.11111111111111,2.186046600341797,1.2052773237228394,4.186046511627907,70,0,25,40.0,3.759999990463257,1.0856276750564575,occasional
TX_2,FOODS_3_317,FOODS,TX,1584,2011-01-29,2015-05-31,180,2014-12-03,100.0,0.5555555820465088,40,22.22222222222222,77.77777777777779,2.5,1.261744737625122,4.5,63,0,25,32.0,4.0,1.315294623374939,occasional
TX_2,FOODS_3_381,FOODS,TX,905,2012-12-08,2015-05-31,180,2014-12-03,119.0,0.6611111164093018,56,31.11111111111111,68.88888888888889,2.125,0.6035813093185425,3.2142857142857144,77,32,25,56.00000000000001,4.760000228881836,1.2181684970855713,occasional
TX_2,FOODS_3_415,FOODS,TX,1521,2011-04-02,2015-05-31,180,2014-12-03,70.0,0.3888888955116272,46,25.555555555555554,74.44444444444444,1.52173912525177,0.4890640377998352,3.9130434782608696,86,2,25,48.0,2.680000066757202,1.2112561464309692,occasional
TX_2,FOODS_3_440,FOODS,TX,450,2014-03-08,2015-05-31,180,2014-12-03,63.0,0.3499999940395355,39,21.666666666666668,78.33333333333333,1.615384578704834,0.5172752737998962,4.615384615384615,13,4,25,8.0,2.5199999809265137,0.6459362506866455,occasional
TX_2,FOODS_3_477,FOODS,TX,1584,2011-01-29,2015-05-31,180,2014-12-03,937.0,5.205555438995361,175,97.22222222222221,2.777777777777779,5.354285717010498,0.4959558844566345,1.0285714285714285,2,0,25,0.0,36.20000076293945,0.2141195684671402,regular
TX_2,FOODS_3_486,FOODS,TX,1584,2011-01-29,2015-05-31,180,2014-12-03,63.0,0.3499999940395355,44,24.444444444444443,75.55555555555556,1.4318181276321411,0.5450249314308167,4.090909090909091,34,2,25,24.0,2.5199999809265137,0.7946025729179382,occasional
TX_2,FOODS_3_514,FOODS,TX,604,2013-10-05,2015-05-31,180,2014-12-03,10.0,0.0555555559694767,7,3.888888888888889,96.11111111111111,1.4285714626312256,0.5099018812179565,25.714285714285715,138,9,25,80.0,0.4000000059604645,2.2360680103302,rare
TX_2,FOODS_3_593,FOODS,TX,1430,2011-07-02,2015-05-31,180,2014-12-03,79.0,0.43888887763023376,60,33.33333333333333,66.66666666666667,1.3166667222976685,0.5093265175819397,3.0,15,0,25,12.0,3.0399999618530273,0.7354309558868408,occasional
TX_2,FOODS_3_609,FOODS,TX,1031,2012-08-04,2015-05-31,180,2014-12-03,80.0,0.4444444477558136,51,28.333333333333332,71.66666666666667,1.5686274766921997,0.5539630055427551,3.5294117647058822,87,87,25,48.0,3.119999885559082,1.16560959815979,occasional
TX_2,FOODS_3_785,FOODS,TX,1584,2011-01-29,2015-05-31,180,2014-12-03,1841.0,10.227777481079102,147,81.66666666666667,18.333333333333336,12.523809432983398,0.5527580976486206,1.2244897959183674,27,0,25,12.0,71.4800033569336,0.5017704367637634,regular
TX_2,HOBBIES_1_025,HOBBIES,TX,1374,2011-08-27,2015-05-31,180,2014-12-03,82.0,0.4555555582046509,57,31.666666666666664,68.33333333333333,1.438596487045288,0.4513842761516571,3.1578947368421053,19,0,25,12.0,3.119999885559082,0.6035180687904358,occasional
TX_2,HOBBIES_1_038,HOBBIES,TX,1584,2011-01-29,2015-05-31,180,2014-12-03,64.0,0.35555556416511536,48,26.666666666666668,73.33333333333334,1.3333333730697632,0.4419417679309845,3.75,13,0,25,12.0,2.4800000190734863,0.6948599815368652,occasional
TX_2,HOBBIES_1_090,HOBBIES,TX,709,2013-06-22,2015-05-31,180,2014-12-03,160.0,0.8888888955116272,54,30.0,70.0,2.9629628658294678,1.004054307937622,3.3333333333333335,13,0,25,8.0,6.159999847412109,0.7152885794639587,occasional
TX_2,HOBBIES_1_093,HOBBIES,TX,1073,2012-06-23,2015-05-31,180,2014-12-03,49.0,0.27222222089767456,43,23.88888888888889,76.11111111111111,1.139534831047058,0.30407479405403137,4.186046511627907,12,0,25,8.0,1.9600000381469727,0.5858244895935059,occasional
TX_2,HOBBIES_1_113,HOBBIES,TX,653,2013-08-17,2015-05-31,180,2014-12-03,49.0,0.27222222089767456,38,21.11111111111111,78.88888888888889,1.2894736528396606,0.43244120478630066,4.7368421052631575,11,8,25,24.0,1.8799999952316284,0.8813750743865967,occasional
TX_2,HOBBIES_1_201,HOBBIES,TX,1584,2011-01-29,2015-05-31,180,2014-12-03,215.0,1.1944444179534912,123,68.33333333333333,31.666666666666664,1.7479674816131592,0.5863048434257507,1.4634146341463414,4,0,25,0.0,8.319999694824219,0.3255769610404968,occasional
TX_2,HOBBIES_1_210,HOBBIES,TX,1220,2012-01-28,2015-05-31,180,2014-12-03,290.0,1.6111111640930176,91,50.55555555555556,49.44444444444444,3.1868131160736084,0.6898620128631592,1.978021978021978,25,3,25,16.0,10.640000343322754,0.9254077672958374,occasional
TX_2,HOBBIES_1_254,HOBBIES,TX,1584,2011-01-29,2015-05-31,180,2014-12-03,677.0,3.76111102104187,147,81.66666666666667,18.333333333333336,4.605442047119141,1.0918753147125244,1.2244897959183674,4,0,25,0.0,26.280000686645508,0.4968946874141693,regular
TX_2,HOBBIES_1_316,HOBBIES,TX,1122,2012-05-05,2015-05-31,180,2014-12-03,222.0,1.2333333492279053,57,31.666666666666664,68.33333333333333,3.8947367668151855,0.6813277006149292,3.1578947368421053,54,8,25,48.0,8.880000114440918,1.511635422706604,occasional
TX_2,HOBBIES_1_353,HOBBIES,TX,702,2013-06-29,2015-05-31,180,2014-12-03,410.0,2.277777671813965,101,56.111111111111114,43.888888888888886,4.05940580368042,0.7465645670890808,1.7821782178217822,4,0,25,0.0,16.1200008392334,0.4433014690876007,occasional
TX_2,HOBBIES_1_385,HOBBIES,TX,478,2014-02-08,2015-05-31,180,2014-12-03,11.0,0.06111111119389534,11,6.111111111111111,93.88888888888889,1.0,0.0,16.363636363636363,122,4,25,72.0,0.4399999976158142,1.8272500038146973,rare
TX_2,HOBBIES_1_393,HOBBIES,TX,618,2013-09-21,2015-05-31,180,2014-12-03,31.0,0.17222222685813904,27,15.0,85.0,1.1481481790542603,0.3094084858894348,6.666666666666667,18,5,25,28.000000000000004,1.2000000476837158,0.7817359566688538,rare
TX_2,HOBBIES_1_424,HOBBIES,TX,1584,2011-01-29,2015-05-31,180,2014-12-03,107.0,0.5944444537162781,56,31.11111111111111,68.88888888888889,1.9107142686843872,0.7013083100318909,3.2142857142857144,8,0,25,4.0,4.239999771118164,0.7131227254867554,occasional
TX_2,HOBBIES_2_005,HOBBIES,TX,898,2012-12-15,2015-05-31,180,2014-12-03,12.0,0.06666667014360428,12,6.666666666666667,93.33333333333333,1.0,0.0,15.0,46,0,25,56.00000000000001,0.47999998927116394,1.1960583925247192,rare
TX_2,HOBBIES_2_008,HOBBIES,TX,1528,2011-03-26,2015-05-31,180,2014-12-03,34.0,0.18888889253139496,31,17.22222222222222,82.77777777777777,1.0967742204666138,0.2695632874965668,5.806451612903226,31,6,25,24.0,1.3600000143051147,0.8022459745407104,rare
TX_2,HOBBIES_2_017,HOBBIES,TX,1129,2012-04-28,2015-05-31,180,2014-12-03,65.0,0.3611111044883728,49,27.22222222222222,72.77777777777779,1.3265305757522583,0.49086329340934753,3.673469387755102,19,0,25,20.0,2.559999942779541,0.6906886100769043,occasional
TX_2,HOBBIES_2_079,HOBBIES,TX,1444,2011-06-18,2015-05-31,180,2014-12-03,16.0,0.08888889104127884,13,7.222222222222221,92.77777777777779,1.2307692766189575,0.3423265814781189,13.846153846153847,44,2,25,56.00000000000001,0.6399999856948853,1.316956877708435,rare
TX_2,HOBBIES_2_120,HOBBIES,TX,1584,2011-01-29,2015-05-31,180,2014-12-03,72.0,0.4000000059604645,51,28.333333333333332,71.66666666666667,1.4117647409439087,0.5464531779289246,3.5294117647058822,16,11,25,16.0,2.8399999141693115,0.8372881412506104,occasional
TX_2,HOUSEHOLD_1_104,HOUSEHOLD,TX,674,2013-07-27,2015-05-31,180,2014-12-03,19.0,0.10555555671453476,16,8.88888888888889,91.11111111111111,1.1875,0.44348153471946716,11.25,24,24,25,48.0,0.7599999904632568,1.4063568115234375,rare
TX_2,HOUSEHOLD_1_170,HOUSEHOLD,TX,1080,2012-06-16,2015-05-31,180,2014-12-03,191.0,1.0611110925674438,104,57.77777777777777,42.22222222222223,1.8365384340286255,0.534518837928772,1.7307692307692308,6,0,25,0.0,7.480000019073486,0.3668464720249176,occasional
TX_2,HOUSEHOLD_1_256,HOUSEHOLD,TX,1584,2011-01-29,2015-05-31,180,2014-12-03,201.0,1.1166666746139526,75,41.66666666666667,58.33333333333333,2.680000066757202,0.6510382890701294,2.4,87,0,25,44.0,8.039999961853027,0.9688599705696106,occasional
TX_2,HOUSEHOLD_1_330,HOUSEHOLD,TX,457,2014-03-01,2015-05-31,180,2014-12-03,176.0,0.9777777791023254,106,58.88888888888889,41.11111111111111,1.6603773832321167,0.4955900013446808,1.6981132075471699,8,1,25,4.0,6.920000076293945,0.4494568109512329,occasional
TX_2,HOUSEHOLD_1_414,HOUSEHOLD,TX,1199,2012-02-18,2015-05-31,180,2014-12-03,835.0,4.638888835906982,142,78.88888888888889,21.111111111111114,5.880281925201416,0.769180178642273,1.267605633802817,6,0,25,0.0,32.880001068115234,0.6798690557479858,occasional
TX_2,HOUSEHOLD_1_460,HOUSEHOLD,TX,1584,2011-01-29,2015-05-31,180,2014-12-03,101.0,0.5611110925674438,65,36.11111111111111,63.888888888888886,1.5538461208343506,0.4519886076450348,2.769230769230769,52,52,25,32.0,3.9200000762939453,0.8686065673828125,occasional
TX_2,HOUSEHOLD_1_462,HOUSEHOLD,TX,1584,2011-01-29,2015-05-31,180,2014-12-03,291.0,1.6166666746139526,101,56.111111111111114,43.888888888888886,2.881188154220581,0.6576066017150879,1.7821782178217822,14,1,25,4.0,11.4399995803833,0.5239391326904297,occasional
TX_2,HOUSEHOLD_2_049,HOUSEHOLD,TX,905,2012-12-08,2015-05-31,180,2014-12-03,95.0,0.5277777910232544,69,38.333333333333336,61.66666666666667,1.3768116235733032,0.46435248851776123,2.608695652173913,8,0,25,0.0,3.7200000286102295,0.4268695116043091,occasional
TX_2,HOUSEHOLD_2_120,HOUSEHOLD,TX,233,2014-10-11,2015-05-31,180,2014-12-03,28.0,0.15555556118488312,24,13.333333333333334,86.66666666666667,1.1666666269302368,0.4040610194206238,7.5,59,0,25,40.0,1.1200000047683716,0.98845374584198,rare
TX_2,HOUSEHOLD_2_158,HOUSEHOLD,TX,1570,2011-02-12,2015-05-31,180,2014-12-03,21.0,0.11666666716337204,18,10.0,90.0,1.1666666269302368,0.31943830847740173,10.0,94,2,25,64.0,0.6800000071525574,1.5406824350357056,rare
TX_2,HOUSEHOLD_2_184,HOUSEHOLD,TX,1584,2011-01-29,2015-05-31,180,2014-12-03,57.0,0.3166666626930237,31,17.22222222222222,82.77777777777777,1.8387097120285034,0.9777454733848572,5.806451612903226,53,6,25,52.0,2.2799999713897705,1.4441485404968262,rare
TX_2,HOUSEHOLD_2_194,HOUSEHOLD,TX,275,2014-08-30,2015-05-31,180,2014-12-03,38.0,0.21111111342906952,34,18.88888888888889,81.11111111111111,1.1176470518112183,0.36082392930984497,5.294117647058823,27,27,25,20.0,1.5199999809265137,0.7699337005615234,rare
TX_2,HOUSEHOLD_2_267,HOUSEHOLD,TX,1241,2012-01-07,2015-05-31,180,2014-12-03,112.0,0.6222222447395325,78,43.333333333333336,56.666666666666664,1.4358974695205688,0.44031524658203125,2.3076923076923075,47,1,25,24.0,4.480000019073486,0.7683761119842529,occasional
TX_2,HOUSEHOLD_2_307,HOUSEHOLD,TX,513,2014-01-04,2015-05-31,180,2014-12-03,24.0,0.13333334028720856,20,11.11111111111111,88.88888888888889,1.2000000476837158,0.4249182641506195,9.0,26,3,25,60.0,0.9599999785423279,1.396921157836914,rare
TX_2,HOUSEHOLD_2_334,HOUSEHOLD,TX,1507,2011-04-16,2015-05-31,180,2014-12-03,10.0,0.0555555559694767,6,3.3333333333333335,96.66666666666667,1.6666666269302368,0.4472135901451111,30.0,67,19,25,80.0,0.36000001430511475,2.2054924964904785,rare
TX_2,HOUSEHOLD_2_347,HOUSEHOLD,TX,1584,2011-01-29,2015-05-31,180,2014-12-03,14.0,0.07777778059244156,13,7.222222222222221,92.77777777777779,1.076923131942749,0.2474358230829239,13.846153846153847,69,15,25,60.0,0.5600000023841858,1.4356964826583862,rare
TX_2,HOUSEHOLD_2_407,HOUSEHOLD,TX,1584,2011-01-29,2015-05-31,180,2014-12-03,51.0,0.28333333134651184,43,23.88888888888889,76.11111111111111,1.1860464811325073,0.3751201629638672,4.186046511627907,19,2,25,24.0,2.0399999618530273,0.8141388297080994,occasional
TX_2,HOUSEHOLD_2_438,HOUSEHOLD,TX,1584,2011-01-29,2015-05-31,180,2014-12-03,164.0,0.9111111164093018,96,53.333333333333336,46.666666666666664,1.7083333730697632,0.5969383716583252,1.875,6,0,25,0.0,6.400000095367432,0.38780227303504944,occasional
TX_3,FOODS_1_129,FOODS,TX,1584,2011-01-29,2015-05-31,180,2014-12-03,411.0,2.2833333015441895,57,31.666666666666664,68.33333333333333,7.210526466369629,0.5453813076019287,3.1578947368421053,62,62,25,44.0,15.319999694824219,1.2936434745788574,occasional
TX_3,FOODS_1_137,FOODS,TX,1486,2011-05-07,2015-05-31,180,2014-12-03,361.0,2.0055556297302246,47,26.111111111111114,73.88888888888889,7.680850982666016,0.5659788846969604,3.8297872340425534,94,0,25,56.00000000000001,12.640000343322754,1.8022533655166626,occasional
TX_3,FOODS_1_187,FOODS,TX,1577,2011-02-05,2015-05-31,180,2014-12-03,205.0,1.1388888359069824,97,53.888888888888886,46.111111111111114,2.1134021282196045,0.7154286503791809,1.8556701030927836,25,25,25,12.0,8.119999885559082,0.7861118912696838,occasional
TX_3,FOODS_3_002,FOODS,TX,590,2013-10-19,2015-05-31,180,2014-12-03,281.0,1.5611110925674438,123,68.33333333333333,31.666666666666664,2.284552812576294,0.5397768616676331,1.4634146341463414,12,0,25,4.0,10.720000267028809,0.46717843413352966,occasional
TX_3,FOODS_3_010,FOODS,TX,758,2013-05-04,2015-05-31,180,2014-12-03,93.0,0.5166666507720947,63,35.0,65.0,1.476190447807312,0.5100447535514832,2.857142857142857,12,0,25,12.0,3.559999942779541,0.6838257908821106,occasional
TX_3,FOODS_3_034,FOODS,TX,646,2013-08-24,2015-05-31,180,2014-12-03,195.0,1.0833333730697632,112,62.22222222222222,37.77777777777778,1.7410714626312256,0.519115149974823,1.6071428571428572,6,2,25,0.0,7.559999942779541,0.36862778663635254,occasional
TX_3,FOODS_3_123,FOODS,TX,1584,2011-01-29,2015-05-31,180,2014-12-03,5.0,0.02777777798473835,5,2.7777777777777777,97.22222222222221,1.0,0.0,36.0,106,57,25,88.0,0.20000000298023224,2.8284268379211426,rare
TX_3,FOODS_3_317,FOODS,TX,1584,2011-01-29,2015-05-31,180,2014-12-03,27.0,0.15000000596046448,21,11.666666666666666,88.33333333333333,1.2857142686843872,0.488552063703537,8.571428571428571,99,99,25,68.0,1.0399999618530273,1.6870548725128174,rare
TX_3,FOODS_3_381,FOODS,TX,870,2013-01-12,2015-05-31,180,2014-12-03,176.0,0.9777777791023254,68,37.77777777777778,62.22222222222222,2.588235378265381,0.5631595849990845,2.6470588235294117,76,25,25,52.0,7.039999961853027,1.1302963495254517,occasional
TX_3,FOODS_3_415,FOODS,TX,1430,2011-07-02,2015-05-31,180,2014-12-03,69.0,0.38333332538604736,46,25.555555555555554,74.44444444444444,1.5,0.434057354927063,3.9130434782608696,81,1,25,44.0,2.680000066757202,1.0379307270050049,occasional
TX_3,FOODS_3_440,FOODS,TX,450,2014-03-08,2015-05-31,180,2014-12-03,78.0,0.4333333373069763,43,23.88888888888889,76.11111111111111,1.8139535188674927,0.7353656888008118,4.186046511627907,15,6,25,16.0,3.119999885559082,0.7919716238975525,occasional
TX_3,FOODS_3_477,FOODS,TX,1584,2011-01-29,2015-05-31,180,2014-12-03,703.0,3.905555486679077,173,96.11111111111111,3.888888888888886,4.063583850860596,0.5332441329956055,1.0404624277456647,2,0,25,0.0,27.1200008392334,0.275404691696167,regular
TX_3,FOODS_3_486,FOODS,TX,1584,2011-01-29,2015-05-31,180,2014-12-03,31.0,0.17222222685813904,23,12.777777777777777,87.22222222222223,1.3478261232376099,0.5181412696838379,7.826086956521739,65,0,25,56.00000000000001,1.2400000095367432,1.4295819997787476,rare
TX_3,FOODS_3_514,FOODS,TX,681,2013-07-20,2015-05-31,180,2014-12-03,142.0,0.7888888716697693,66,36.666666666666664,63.33333333333333,2.151515245437622,0.6683836579322815,2.727272727272727,33,0,25,32.0,5.360000133514404,1.1142668724060059,occasional
TX_3,FOODS_3_593,FOODS,TX,1430,2011-07-02,2015-05-31,180,2014-12-03,91.0,0.5055555701255798,62,34.44444444444444,65.55555555555556,1.4677419662475586,0.48513710498809814,2.903225806451613,14,1,25,4.0,3.640000104904175,0.5205590724945068,occasional
TX_3,FOODS_3_609,FOODS,TX,1038,2012-07-28,2015-05-31,180,2014-12-03,178.0,0.9888888597488403,68,37.77777777777778,62.22222222222222,2.617647171020508,0.5787334442138672,2.6470588235294117,84,84,25,48.0,6.920000076293945,1.166083812713623,occasional
TX_3,FOODS_3_785,FOODS,TX,1584,2011-01-29,2015-05-31,180,2014-12-03,1493.0,8.29444408416748,152,84.44444444444444,15.555555555555555,9.822368621826172,0.5333898663520813,1.1842105263157894,27,0,25,12.0,58.15999984741211,0.46632522344589233,regular
TX_3,HOBBIES_1_025,HOBBIES,TX,1374,2011-08-27,2015-05-31,180,2014-12-03,74.0,0.41111111640930176,44,24.444444444444443,75.55555555555556,1.6818181276321411,0.7032222747802734,4.090909090909091,13,0,25,20.0,2.880000114440918,0.7937350869178772,occasional
TX_3,HOBBIES_1_038,HOBBIES,TX,1584,2011-01-29,2015-05-31,180,2014-12-03,57.0,0.3166666626930237,48,26.666666666666668,73.33333333333334,1.1875,0.32868409156799316,3.75,15,2,25,12.0,2.240000009536743,0.5824823379516602,occasional
TX_3,HOBBIES_1_090,HOBBIES,TX,709,2013-06-22,2015-05-31,180,2014-12-03,158.0,0.8777777552604675,56,31.11111111111111,68.88888888888889,2.8214285373687744,0.8658635020256042,3.2142857142857144,71,0,25,40.0,6.320000171661377,1.1778955459594727,occasional
TX_3,HOBBIES_1_093,HOBBIES,TX,1031,2012-08-04,2015-05-31,180,2014-12-03,34.0,0.18888889253139496,34,18.88888888888889,81.11111111111111,1.0,0.0,5.294117647058823,19,0,25,28.000000000000004,1.3200000524520874,0.8221005797386169,rare
TX_3,HOBBIES_1_113,HOBBIES,TX,737,2013-05-25,2015-05-31,180,2014-12-03,72.0,0.4000000059604645,50,27.77777777777778,72.22222222222221,1.440000057220459,0.5583263635635376,3.6,25,0,25,16.0,2.880000114440918,0.6826780438423157,occasional
TX_3,HOBBIES_1_201,HOBBIES,TX,1584,2011-01-29,2015-05-31,180,2014-12-03,186.0,1.0333333015441895,105,58.333333333333336,41.666666666666664,1.7714285850524902,0.7193862199783325,1.7142857142857142,5,0,25,0.0,7.239999771118164,0.4852452278137207,occasional
TX_3,HOBBIES_1_210,HOBBIES,TX,1220,2012-01-28,2015-05-31,180,2014-12-03,149.0,0.8277778029441833,76,42.22222222222222,57.77777777777777,1.9605263471603394,0.6048837900161743,2.3684210526315788,18,0,25,12.0,5.840000152587891,0.7698702812194824,occasional
TX_3,HOBBIES_1_254,HOBBIES,TX,1584,2011-01-29,2015-05-31,180,2014-12-03,599.0,3.327777862548828,129,71.66666666666667,28.333333333333332,4.643410682678223,0.8546470999717712,1.3953488372093024,5,0,25,0.0,23.920000076293945,0.37984538078308105,occasional
TX_3,HOBBIES_1_316,HOBBIES,TX,1122,2012-05-05,2015-05-31,180,2014-12-03,173.0,0.9611111283302307,64,35.55555555555556,64.44444444444444,2.703125,0.8717215657234192,2.8125,18,2,25,20.0,6.71999979019165,1.2019684314727783,occasional
TX_3,HOBBIES_1_353,HOBBIES,TX,709,2013-06-22,2015-05-31,180,2014-12-03,404.0,2.2444443702697754,109,60.55555555555555,39.44444444444445,3.7064220905303955,1.0725678205490112,1.651376146788991,8,1,25,0.0,15.359999656677246,0.5630301833152771,occasional
TX_3,HOBBIES_1_385,HOBBIES,TX,457,2014-03-01,2015-05-31,180,2014-12-03,19.0,0.10555555671453476,18,10.0,90.0,1.0555555820465088,0.21700556576251984,10.0,81,6,25,52.0,0.7599999904632568,1.249930739402771,rare
TX_3,HOBBIES_1_393,HOBBIES,TX,625,2013-09-14,2015-05-31,180,2014-12-03,47.0,0.2611111104488373,43,23.88888888888889,76.11111111111111,1.0930233001708984,0.2657445967197418,4.186046511627907,13,2,25,16.0,1.840000033378601,0.7480282187461853,occasional
TX_3,HOBBIES_1_424,HOBBIES,TX,1584,2011-01-29,2015-05-31,180,2014-12-03,102.0,0.5666666626930237,63,35.0,65.0,1.6190476417541504,0.75788813829422,2.857142857142857,11,4,25,8.0,3.9600000381469727,0.8934684991836548,occasional
TX_3,HOBBIES_2_005,HOBBIES,TX,975,2012-09-29,2015-05-31,180,2014-12-03,14.0,0.07777778059244156,14,7.777777777777778,92.22222222222223,1.0,0.0,12.857142857142858,34,9,25,56.00000000000001,0.5199999809265137,1.2307692766189575,rare
TX_3,HOBBIES_2_008,HOBBIES,TX,1535,2011-03-19,2015-05-31,180,2014-12-03,31.0,0.17222222685813904,30,16.666666666666664,83.33333333333334,1.0333333015441895,0.1737149953842163,6.0,30,1,25,36.0,1.2400000095367432,0.8916305899620056,rare
TX_3,HOBBIES_2_017,HOBBIES,TX,1136,2012-04-21,2015-05-31,180,2014-12-03,7.0,0.03888889029622078,7,3.888888888888889,96.11111111111111,1.0,0.0,25.714285714285715,110,2,25,84.0,0.2800000011920929,2.373321056365967,rare
TX_3,HOBBIES_2_079,HOBBIES,TX,1423,2011-07-09,2015-05-31,180,2014-12-03,7.0,0.03888889029622078,7,3.888888888888889,96.11111111111111,1.0,0.0,25.714285714285715,77,77,25,84.0,0.2800000011920929,2.3733208179473877,rare
TX_3,HOBBIES_2_120,HOBBIES,TX,1577,2011-02-05,2015-05-31,180,2014-12-03,105.0,0.5833333134651184,53,29.444444444444446,70.55555555555554,1.9811320304870605,0.6239368319511414,3.3962264150943398,40,2,25,28.000000000000004,4.199999809265137,0.9499970078468323,occasional
TX_3,HOUSEHOLD_1_104,HOUSEHOLD,TX,674,2013-07-27,2015-05-31,180,2014-12-03,30.0,0.1666666716337204,25,13.88888888888889,86.11111111111111,1.2000000476837158,0.3333333432674408,7.2,32,24,25,44.0,1.2000000476837158,1.154700517654419,rare
TX_3,HOUSEHOLD_1_170,HOUSEHOLD,TX,877,2013-01-05,2015-05-31,180,2014-12-03,197.0,1.0944443941116333,98,54.44444444444444,45.55555555555556,2.0102040767669678,0.5527403950691223,1.836734693877551,9,5,25,4.0,7.639999866485596,0.43313339352607727,occasional
TX_3,HOUSEHOLD_1_256,HOUSEHOLD,TX,1584,2011-01-29,2015-05-31,180,2014-12-03,201.0,1.1166666746139526,102,56.666666666666664,43.333333333333336,1.970588207244873,0.4843277633190155,1.7647058823529411,14,0,25,8.0,7.920000076293945,0.6377649903297424,occasional
TX_3,HOUSEHOLD_1_330,HOUSEHOLD,TX,387,2014-05-10,2015-05-31,180,2014-12-03,162.0,0.8999999761581421,107,59.44444444444444,40.55555555555556,1.5140186548233032,0.48933136463165283,1.6822429906542056,8,1,25,0.0,6.360000133514404,0.446673721075058,occasional
TX_3,HOUSEHOLD_1_414,HOUSEHOLD,TX,1185,2012-03-03,2015-05-31,180,2014-12-03,2016.0,11.199999809265137,178,98.88888888888889,1.1111111111111072,11.32584285736084,0.587804913520813,1.0112359550561798,1,0,25,0.0,79.87999725341797,0.3706965744495392,regular
TX_3,HOUSEHOLD_1_460,HOUSEHOLD,TX,1584,2011-01-29,2015-05-31,180,2014-12-03,96.0,0.5333333611488342,58,32.22222222222222,67.77777777777779,1.6551724672317505,0.49607840180397034,3.103448275862069,54,54,25,28.000000000000004,3.559999942779541,0.7987807989120483,occasional
TX_3,HOUSEHOLD_1_462,HOUSEHOLD,TX,1584,2011-01-29,2015-05-31,180,2014-12-03,369.0,2.049999952316284,123,68.33333333333333,31.666666666666664,3.0,0.7698003649711609,1.4634146341463414,4,1,25,0.0,14.319999694824219,0.5672248601913452,occasional
TX_3,HOUSEHOLD_2_049,HOUSEHOLD,TX,898,2012-12-15,2015-05-31,180,2014-12-03,43.0,0.23888888955116272,42,23.333333333333332,76.66666666666666,1.023809552192688,0.14890986680984497,4.285714285714286,11,0,25,4.0,1.559999942779541,0.4086507260799408,occasional
TX_3,HOUSEHOLD_2_120,HOUSEHOLD,TX,219,2014-10-25,2015-05-31,180,2014-12-03,37.0,0.20555555820465088,33,18.333333333333332,81.66666666666667,1.121212124824524,0.2910899817943573,5.454545454545454,17,1,25,28.000000000000004,1.440000057220459,0.9638528227806091,rare
TX_3,HOUSEHOLD_2_158,HOUSEHOLD,TX,1220,2012-01-28,2015-05-31,180,2014-12-03,5.0,0.02777777798473835,4,2.2222222222222223,97.77777777777777,1.25,0.3464101552963257,45.0,126,126,25,92.0,0.1599999964237213,3.391165018081665,rare
TX_3,HOUSEHOLD_2_184,HOUSEHOLD,TX,1584,2011-01-29,2015-05-31,180,2014-12-03,65.0,0.3611111044883728,47,26.111111111111114,73.88888888888889,1.3829786777496338,0.48455435037612915,3.8297872340425534,22,10,25,24.0,2.5999999046325684,0.753689169883728,occasional
TX_3,HOUSEHOLD_2_194,HOUSEHOLD,TX,275,2014-08-30,2015-05-31,180,2014-12-03,32.0,0.17777778208255768,28,15.555555555555555,84.44444444444444,1.1428571939468384,0.3061861991882324,6.428571428571429,30,19,25,44.0,1.2400000095367432,1.2342664003372192,rare
TX_3,HOUSEHOLD_2_267,HOUSEHOLD,TX,667,2013-08-03,2015-05-31,180,2014-12-03,107.0,0.5944444537162781,77,42.77777777777778,57.22222222222222,1.3896104097366333,0.4363595247268677,2.3376623376623376,29,0,25,16.0,4.159999847412109,0.6256653666496277,occasional
TX_3,HOUSEHOLD_2_307,HOUSEHOLD,TX,513,2014-01-04,2015-05-31,180,2014-12-03,11.0,0.06111111119389534,10,5.555555555555555,94.44444444444444,1.100000023841858,0.27272725105285645,18.0,90,17,25,72.0,0.36000001430511475,1.735610842704773,rare
TX_3,HOUSEHOLD_2_334,HOUSEHOLD,TX,1577,2011-02-05,2015-05-31,180,2014-12-03,49.0,0.27222222089767456,41,22.77777777777778,77.22222222222223,1.1951220035552979,0.3315933644771576,4.390243902439025,15,15,25,12.0,1.9199999570846558,0.6059600114822388,occasional
TX_3,HOUSEHOLD_2_347,HOUSEHOLD,TX,1584,2011-01-29,2015-05-31,180,2014-12-03,22.0,0.12222222238779068,21,11.666666666666666,88.33333333333333,1.047619104385376,0.20327891409397125,8.571428571428571,31,4,25,48.0,0.8399999737739563,1.150766372680664,rare
TX_3,HOUSEHOLD_2_407,HOUSEHOLD,TX,1584,2011-01-29,2015-05-31,180,2014-12-03,23.0,0.12777778506278992,21,11.666666666666666,88.33333333333333,1.0952380895614624,0.2680180072784424,8.571428571428571,44,2,25,40.0,0.8799999952316284,0.9270944595336914,rare
TX_3,HOUSEHOLD_2_438,HOUSEHOLD,TX,1584,2011-01-29,2015-05-31,180,2014-12-03,148.0,0.8222222328186035,92,51.11111111111111,48.88888888888889,1.60869562625885,0.5016408562660217,1.9565217391304348,4,0,25,0.0,5.679999828338623,0.32547101378440857,occasional
WI_1,FOODS_1_129,FOODS,WI,1584,2011-01-29,2015-05-31,180,2014-12-03,291.0,1.6166666746139526,114,63.33333333333333,36.66666666666667,2.5526316165924072,0.7135282158851624,1.5789473684210527,7,0,25,0.0,11.520000457763672,0.509790301322937,occasional
WI_1,FOODS_1_137,FOODS,WI,1584,2011-01-29,2015-05-31,180,2014-12-03,463.0,2.5722222328186035,129,71.66666666666667,28.333333333333332,3.5891473293304443,0.7347921133041382,1.3953488372093024,8,1,25,4.0,17.760000228881836,0.6510684490203857,occasional
WI_1,FOODS_1_187,FOODS,WI,1584,2011-01-29,2015-05-31,180,2014-12-03,90.0,0.5,56,31.11111111111111,68.88888888888889,1.6071428060531616,0.58415287733078,3.2142857142857144,34,26,25,28.000000000000004,3.5999999046325684,0.8642416596412659,occasional
WI_1,FOODS_3_002,FOODS,WI,590,2013-10-19,2015-05-31,180,2014-12-03,1496.0,8.311111450195312,171,95.0,5.000000000000004,8.74853801727295,0.6683481931686401,1.0526315789473684,7,0,25,0.0,56.68000030517578,0.473848432302475,regular
WI_1,FOODS_3_010,FOODS,WI,765,2013-04-27,2015-05-31,180,2014-12-03,196.0,1.0888888835906982,104,57.77777777777777,42.22222222222223,1.884615421295166,0.621360719203949,1.7307692307692308,7,0,25,4.0,7.440000057220459,0.5241314768791199,occasional
WI_1,FOODS_3_034,FOODS,WI,646,2013-08-24,2015-05-31,180,2014-12-03,174.0,0.9666666388511658,96,53.333333333333336,46.666666666666664,1.8125,0.5704439282417297,1.875,35,0,25,20.0,6.599999904632568,0.6639060974121094,occasional
WI_1,FOODS_3_123,FOODS,WI,1584,2011-01-29,2015-05-31,180,2014-12-03,65.0,0.3611111044883728,44,24.444444444444443,75.55555555555556,1.4772727489471436,0.6371162533760071,4.090909090909091,60,60,25,36.0,2.5999999046325684,1.0088367462158203,occasional
WI_1,FOODS_3_317,FOODS,WI,1584,2011-01-29,2015-05-31,180,2014-12-03,470.0,2.6111111640930176,109,60.55555555555555,39.44444444444445,4.31192684173584,0.929624080657959,1.651376146788991,52,0,25,28.000000000000004,17.959999084472656,0.7640010118484497,occasional
WI_1,FOODS_3_381,FOODS,WI,863,2013-01-19,2015-05-31,180,2014-12-03,187.0,1.038888931274414,60,33.33333333333333,66.66666666666667,3.116666555404663,0.5498148202896118,3.0,76,32,25,56.00000000000001,7.480000019073486,1.2288532257080078,occasional
WI_1,FOODS_3_415,FOODS,WI,1430,2011-07-02,2015-05-31,180,2014-12-03,116.0,0.644444465637207,53,29.444444444444446,70.55555555555554,2.1886792182922363,0.7990779876708984,3.3962264150943398,82,1,25,44.0,4.519999980926514,1.1160972118377686,occasional
WI_1,FOODS_3_440,FOODS,WI,436,2014-03-22,2015-05-31,180,2014-12-03,77.0,0.4277777671813965,52,28.888888888888886,71.11111111111111,1.4807692766189575,0.5212631225585938,3.4615384615384617,13,1,25,8.0,2.9600000381469727,0.5927489995956421,occasional
WI_1,FOODS_3_477,FOODS,WI,1584,2011-01-29,2015-05-31,180,2014-12-03,456.0,2.5333333015441895,156,86.66666666666667,13.33333333333333,2.923076868057251,0.6276375651359558,1.1538461538461537,2,0,25,0.0,17.440000534057617,0.3520025610923767,regular
WI_1,FOODS_3_486,FOODS,WI,1584,2011-01-29,2015-05-31,180,2014-12-03,99.0,0.550000011920929,67,37.22222222222222,62.77777777777778,1.4776118993759155,0.4729171395301819,2.6865671641791047,35,3,25,16.0,3.9600000381469727,0.6718500852584839,occasional
WI_1,FOODS_3_514,FOODS,WI,646,2013-08-24,2015-05-31,180,2014-12-03,378.0,2.0999999046325684,116,64.44444444444444,35.55555555555555,3.2586207389831543,0.893898069858551,1.5517241379310345,21,1,25,12.0,14.800000190734863,1.043432354927063,occasional
WI_1,FOODS_3_593,FOODS,WI,1430,2011-07-02,2015-05-31,180,2014-12-03,74.0,0.41111111640930176,52,28.888888888888886,71.11111111111111,1.423076868057251,0.7958071827888489,3.4615384615384617,11,8,25,16.0,2.9200000762939453,0.7371848225593567,occasional
WI_1,FOODS_3_609,FOODS,WI,1010,2012-08-25,2015-05-31,180,2014-12-03,84.0,0.46666666865348816,42,23.333333333333332,76.66666666666666,2.0,0.7319250702857971,4.285714285714286,86,86,25,64.0,3.319999933242798,1.5977375507354736,occasional
WI_1,FOODS_3_785,FOODS,WI,954,2012-10-20,2015-05-31,180,2014-12-03,2097.0,11.649999618530273,152,84.44444444444444,15.555555555555555,13.796052932739258,0.4369162321090698,1.1842105263157894,27,0,25,12.0,81.0,0.42827939987182617,regular
WI_1,HOBBIES_1_025,HOBBIES,WI,1584,2011-01-29,2015-05-31,180,2014-12-03,68.0,0.3777777850627899,45,25.0,75.0,1.5111111402511597,0.45469480752944946,4.0,9,0,25,4.0,2.7200000286102295,0.43525442481040955,occasional
WI_1,HOBBIES_1_038,HOBBIES,WI,1584,2011-01-29,2015-05-31,180,2014-12-03,13.0,0.07222222536802292,12,6.666666666666667,93.33333333333333,1.0833333730697632,0.2551249861717224,15.0,90,0,25,72.0,0.5199999809265137,1.9701921939849854,rare
WI_1,HOBBIES_1_090,HOBBIES,WI,709,2013-06-22,2015-05-31,180,2014-12-03,416.0,2.3111112117767334,110,61.111111111111114,38.888888888888886,3.781818151473999,0.8545123934745789,1.6363636363636365,5,0,25,0.0,15.84000015258789,0.4872755706310272,occasional
WI_1,HOBBIES_1_093,HOBBIES,WI,1073,2012-06-23,2015-05-31,180,2014-12-03,66.0,0.36666667461395264,46,25.555555555555554,74.44444444444444,1.43478262424469,0.49608197808265686,3.9130434782608696,12,0,25,12.0,2.5199999809265137,0.6838304996490479,occasional
WI_1,HOBBIES_1_113,HOBBIES,WI,737,2013-05-25,2015-05-31,180,2014-12-03,17.0,0.09444444626569748,15,8.333333333333332,91.66666666666666,1.1333333253860474,0.29994234442710876,12.0,32,8,25,60.0,0.6800000071525574,1.361863136291504,rare
WI_1,HOBBIES_1_201,HOBBIES,WI,1542,2011-03-12,2015-05-31,180,2014-12-03,8.0,0.04444444552063942,5,2.7777777777777777,97.22222222222221,1.600000023841858,0.5,36.0,93,45,25,88.0,0.3199999928474426,3.0259296894073486,rare
WI_1,HOBBIES_1_210,HOBBIES,WI,1199,2012-02-18,2015-05-31,180,2014-12-03,28.0,0.15555556118488312,18,10.0,90.0,1.5555555820465088,0.6144517660140991,10.0,108,5,25,64.0,1.1200000047683716,1.84404718875885,rare
WI_1,HOBBIES_1_254,HOBBIES,WI,1584,2011-01-29,2015-05-31,180,2014-12-03,382.0,2.1222221851348877,121,67.22222222222223,32.77777777777777,3.15702486038208,0.7135416865348816,1.487603305785124,3,1,25,0.0,14.960000038146973,0.3788308799266815,occasional
WI_1,HOBBIES_1_316,HOBBIES,WI,898,2012-12-15,2015-05-31,180,2014-12-03,272.0,1.5111111402511597,108,60.0,40.0,2.5185184478759766,0.7688660025596619,1.6666666666666667,7,0,25,0.0,10.800000190734863,0.659945547580719,occasional
WI_1,HOBBIES_1_353,HOBBIES,WI,709,2013-06-22,2015-05-31,180,2014-12-03,549.0,3.049999952316284,130,72.22222222222221,27.77777777777778,4.223076820373535,1.00388765335083,1.3846153846153846,6,0,25,0.0,21.1200008392334,0.4220808446407318,occasional
WI_1,HOBBIES_1_385,HOBBIES,WI,478,2014-02-08,2015-05-31,180,2014-12-03,66.0,0.36666667461395264,44,24.444444444444443,75.55555555555556,1.5,0.3892494738101959,4.090909090909091,74,0,25,36.0,2.640000104904175,0.8891757130622864,occasional
WI_1,HOBBIES_1_393,HOBBIES,WI,751,2013-05-11,2015-05-31,180,2014-12-03,113.0,0.6277777552604675,76,42.22222222222222,57.77777777777777,1.486842155456543,0.5399680137634277,2.3684210526315788,7,0,25,0.0,4.320000171661377,0.4616648256778717,occasional
WI_1,HOBBIES_1_424,HOBBIES,WI,1584,2011-01-29,2015-05-31,180,2014-12-03,229.0,1.2722222805023193,112,62.22222222222222,37.77777777777778,2.044642925262451,0.7405449151992798,1.6071428571428572,5,0,25,0.0,8.800000190734863,0.4065577983856201,occasional
WI_1,HOBBIES_2_005,HOBBIES,WI,1108,2012-05-19,2015-05-31,180,2014-12-03,31.0,0.17222222685813904,27,15.0,85.0,1.1481481790542603,0.38977566361427307,6.666666666666667,31,3,25,36.0,1.2000000476837158,0.9718253016471863,rare
WI_1,HOBBIES_2_008,HOBBIES,WI,1535,2011-03-19,2015-05-31,180,2014-12-03,15.0,0.0833333358168602,15,8.333333333333332,91.66666666666666,1.0,0.0,12.0,29,2,25,60.0,0.6000000238418579,1.4142135381698608,rare
WI_1,HOBBIES_2_017,HOBBIES,WI,1129,2012-04-28,2015-05-31,180,2014-12-03,81.0,0.44999998807907104,54,30.0,70.0,1.5,0.5983516573905945,3.3333333333333335,11,0,25,4.0,3.1600000858306885,0.6618691682815552,occasional
WI_1,HOBBIES_2_079,HOBBIES,WI,1367,2011-09-03,2015-05-31,180,2014-12-03,18.0,0.10000000149011612,16,8.88888888888889,91.11111111111111,1.125,0.4303314983844757,11.25,57,19,25,60.0,0.7200000286102295,1.4969104528427124,rare
WI_1,HOBBIES_2_120,HOBBIES,WI,1584,2011-01-29,2015-05-31,180,2014-12-03,65.0,0.3611111044883728,45,25.0,75.0,1.4444444179534912,0.5171611309051514,4.0,23,1,25,16.0,2.5199999809265137,0.9126639366149902,occasional
WI_1,HOUSEHOLD_1_104,HOUSEHOLD,WI,674,2013-07-27,2015-05-31,180,2014-12-03,16.0,0.08888889104127884,16,8.88888888888889,91.11111111111111,1.0,0.0,11.25,46,16,25,56.00000000000001,0.5600000023841858,1.2453997135162354,rare
WI_1,HOUSEHOLD_1_170,HOUSEHOLD,WI,1206,2012-02-11,2015-05-31,180,2014-12-03,220.0,1.2222222089767456,123,68.33333333333333,31.666666666666664,1.7886178493499756,0.5579626560211182,1.4634146341463414,3,0,25,0.0,8.640000343322754,0.3508758246898651,occasional
WI_1,HOUSEHOLD_1_256,HOUSEHOLD,WI,1584,2011-01-29,2015-05-31,180,2014-12-03,34.0,0.18888889253139496,34,18.88888888888889,81.11111111111111,1.0,0.0,5.294117647058823,24,0,25,32.0,1.3200000524520874,0.975362241268158,rare
WI_1,HOUSEHOLD_1_330,HOUSEHOLD,WI,457,2014-03-01,2015-05-31,180,2014-12-03,233.0,1.2944444417953491,125,69.44444444444444,30.555555555555557,1.8639999628067017,0.6082621216773987,1.44,4,0,25,0.0,9.15999984741211,0.3529832363128662,occasional
WI_1,HOUSEHOLD_1_414,HOUSEHOLD,WI,1199,2012-02-18,2015-05-31,180,2014-12-03,822.0,4.566666603088379,146,81.11111111111111,18.88888888888889,5.630136966705322,0.7948686480522156,1.2328767123287672,14,0,25,4.0,32.599998474121094,0.5689998269081116,regular
WI_1,HOUSEHOLD_1_460,HOUSEHOLD,WI,1584,2011-01-29,2015-05-31,180,2014-12-03,90.0,0.5,61,33.88888888888889,66.11111111111111,1.4754098653793335,0.4527011215686798,2.9508196721311477,55,55,25,28.000000000000004,3.440000057220459,0.8142855763435364,occasional
WI_1,HOUSEHOLD_1_462,HOUSEHOLD,WI,1584,2011-01-29,2015-05-31,180,2014-12-03,145.0,0.8055555820465088,65,36.11111111111111,63.888888888888886,2.230769157409668,0.6889652013778687,2.769230769230769,11,0,25,8.0,5.440000057220459,0.6326948404312134,occasional
WI_1,HOUSEHOLD_2_049,HOUSEHOLD,WI,898,2012-12-15,2015-05-31,180,2014-12-03,140.0,0.7777777910232544,85,47.22222222222222,52.77777777777778,1.6470588445663452,0.6226997971534729,2.1176470588235294,8,0,25,4.0,5.360000133514404,0.5030537247657776,occasional
WI_1,HOUSEHOLD_2_120,HOUSEHOLD,WI,240,2014-10-04,2015-05-31,180,2014-12-03,32.0,0.17777778208255768,29,16.11111111111111,83.88888888888889,1.1034482717514038,0.36443454027175903,6.206896551724138,25,0,25,28.000000000000004,1.2400000095367432,0.8312321305274963,rare
WI_1,HOUSEHOLD_2_158,HOUSEHOLD,WI,1444,2011-06-18,2015-05-31,180,2014-12-03,18.0,0.10000000149011612,18,10.0,90.0,1.0,0.0,10.0,91,1,25,52.0,0.6399999856948853,1.1592023372650146,rare
WI_1,HOUSEHOLD_2_184,HOUSEHOLD,WI,1584,2011-01-29,2015-05-31,180,2014-12-03,86.0,0.47777777910232544,57,31.666666666666664,68.33333333333333,1.5087718963623047,0.542912483215332,3.1578947368421053,31,5,25,20.0,3.440000057220459,0.7403607964515686,occasional
WI_1,HOUSEHOLD_2_194,HOUSEHOLD,WI,485,2014-02-01,2015-05-31,180,2014-12-03,30.0,0.1666666716337204,27,15.0,85.0,1.1111111640930176,0.37416574358940125,6.666666666666667,30,30,25,32.0,1.0800000429153442,0.9041892886161804,rare
WI_1,HOUSEHOLD_2_267,HOUSEHOLD,WI,1248,2011-12-31,2015-05-31,180,2014-12-03,98.0,0.5444444417953491,77,42.77777777777778,57.22222222222222,1.2727272510528564,0.3930889666080475,2.3376623376623376,10,1,25,4.0,3.799999952316284,0.6092545986175537,occasional
WI_1,HOUSEHOLD_2_307,HOUSEHOLD,WI,499,2014-01-18,2015-05-31,180,2014-12-03,15.0,0.0833333358168602,14,7.777777777777778,92.22222222222223,1.0714285373687744,0.24037010967731476,12.857142857142858,31,6,25,52.0,0.5600000023841858,1.1383841037750244,rare
WI_1,HOUSEHOLD_2_334,HOUSEHOLD,WI,1584,2011-01-29,2015-05-31,180,2014-12-03,30.0,0.1666666716337204,21,11.666666666666666,88.33333333333333,1.4285714626312256,0.4618802070617676,8.571428571428571,22,0,25,36.0,1.0800000429153442,0.9771040678024292,rare
WI_1,HOUSEHOLD_2_347,HOUSEHOLD,WI,1584,2011-01-29,2015-05-31,180,2014-12-03,42.0,0.23333333432674408,34,18.88888888888889,81.11111111111111,1.2352941036224365,0.3955535292625427,5.294117647058823,13,9,25,12.0,1.6399999856948853,0.6425336599349976,rare
WI_1,HOUSEHOLD_2_407,HOUSEHOLD,WI,1584,2011-01-29,2015-05-31,180,2014-12-03,25.0,0.1388888955116272,24,13.333333333333334,86.66666666666667,1.0416666269302368,0.1918332725763321,7.5,26,7,25,32.0,0.9599999785423279,0.9071475863456726,rare
WI_1,HOUSEHOLD_2_438,HOUSEHOLD,WI,1570,2011-02-12,2015-05-31,180,2014-12-03,73.0,0.4055555462837219,54,30.0,70.0,1.3518518209457397,0.5542446374893188,3.3333333333333335,14,1,25,12.0,2.5999999046325684,0.5858287215232849,occasional
WI_2,FOODS_1_129,FOODS,WI,1584,2011-01-29,2015-05-31,180,2014-12-03,332.0,1.8444443941116333,135,75.0,25.0,2.459259271621704,0.6429576873779297,1.3333333333333333,3,0,25,0.0,13.079999923706055,0.38556376099586487,occasional
WI_2,FOODS_1_137,FOODS,WI,1584,2011-01-29,2015-05-31,180,2014-12-03,367.0,2.038888931274414,101,56.111111111111114,43.888888888888886,3.6336634159088135,0.8148460388183594,1.7821782178217822,15,0,25,8.0,12.359999656677246,0.6639748811721802,occasional
WI_2,FOODS_1_187,FOODS,WI,1556,2011-02-26,2015-05-31,180,2014-12-03,117.0,0.6499999761581421,64,35.55555555555556,64.44444444444444,1.828125,0.6526579856872559,2.8125,23,23,25,16.0,4.679999828338623,0.7614037394523621,occasional
WI_2,FOODS_3_002,FOODS,WI,590,2013-10-19,2015-05-31,180,2014-12-03,2752.0,15.288888931274414,170,94.44444444444444,5.555555555555558,16.188236236572266,0.5341317057609558,1.0588235294117647,7,0,25,0.0,103.95999908447266,0.46540847420692444,regular
WI_2,FOODS_3_010,FOODS,WI,758,2013-05-04,2015-05-31,180,2014-12-03,109.0,0.605555534362793,77,42.77777777777778,57.22222222222222,1.4155844449996948,0.5382436513900757,2.3376623376623376,7,2,25,0.0,4.159999847412109,0.5425667762756348,occasional
WI_2,FOODS_3_034,FOODS,WI,646,2013-08-24,2015-05-31,180,2014-12-03,151.0,0.8388888835906982,87,48.333333333333336,51.66666666666666,1.7356321811676025,0.5053114891052246,2.0689655172413794,20,0,25,12.0,5.71999979019165,0.6643725037574768,occasional
WI_2,FOODS_3_123,FOODS,WI,1584,2011-01-29,2015-05-31,180,2014-12-03,66.0,0.36666667461395264,41,22.77777777777778,77.22222222222223,1.6097561120986938,0.580126941204071,4.390243902439025,63,63,25,40.0,2.5199999809265137,1.0888935327529907,occasional
WI_2,FOODS_3_317,FOODS,WI,1584,2011-01-29,2015-05-31,180,2014-12-03,97.0,0.5388888716697693,46,25.555555555555554,74.44444444444444,2.1086957454681396,0.8227424025535583,3.9130434782608696,56,0,25,44.0,3.7200000286102295,1.0873513221740723,occasional
WI_2,FOODS_3_381,FOODS,WI,912,2012-12-01,2015-05-31,180,2014-12-03,84.0,0.46666666865348816,46,25.555555555555554,74.44444444444444,1.8260869979858398,0.5966649055480957,3.9130434782608696,76,31,25,56.00000000000001,3.359999895095825,1.3596467971801758,occasional
WI_2,FOODS_3_415,FOODS,WI,1521,2011-04-02,2015-05-31,180,2014-12-03,265.0,1.4722222089767456,76,42.22222222222222,57.77777777777777,3.486842155456543,0.5494811534881592,2.3684210526315788,85,1,25,44.0,9.760000228881836,1.1942626237869263,occasional
WI_2,FOODS_3_440,FOODS,WI,436,2014-03-22,2015-05-31,180,2014-12-03,29.0,0.16111111640930176,20,11.11111111111111,88.88888888888889,1.4500000476837158,0.5962626338005066,9.0,47,7,25,52.0,1.0800000429153442,1.5913000106811523,rare
WI_2,FOODS_3_477,FOODS,WI,1584,2011-01-29,2015-05-31,180,2014-12-03,317.0,1.7611111402511597,137,76.11111111111111,23.888888888888893,2.313868522644043,0.552005410194397,1.313868613138686,3,1,25,0.0,12.359999656677246,0.412465900182724,occasional
WI_2,FOODS_3_486,FOODS,WI,1584,2011-01-29,2015-05-31,180,2014-12-03,30.0,0.1666666716337204,17,9.444444444444445,90.55555555555556,1.7647058963775635,0.6879922151565552,10.588235294117647,103,12,25,68.0,1.2000000476837158,2.7888667583465576,rare
WI_2,FOODS_3_514,FOODS,WI,646,2013-08-24,2015-05-31,180,2014-12-03,114.0,0.6333333253860474,80,44.44444444444444,55.55555555555556,1.4249999523162842,0.4934161901473999,2.25,21,0,25,8.0,4.559999942779541,0.693703830242157,occasional
WI_2,FOODS_3_593,FOODS,WI,1423,2011-07-09,2015-05-31,180,2014-12-03,47.0,0.2611111104488373,38,21.11111111111111,78.88888888888889,1.236842155456543,0.39058637619018555,4.7368421052631575,19,13,25,24.0,1.8799999952316284,0.8284221887588501,occasional
WI_2,FOODS_3_609,FOODS,WI,1031,2012-08-04,2015-05-31,180,2014-12-03,61.0,0.33888888359069824,36,20.0,80.0,1.6944444179534912,0.6034479141235352,5.0,112,112,25,64.0,2.1600000858306885,1.5083215236663818,occasional
WI_2,FOODS_3_785,FOODS,WI,933,2012-11-10,2015-05-31,180,2014-12-03,1266.0,7.0333333015441895,149,82.77777777777777,17.22222222222223,8.496644020080566,0.8417294025421143,1.2080536912751678,27,0,25,12.0,49.400001525878906,0.630721926689148,regular
WI_2,HOBBIES_1_025,HOBBIES,WI,1577,2011-02-05,2015-05-31,180,2014-12-03,43.0,0.23888888955116272,28,15.555555555555555,84.44444444444444,1.5357142686843872,0.6390061378479004,6.428571428571429,25,7,25,28.000000000000004,1.7200000286102295,1.08482825756073,rare
WI_2,HOBBIES_1_038,HOBBIES,WI,1584,2011-01-29,2015-05-31,180,2014-12-03,61.0,0.33888888359069824,49,27.22222222222222,72.77777777777779,1.2448979616165161,0.3816539943218231,3.673469387755102,14,3,25,16.0,2.319999933242798,0.7183678150177002,occasional
WI_2,HOBBIES_1_090,HOBBIES,WI,709,2013-06-22,2015-05-31,180,2014-12-03,125.0,0.6944444179534912,57,31.666666666666664,68.33333333333333,2.1929824352264404,0.7269883155822754,3.1578947368421053,19,1,25,12.0,4.880000114440918,0.7696192860603333,occasional
WI_2,HOBBIES_1_093,HOBBIES,WI,1031,2012-08-04,2015-05-31,180,2014-12-03,25.0,0.1388888955116272,23,12.777777777777777,87.22222222222223,1.08695650100708,0.2592296600341797,7.826086956521739,15,1,25,28.000000000000004,0.9599999785423279,0.8057950139045715,rare
WI_2,HOBBIES_1_113,HOBBIES,WI,737,2013-05-25,2015-05-31,180,2014-12-03,33.0,0.18333333730697632,26,14.444444444444443,85.55555555555556,1.2692307233810425,0.3494715988636017,6.923076923076923,58,4,25,52.0,1.2400000095367432,1.1913667917251587,rare
WI_2,HOBBIES_1_201,HOBBIES,WI,1584,2011-01-29,2015-05-31,180,2014-12-03,119.0,0.6611111164093018,88,48.888888888888886,51.11111111111111,1.3522727489471436,0.4990634322166443,2.0454545454545454,7,4,25,0.0,4.679999828338623,0.47093942761421204,occasional
WI_2,HOBBIES_1_210,HOBBIES,WI,1199,2012-02-18,2015-05-31,180,2014-12-03,49.0,0.27222222089767456,34,18.88888888888889,81.11111111111111,1.441176414489746,0.5875992774963379,5.294117647058823,28,14,25,40.0,1.9199999570846558,1.1307721138000488,rare
WI_2,HOBBIES_1_254,HOBBIES,WI,1584,2011-01-29,2015-05-31,180,2014-12-03,203.0,1.1277778148651123,90,50.0,50.0,2.2555556297302246,0.9521671533584595,2.0,6,0,25,0.0,7.28000020980835,0.5088279843330383,occasional
WI_2,HOBBIES_1_316,HOBBIES,WI,744,2013-05-18,2015-05-31,180,2014-12-03,216.0,1.2000000476837158,91,50.55555555555556,49.44444444444444,2.373626470565796,1.1476625204086304,1.978021978021978,7,0,25,0.0,8.600000381469727,1.0503803491592407,occasional
WI_2,HOBBIES_1_353,HOBBIES,WI,709,2013-06-22,2015-05-31,180,2014-12-03,202.0,1.1222221851348877,71,39.44444444444444,60.555555555555564,2.8450703620910645,0.8016133904457092,2.535211267605634,7,1,25,4.0,8.0,0.5947688817977905,occasional
WI_2,HOBBIES_1_385,HOBBIES,WI,471,2014-02-15,2015-05-31,180,2014-12-03,27.0,0.15000000596046448,22,12.222222222222221,87.77777777777777,1.2272727489471436,0.4206598699092865,8.181818181818182,77,9,25,48.0,1.0800000429153442,1.1688692569732666,rare
WI_2,HOBBIES_1_393,HOBBIES,WI,674,2013-07-27,2015-05-31,180,2014-12-03,53.0,0.2944444417953491,46,25.555555555555554,74.44444444444444,1.1521738767623901,0.3604712188243866,3.9130434782608696,19,3,25,20.0,2.0799999237060547,0.7185208201408386,occasional
WI_2,HOBBIES_1_424,HOBBIES,WI,1584,2011-01-29,2015-05-31,180,2014-12-03,29.0,0.16111111640930176,25,13.88888888888889,86.11111111111111,1.159999966621399,0.31603971123695374,7.2,27,13,25,36.0,1.159999966621399,0.995829701423645,rare
WI_2,HOBBIES_2_005,HOBBIES,WI,1087,2012-06-09,2015-05-31,180,2014-12-03,9.0,0.05000000074505806,8,4.444444444444445,95.55555555555556,1.125,0.293972373008728,22.5,72,70,25,80.0,0.3199999928474426,2.1139419078826904,rare
WI_2,HOBBIES_2_008,HOBBIES,WI,1535,2011-03-19,2015-05-31,180,2014-12-03,3.0,0.01666666753590107,3,1.6666666666666667,98.33333333333333,1.0,0.0,60.0,77,22,25,88.0,0.11999999731779099,2.708012819290161,rare
WI_2,HOBBIES_2_017,HOBBIES,WI,1122,2012-05-05,2015-05-31,180,2014-12-03,44.0,0.24444444477558136,31,17.22222222222222,82.77777777777777,1.419354796409607,0.43002021312713623,5.806451612903226,21,8,25,24.0,1.7599999904632568,0.7918750643730164,rare
WI_2,HOBBIES_2_079,HOBBIES,WI,1416,2011-07-16,2015-05-31,180,2014-12-03,9.0,0.05000000074505806,6,3.3333333333333335,96.66666666666667,1.5,0.5091750621795654,30.0,98,98,25,84.0,0.36000001430511475,2.4695677757263184,rare
WI_2,HOBBIES_2_120,HOBBIES,WI,1584,2011-01-29,2015-05-31,180,2014-12-03,33.0,0.18333333730697632,26,14.444444444444443,85.55555555555556,1.2692307233810425,0.5151515007019043,6.923076923076923,37,1,25,44.0,1.3200000524520874,1.2806390523910522,rare
WI_2,HOUSEHOLD_1_104,HOUSEHOLD,WI,674,2013-07-27,2015-05-31,180,2014-12-03,41.0,0.22777777910232544,35,19.444444444444446,80.55555555555556,1.1714285612106323,0.4779491722583771,5.142857142857143,22,13,25,20.0,1.559999942779541,0.6803332567214966,rare
WI_2,HOUSEHOLD_1_170,HOUSEHOLD,WI,1234,2012-01-14,2015-05-31,180,2014-12-03,313.0,1.7388888597488403,137,76.11111111111111,23.888888888888893,2.2846715450286865,0.636705219745636,1.313868613138686,3,0,25,0.0,12.039999961853027,0.3085232377052307,occasional
WI_2,HOUSEHOLD_1_256,HOUSEHOLD,WI,1584,2011-01-29,2015-05-31,180,2014-12-03,50.0,0.2777777910232544,35,19.444444444444446,80.55555555555556,1.4285714626312256,0.6542170643806458,5.142857142857143,43,0,25,44.0,2.0,1.4764822721481323,rare
WI_2,HOUSEHOLD_1_330,HOUSEHOLD,WI,457,2014-03-01,2015-05-31,180,2014-12-03,230.0,1.2777777910232544,119,66.11111111111111,33.88888888888889,1.9327731132507324,0.5951601266860962,1.5126050420168067,5,1,25,0.0,9.039999961853027,0.45714619755744934,occasional
WI_2,HOUSEHOLD_1_414,HOUSEHOLD,WI,1185,2012-03-03,2015-05-31,180,2014-12-03,965.0,5.361111164093018,139,77.22222222222223,22.777777777777775,6.942446231842041,0.8624800443649292,1.2949640287769784,14,0,25,8.0,38.560001373291016,0.7406696677207947,occasional
WI_2,HOUSEHOLD_1_460,HOUSEHOLD,WI,1584,2011-01-29,2015-05-31,180,2014-12-03,84.0,0.46666666865348816,57,31.666666666666664,68.33333333333333,1.4736841917037964,0.5839403867721558,3.1578947368421053,53,53,25,32.0,3.2799999713897705,0.9228090047836304,occasional
WI_2,HOUSEHOLD_1_462,HOUSEHOLD,WI,1360,2011-09-10,2015-05-31,180,2014-12-03,173.0,0.9611111283302307,40,22.22222222222222,77.77777777777779,4.324999809265137,0.9869168996810913,4.5,61,61,25,48.0,6.400000095367432,1.316214919090271,occasional
WI_2,HOUSEHOLD_2_049,HOUSEHOLD,WI,898,2012-12-15,2015-05-31,180,2014-12-03,41.0,0.22777777910232544,29,16.11111111111111,83.88888888888889,1.4137930870056152,0.4742005169391632,6.206896551724138,38,38,25,56.00000000000001,1.3600000143051147,1.2967885732650757,rare
WI_2,HOUSEHOLD_2_120,HOUSEHOLD,WI,247,2014-09-27,2015-05-31,180,2014-12-03,10.0,0.0555555559694767,8,4.444444444444445,95.55555555555556,1.25,0.3464101552963257,22.5,37,37,25,68.0,0.4000000059604645,1.5811389684677124,rare
WI_2,HOUSEHOLD_2_158,HOUSEHOLD,WI,1451,2011-06-11,2015-05-31,180,2014-12-03,6.0,0.03333333507180214,6,3.3333333333333335,96.66666666666667,1.0,0.0,30.0,88,88,25,84.0,0.23999999463558197,2.708012580871582,rare
WI_2,HOUSEHOLD_2_184,HOUSEHOLD,WI,1584,2011-01-29,2015-05-31,180,2014-12-03,16.0,0.08888889104127884,13,7.222222222222221,92.77777777777779,1.2307692766189575,0.46770721673965454,13.846153846153847,75,16,25,72.0,0.6399999856948853,1.9704854488372803,rare
WI_2,HOUSEHOLD_2_194,HOUSEHOLD,WI,268,2014-09-06,2015-05-31,180,2014-12-03,40.0,0.2222222238779068,34,18.88888888888889,81.11111111111111,1.1764706373214722,0.38405725359916687,5.294117647058823,20,16,25,24.0,1.600000023841858,0.9013878703117371,rare
WI_2,HOUSEHOLD_2_267,HOUSEHOLD,WI,1584,2011-01-29,2015-05-31,180,2014-12-03,14.0,0.07777778059244156,12,6.666666666666667,93.33333333333333,1.1666666269302368,0.31943830847740173,15.0,119,6,25,68.0,0.5600000023841858,1.6812288761138916,rare
WI_2,HOUSEHOLD_2_307,HOUSEHOLD,WI,506,2014-01-11,2015-05-31,180,2014-12-03,3.0,0.01666666753590107,3,1.6666666666666667,98.33333333333333,1.0,0.0,60.0,95,95,25,88.0,0.11999999731779099,2.708012819290161,rare
WI_2,HOUSEHOLD_2_334,HOUSEHOLD,WI,1451,2011-06-11,2015-05-31,180,2014-12-03,48.0,0.2666666805744171,37,20.555555555555554,79.44444444444446,1.2972972393035889,0.6173139214515686,4.864864864864865,17,0,25,16.0,1.9199999570846558,0.8057949542999268,occasional
WI_2,HOUSEHOLD_2_347,HOUSEHOLD,WI,1584,2011-01-29,2015-05-31,180,2014-12-03,15.0,0.0833333358168602,13,7.222222222222221,92.77777777777779,1.1538461446762085,0.31269440054893494,13.846153846153847,24,21,25,60.0,0.6000000238418579,1.3333332538604736,rare
WI_2,HOUSEHOLD_2_407,HOUSEHOLD,WI,1584,2011-01-29,2015-05-31,180,2014-12-03,9.0,0.05000000074505806,8,4.444444444444445,95.55555555555556,1.125,0.293972373008728,22.5,68,19,25,76.0,0.3199999928474426,1.9202866554260254,rare
WI_2,HOUSEHOLD_2_438,HOUSEHOLD,WI,1584,2011-01-29,2015-05-31,180,2014-12-03,76.0,0.42222222685813904,59,32.77777777777778,67.22222222222223,1.2881356477737427,0.4751439690589905,3.0508474576271185,12,6,25,12.0,2.9600000381469727,0.6444118022918701,occasional
WI_3,FOODS_1_129,FOODS,WI,1584,2011-01-29,2015-05-31,180,2014-12-03,309.0,1.7166666984558105,114,63.33333333333333,36.66666666666667,2.71052622795105,0.7093583345413208,1.5789473684210527,12,0,25,4.0,12.119999885559082,0.6659473776817322,occasional
WI_3,FOODS_1_137,FOODS,WI,1584,2011-01-29,2015-05-31,180,2014-12-03,417.0,2.316666603088379,100,55.55555555555556,44.44444444444444,4.170000076293945,0.8061656355857849,1.8,21,1,25,12.0,15.4399995803833,0.9786577224731445,occasional
WI_3,FOODS_1_187,FOODS,WI,1570,2011-02-12,2015-05-31,180,2014-12-03,95.0,0.5277777910232544,61,33.88888888888889,66.11111111111111,1.5573770999908447,0.5518038868904114,2.9508196721311477,29,29,25,20.0,3.680000066757202,0.8652064204216003,occasional
WI_3,FOODS_3_002,FOODS,WI,590,2013-10-19,2015-05-31,180,2014-12-03,716.0,3.9777777194976807,146,81.11111111111111,18.88888888888889,4.904109477996826,0.5764147639274597,1.2328767123287672,8,0,25,0.0,27.360000610351562,0.3768528401851654,regular
WI_3,FOODS_3_010,FOODS,WI,765,2013-04-27,2015-05-31,180,2014-12-03,167.0,0.9277777671813965,101,56.111111111111114,43.888888888888886,1.6534653902053833,0.4695160686969757,1.7821782178217822,6,0,25,0.0,6.480000019073486,0.45803964138031006,occasional
WI_3,FOODS_3_034,FOODS,WI,646,2013-08-24,2015-05-31,180,2014-12-03,108.0,0.6000000238418579,71,39.44444444444444,60.555555555555564,1.5211267471313477,0.5501277446746826,2.535211267605634,29,0,25,28.000000000000004,4.320000171661377,0.8479176163673401,occasional
WI_3,FOODS_3_123,FOODS,WI,1584,2011-01-29,2015-05-31,180,2014-12-03,53.0,0.2944444417953491,40,22.22222222222222,77.77777777777779,1.3250000476837158,0.42651525139808655,4.5,46,46,25,32.0,2.0799999237060547,0.8373669981956482,occasional
WI_3,FOODS_3_317,FOODS,WI,1584,2011-01-29,2015-05-31,180,2014-12-03,94.0,0.5222222208976746,42,23.333333333333332,76.66666666666666,2.238095283508301,1.2817273139953613,4.285714285714286,62,3,25,36.0,3.640000104904175,1.514491319656372,occasional
WI_3,FOODS_3_381,FOODS,WI,905,2012-12-08,2015-05-31,180,2014-12-03,87.0,0.4833333194255829,49,27.22222222222222,72.77777777777779,1.7755101919174194,0.5831563472747803,3.673469387755102,76,31,25,56.00000000000001,3.4800000190734863,1.3208893537521362,occasional
WI_3,FOODS_3_415,FOODS,WI,1521,2011-04-02,2015-05-31,180,2014-12-03,108.0,0.6000000238418579,58,32.22222222222222,67.77777777777779,1.862069010734558,0.6648638248443604,3.103448275862069,85,6,25,44.0,4.079999923706055,1.1262141466140747,occasional
WI_3,FOODS_3_440,FOODS,WI,415,2014-04-12,2015-05-31,180,2014-12-03,45.0,0.25,33,18.333333333333332,81.66666666666667,1.3636363744735718,0.43546488881111145,5.454545454545454,26,3,25,20.0,1.7200000286102295,0.7449124455451965,rare
WI_3,FOODS_3_477,FOODS,WI,1584,2011-01-29,2015-05-31,180,2014-12-03,281.0,1.5611110925674438,130,72.22222222222221,27.77777777777778,2.1615383625030518,0.5902433395385742,1.3846153846153846,4,0,25,0.0,11.079999923706055,0.3268294632434845,occasional
WI_3,FOODS_3_486,FOODS,WI,1584,2011-01-29,2015-05-31,180,2014-12-03,37.0,0.20555555820465088,28,15.555555555555555,84.44444444444444,1.3214285373687744,0.5739665031433105,6.428571428571429,37,11,25,40.0,1.4800000190734863,1.1799395084381104,rare
WI_3,FOODS_3_514,FOODS,WI,597,2013-10-12,2015-05-31,180,2014-12-03,0.0,0.0,0,0.0,100.0,,,,180,180,25,100.0,0.0,,dormant
WI_3,FOODS_3_593,FOODS,WI,1374,2011-08-27,2015-05-31,180,2014-12-03,37.0,0.20555555820465088,32,17.77777777777778,82.22222222222221,1.15625,0.3812631368637085,5.625,19,4,25,32.0,1.4800000190734863,1.0134234428405762,rare
WI_3,FOODS_3_609,FOODS,WI,1038,2012-07-28,2015-05-31,180,2014-12-03,26.0,0.14444445073604584,16,8.88888888888889,91.11111111111111,1.625,0.6481653451919556,11.25,86,86,25,80.0,1.0399999618530273,2.2174670696258545,rare
WI_3,FOODS_3_785,FOODS,WI,961,2012-10-13,2015-05-31,180,2014-12-03,1631.0,9.061111450195312,150,83.33333333333334,16.666666666666664,10.873332977294922,0.5058856010437012,1.2,27,0,25,12.0,63.599998474121094,0.4133037328720093,regular
WI_3,HOBBIES_1_025,HOBBIES,WI,1584,2011-01-29,2015-05-31,180,2014-12-03,91.0,0.5055555701255798,54,30.0,70.0,1.685185194015503,0.7296737432479858,3.3333333333333335,12,5,25,8.0,3.5999999046325684,0.7412036061286926,occasional
WI_3,HOBBIES_1_038,HOBBIES,WI,1584,2011-01-29,2015-05-31,180,2014-12-03,66.0,0.36666667461395264,50,27.77777777777778,72.22222222222221,1.3200000524520874,0.4132782220840454,3.6,13,0,25,12.0,2.5999999046325684,0.6965681314468384,occasional
WI_3,HOBBIES_1_090,HOBBIES,WI,709,2013-06-22,2015-05-31,180,2014-12-03,185.0,1.0277777910232544,77,42.77777777777778,57.22222222222222,2.402597427368164,0.6615386009216309,2.3376623376623376,9,1,25,8.0,7.119999885559082,0.7306827902793884,occasional
WI_3,HOBBIES_1_093,HOBBIES,WI,1066,2012-06-30,2015-05-31,180,2014-12-03,23.0,0.12777778506278992,21,11.666666666666666,88.33333333333333,1.0952380895614624,0.2680180072784424,8.571428571428571,28,28,25,40.0,0.8799999952316284,1.2162806987762451,rare
WI_3,HOBBIES_1_113,HOBBIES,WI,723,2013-06-08,2015-05-31,180,2014-12-03,1.0,0.0055555556900799274,1,0.5555555555555556,99.44444444444444,1.0,,180.0,107,107,25,96.0,0.03999999910593033,4.898980140686035,rare
WI_3,HOBBIES_1_201,HOBBIES,WI,1584,2011-01-29,2015-05-31,180,2014-12-03,133.0,0.7388888597488403,94,52.22222222222223,47.77777777777777,1.414893627166748,0.56850266456604,1.9148936170212767,7,0,25,0.0,5.159999847412109,0.44423404335975647,occasional
WI_3,HOBBIES_1_210,HOBBIES,WI,1199,2012-02-18,2015-05-31,180,2014-12-03,90.0,0.5,62,34.44444444444444,65.55555555555556,1.451612949371338,0.4740161895751953,2.903225806451613,17,0,25,8.0,3.559999942779541,0.6698363423347473,occasional
WI_3,HOBBIES_1_254,HOBBIES,WI,1584,2011-01-29,2015-05-31,180,2014-12-03,377.0,2.094444513320923,105,58.333333333333336,41.666666666666664,3.5904762744903564,0.7818232178688049,1.7142857142857142,11,0,25,0.0,14.880000114440918,0.3970494866371155,occasional
WI_3,HOBBIES_1_316,HOBBIES,WI,1122,2012-05-05,2015-05-31,180,2014-12-03,197.0,1.0944443941116333,69,38.333333333333336,61.66666666666667,2.855072498321533,0.9338997602462769,2.608695652173913,28,9,25,20.0,7.880000114440918,1.2126137018203735,occasional
WI_3,HOBBIES_1_353,HOBBIES,WI,709,2013-06-22,2015-05-31,180,2014-12-03,211.0,1.1722222566604614,88,48.888888888888886,51.11111111111111,2.3977272510528564,0.6670016646385193,2.0454545454545454,9,1,25,0.0,7.920000076293945,0.5768640637397766,occasional
WI_3,HOBBIES_1_385,HOBBIES,WI,464,2014-02-22,2015-05-31,180,2014-12-03,31.0,0.17222222685813904,23,12.777777777777777,87.22222222222223,1.3478261232376099,0.41561609506607056,7.826086956521739,30,8,25,40.0,1.2400000095367432,1.2130062580108643,rare
WI_3,HOBBIES_1_393,HOBBIES,WI,688,2013-07-13,2015-05-31,180,2014-12-03,29.0,0.16111111640930176,26,14.444444444444443,85.55555555555556,1.115384578704834,0.2864353060722351,6.923076923076923,31,1,25,36.0,1.159999966621399,1.0252461433410645,rare
WI_3,HOBBIES_1_424,HOBBIES,WI,1577,2011-02-05,2015-05-31,180,2014-12-03,77.0,0.4277777671813965,50,27.77777777777778,72.22222222222221,1.5399999618530273,0.5692105889320374,3.6,10,0,25,4.0,2.880000114440918,0.7752936482429504,occasional
WI_3,HOBBIES_2_005,HOBBIES,WI,730,2013-06-01,2015-05-31,180,2014-12-03,11.0,0.06111111119389534,11,6.111111111111111,93.88888888888889,1.0,0.0,16.363636363636363,49,14,25,64.0,0.4399999976158142,1.4488525390625,rare
WI_3,HOBBIES_2_008,HOBBIES,WI,1535,2011-03-19,2015-05-31,180,2014-12-03,10.0,0.0555555559694767,10,5.555555555555555,94.44444444444444,1.0,0.0,18.0,81,8,25,68.0,0.4000000059604645,1.5811388492584229,rare
WI_3,HOBBIES_2_017,HOBBIES,WI,1129,2012-04-28,2015-05-31,180,2014-12-03,31.0,0.17222222685813904,27,15.0,85.0,1.1481481790542603,0.3094084560871124,6.666666666666667,33,7,25,32.0,1.2400000095367432,0.799323320388794,rare
WI_3,HOBBIES_2_079,HOBBIES,WI,1451,2011-06-11,2015-05-31,180,2014-12-03,5.0,0.02777777798473835,5,2.7777777777777777,97.22222222222221,1.0,0.0,36.0,113,33,25,84.0,0.20000000298023224,2.4494895935058594,rare
WI_3,HOBBIES_2_120,HOBBIES,WI,1584,2011-01-29,2015-05-31,180,2014-12-03,43.0,0.23888888955116272,29,16.11111111111111,83.88888888888889,1.482758641242981,0.6037560105323792,6.206896551724138,58,6,25,48.0,1.7200000286102295,1.1688215732574463,rare
WI_3,HOUSEHOLD_1_104,HOUSEHOLD,WI,653,2013-08-17,2015-05-31,180,2014-12-03,18.0,0.10000000149011612,16,8.88888888888889,91.11111111111111,1.125,0.293972373008728,11.25,41,22,25,56.00000000000001,0.7200000286102295,1.3333333730697632,rare
WI_3,HOUSEHOLD_1_170,HOUSEHOLD,WI,1388,2011-08-13,2015-05-31,180,2014-12-03,245.0,1.3611111640930176,124,68.88888888888889,31.11111111111111,1.975806474685669,0.5395633578300476,1.4516129032258065,3,0,25,0.0,9.640000343322754,0.2857954204082489,occasional
WI_3,HOUSEHOLD_1_256,HOUSEHOLD,WI,1584,2011-01-29,2015-05-31,180,2014-12-03,62.0,0.3444444537162781,46,25.555555555555554,74.44444444444444,1.3478261232376099,0.5181412696838379,3.9130434782608696,58,6,25,44.0,2.4800000190734863,1.118150234222412,occasional
WI_3,HOUSEHOLD_1_330,HOUSEHOLD,WI,457,2014-03-01,2015-05-31,180,2014-12-03,140.0,0.7777777910232544,75,41.66666666666667,58.33333333333333,1.8666666746139526,0.6565991640090942,2.4,20,0,25,20.0,5.400000095367432,0.841319739818573,occasional
WI_3,HOUSEHOLD_1_414,HOUSEHOLD,WI,1206,2012-02-11,2015-05-31,180,2014-12-03,795.0,4.416666507720947,146,81.11111111111111,18.88888888888889,5.4452056884765625,0.7458356022834778,1.2328767123287672,14,0,25,4.0,31.040000915527344,0.6851429343223572,regular
WI_3,HOUSEHOLD_1_460,HOUSEHOLD,WI,1584,2011-01-29,2015-05-31,180,2014-12-03,36.0,0.20000000298023224,27,15.0,85.0,1.3333333730697632,0.4564354419708252,6.666666666666667,65,65,25,52.0,1.3600000143051147,1.2629947662353516,rare
WI_3,HOUSEHOLD_1_462,HOUSEHOLD,WI,1584,2011-01-29,2015-05-31,180,2014-12-03,305.0,1.6944444179534912,101,56.111111111111114,43.888888888888886,3.0198020935058594,0.7499099373817444,1.7821782178217822,12,1,25,0.0,11.640000343322754,0.6785875558853149,occasional
WI_3,HOUSEHOLD_2_049,HOUSEHOLD,WI,884,2012-12-29,2015-05-31,180,2014-12-03,129.0,0.7166666388511658,89,49.44444444444444,50.55555555555556,1.449438214302063,0.4626550078392029,2.0224719101123596,6,0,25,0.0,5.079999923706055,0.5070034265518188,occasional
WI_3,HOUSEHOLD_2_120,HOUSEHOLD,WI,233,2014-10-11,2015-05-31,180,2014-12-03,16.0,0.08888889104127884,15,8.333333333333332,91.66666666666666,1.0666667222976685,0.23385360836982727,12.0,50,8,25,52.0,0.6399999856948853,1.1592023372650146,rare
WI_3,HOUSEHOLD_2_158,HOUSEHOLD,WI,1374,2011-08-27,2015-05-31,180,2014-12-03,7.0,0.03888889029622078,7,3.888888888888889,96.11111111111111,1.0,0.0,25.714285714285715,92,92,25,76.0,0.2800000011920929,1.8952142000198364,rare
WI_3,HOUSEHOLD_2_184,HOUSEHOLD,WI,1584,2011-01-29,2015-05-31,180,2014-12-03,36.0,0.20000000298023224,32,17.77777777777778,82.22222222222221,1.125,0.293972373008728,5.625,74,0,25,40.0,1.3200000524520874,1.0435863733291626,rare
WI_3,HOUSEHOLD_2_194,HOUSEHOLD,WI,268,2014-09-06,2015-05-31,180,2014-12-03,22.0,0.12222222238779068,20,11.11111111111111,88.88888888888889,1.100000023841858,0.27272725105285645,9.0,21,21,25,48.0,0.8399999737739563,1.245399832725525,rare
WI_3,HOUSEHOLD_2_267,HOUSEHOLD,WI,1241,2012-01-07,2015-05-31,180,2014-12-03,48.0,0.2666666805744171,38,21.11111111111111,78.88888888888889,1.263157844543457,0.3486083745956421,4.7368421052631575,17,7,25,28.000000000000004,1.8799999952316284,0.990219235420227,occasional
WI_3,HOUSEHOLD_2_307,HOUSEHOLD,WI,499,2014-01-18,2015-05-31,180,2014-12-03,0.0,0.0,0,0.0,100.0,,,,180,180,25,100.0,0.0,,dormant
WI_3,HOUSEHOLD_2_334,HOUSEHOLD,WI,1584,2011-01-29,2015-05-31,180,2014-12-03,27.0,0.15000000596046448,18,10.0,90.0,1.5,0.9229581952095032,10.0,45,8,25,48.0,1.0800000429153442,1.695633053779602,rare
WI_3,HOUSEHOLD_2_347,HOUSEHOLD,WI,1584,2011-01-29,2015-05-31,180,2014-12-03,28.0,0.15555556118488312,26,14.444444444444443,85.55555555555556,1.076923131942749,0.2474358230829239,6.923076923076923,24,0,25,28.000000000000004,1.1200000047683716,0.9216777086257935,rare
WI_3,HOUSEHOLD_2_407,HOUSEHOLD,WI,1584,2011-01-29,2015-05-31,180,2014-12-03,21.0,0.11666666716337204,20,11.11111111111111,88.88888888888889,1.0499999523162842,0.20756663382053375,9.0,20,0,25,44.0,0.8399999737739563,1.047619104385376,rare
WI_3,HOUSEHOLD_2_438,HOUSEHOLD,WI,1584,2011-01-29,2015-05-31,180,2014-12-03,116.0,0.644444465637207,82,45.55555555555556,54.44444444444445,1.414634108543396,0.4545319378376007,2.1951219512195124,7,0,25,0.0,4.440000057220459,0.5445794463157654,occasional
