store,horizon,item_id,method,actual_units,absolute_error_units,zero_actual_windows,MAE_total_units,WAPE_percent,bias_percent,windows,rows
CA_1,7,FOODS_1_048,cautious_group_route,70.0,46.87627142999419,10,1.9531779762497579,66.96610204284885,-5.867034281461367,24,24
CA_1,7,FOODS_1_048,croston_sba,70.0,65.74556674042056,10,2.7393986141841897,93.92223820060079,-9.341979743448423,24,24
CA_1,7,FOODS_1_048,direct_general,70.0,46.59984375536442,10,1.9416601564735174,66.57120536480632,-4.213447996548244,24,24
CA_1,7,FOODS_1_048,direct_personalized,70.0,46.32181532680988,10,1.9300756386170785,66.17402189544269,-4.894177147320337,24,24
CA_1,7,FOODS_1_048,mean_28,70.0,41.25000010058284,10,1.7187500041909516,58.9285715722612,-17.50000011175871,24,24
CA_1,7,FOODS_1_048,mean_7,70.0,43.99999974668026,10,1.8333333227783442,62.85714249525751,-8.57142761349678,24,24
CA_1,7,FOODS_1_048,tsb,70.0,41.16118893282547,10,1.7150495388677278,58.80169847546496,-13.316419082578285,24,24
CA_1,7,FOODS_1_098,cautious_group_route,57.0,50.46799399605116,8,2.1028330831687985,88.54034034394941,-3.0241150915758577,24,24
CA_1,7,FOODS_1_098,croston_sba,57.0,63.05855665970921,8,2.6274398608212173,110.62904677141967,2.138124034650558,24,24
CA_1,7,FOODS_1_098,direct_general,57.0,48.07906255684793,8,2.003294273201997,84.34923255587356,2.932708177780896,24,24
CA_1,7,FOODS_1_098,direct_personalized,57.0,48.37110731750727,8,2.0154628048961363,84.86159178510047,4.78954010626726,24,24
CA_1,7,FOODS_1_098,mean_28,57.0,51.24999975785613,8,2.135416656577339,89.91228027694058,1.315791440898912,24,24
CA_1,7,FOODS_1_098,mean_7,57.0,55.99999962747097,8,2.3333333178112903,98.24561338152802,8.104140267244219e-07,24,24
CA_1,7,FOODS_1_098,tsb,57.0,47.08744244347986,8,1.9619767684783274,82.6095481464559,-10.606542349269489,24,24
CA_1,7,FOODS_1_111,cautious_group_route,102.0,44.612776175141335,1,1.8588656739642222,43.7380158579817,-1.9460357579530454,24,24
CA_1,7,FOODS_1_111,croston_sba,102.0,44.369812253161996,1,1.8487421772150832,43.49981593447255,-4.327686077680772,24,24
CA_1,7,FOODS_1_111,direct_general,102.0,44.612776175141335,1,1.8588656739642222,43.7380158579817,-1.9460357579530454,24,24
CA_1,7,FOODS_1_111,direct_personalized,102.0,44.82663768529892,1,1.8677765702207882,43.94768400519502,-1.421458537087721,24,24
CA_1,7,FOODS_1_111,mean_28,102.0,46.49999922513962,1,1.9374999677141507,45.588234534450606,-4.411764472138648,24,24
CA_1,7,FOODS_1_111,mean_7,102.0,59.000000044703484,1,2.4583333351959786,57.843137298728905,-0.9803899801244923,24,24
CA_1,7,FOODS_1_111,tsb,102.0,47.01929276435064,1,1.95913719851461,46.097345847402586,-3.436228607919426,24,24
CA_1,7,FOODS_2_011,cautious_group_route,79.0,45.56930963695049,7,1.8987212348729372,57.682670426519614,9.623171407965165,24,24
CA_1,7,FOODS_2_011,croston_sba,79.0,75.19572743338621,7,3.1331553097244256,95.18446510555216,34.05208638377415,24,24
CA_1,7,FOODS_2_011,direct_general,79.0,45.56930963695049,7,1.8987212348729372,57.682670426519614,9.623171407965165,24,24
CA_1,7,FOODS_2_011,direct_personalized,79.0,45.689817283302546,7,1.9037423868042727,57.83521175101588,11.574699309996412,24,24
CA_1,7,FOODS_2_011,mean_28,79.0,54.24999989569187,7,2.2604166623204947,68.67088594391376,3.48101348816594,24,24
CA_1,7,FOODS_2_011,mean_7,79.0,47.00000110268593,7,1.9583333792785804,59.49367228188092,-1.2658194273333006,24,24
CA_1,7,FOODS_2_011,tsb,79.0,42.43630682764846,7,1.768179451152019,53.71684408563096,4.994876262428271,24,24
CA_1,7,FOODS_2_030,cautious_group_route,605.0,106.95770186185837,0,4.456570910910766,17.678958985431134,-1.9678844942534288,24,24
CA_1,7,FOODS_2_030,croston_sba,605.0,113.92198937008862,0,4.746749557087026,18.830080887617957,-5.114848584024122,24,24
CA_1,7,FOODS_2_030,direct_general,605.0,106.95770186185837,0,4.456570910910766,17.678958985431134,-1.9678844942534288,24,24
CA_1,7,FOODS_2_030,direct_personalized,605.0,108.88801129162312,0,4.537000470484297,17.998018395309607,-1.5691093989640235,24,24
CA_1,7,FOODS_2_030,mean_28,605.0,98.9999990463257,0,4.124999960263571,16.363636206004248,-0.578512081429978,24,24
CA_1,7,FOODS_2_030,mean_7,605.0,140.0000044107437,0,5.833333517114322,23.140496596817144,-1.9834713305323584,24,24
CA_1,7,FOODS_2_030,tsb,605.0,112.58928443500403,0,4.691220184791835,18.609799080165956,0.11946105696188651,24,24
CA_1,7,FOODS_2_037,cautious_group_route,66.0,46.449902430176735,2,1.935412601257364,70.37864004572232,11.007846959612586,24,24
CA_1,7,FOODS_2_037,croston_sba,66.0,46.72417970595252,2,1.946840821081355,70.79421167568563,6.386411799788725,24,24
CA_1,7,FOODS_2_037,direct_general,66.0,46.449902430176735,2,1.935412601257364,70.37864004572232,11.007846959612586,24,24
CA_1,7,FOODS_2_037,direct_personalized,66.0,46.65698766335845,2,1.9440411526399355,70.6924055505431,11.0536119307984,24,24
CA_1,7,FOODS_2_037,mean_28,66.0,44.750000201165676,2,1.8645833417152364,67.80303060782678,4.166666542490323,24,24
CA_1,7,FOODS_2_037,mean_7,66.0,51.000000178813934,2,2.1250000074505806,77.27272754365748,-1.515149799260226,24,24
CA_1,7,FOODS_2_037,tsb,66.0,47.65742017471199,2,1.9857258406129994,72.20821238592725,5.384787450371194,24,24
CA_1,7,FOODS_2_091,cautious_group_route,164.0,71.09195407923066,0,2.9621647533012774,43.34875248733577,-2.8134034532694665,24,24
CA_1,7,FOODS_2_091,croston_sba,164.0,73.40797951592137,0,3.0586658131633904,44.76096311946425,-12.905198793583658,24,24
CA_1,7,FOODS_2_091,direct_general,164.0,69.16653793305159,0,2.881939080543816,42.174718251860725,-3.2248348406538745,24,24
CA_1,7,FOODS_2_091,direct_personalized,164.0,68.20303838700056,0,2.8417932661250234,41.58721852865888,-3.8042312942263585,24,24
CA_1,7,FOODS_2_091,mean_28,164.0,65.25000101327896,0,2.718750042219957,39.786585983706686,-4.420732252481507,24,24
CA_1,7,FOODS_2_091,mean_7,164.0,78.99999959766865,0,3.29166664990286,48.17073146199308,-3.0487803515137686,24,24
CA_1,7,FOODS_2_091,tsb,164.0,72.17033068593608,0,3.0070971119140033,44.00629919874151,-3.089403942408981,24,24
CA_1,7,FOODS_2_175,cautious_group_route,422.0,152.36536867916584,1,6.348557028298576,36.10553760169807,1.6123372761276629,24,24
CA_1,7,FOODS_2_175,croston_sba,422.0,152.9497537667418,1,6.372906406947575,36.24401748027057,-0.8508047459182645,24,24
CA_1,7,FOODS_2_175,direct_general,422.0,152.36536867916584,1,6.348557028298576,36.10553760169807,1.6123372761276629,24,24
CA_1,7,FOODS_2_175,direct_personalized,422.0,152.81078746914864,1,6.36711614454786,36.211087077997306,2.444011340209092,24,24
CA_1,7,FOODS_2_175,mean_28,422.0,148.25000202655792,1,6.177083417773247,35.130332233781495,1.5995258686101816,24,24
CA_1,7,FOODS_2_175,mean_7,422.0,204.0000028014183,1,8.500000116725763,48.34123289133135,2.369668373564409,24,24
CA_1,7,FOODS_2_175,tsb,422.0,160.42749263613717,1,6.684478859839049,38.015993515672314,4.434539715723463,24,24
CA_1,7,FOODS_2_276,cautious_group_route,1938.0,483.3182028532028,0,20.138258452216785,24.939019755067225,-4.151247248007416,24,24
CA_1,7,FOODS_2_276,croston_sba,1938.0,494.4419222320242,0,20.601746759667673,25.512999083179782,-1.607298692287332,24,24
CA_1,7,FOODS_2_276,direct_general,1938.0,483.3182028532028,0,20.138258452216785,24.939019755067225,-4.151247248007416,24,24
CA_1,7,FOODS_2_276,direct_personalized,1938.0,464.6858120560646,0,19.361908835669357,23.977596081324283,-0.45579735677923827,24,24
CA_1,7,FOODS_2_276,mean_28,1938.0,513.2500085830688,0,21.385417024294537,26.483488574977752,0.7868943445699785,24,24
CA_1,7,FOODS_2_276,mean_7,1938.0,476.0000033378601,0,19.83333347241084,24.561403681004133,-0.8255929769746276,24,24
CA_1,7,FOODS_2_276,tsb,1938.0,498.5104407707905,0,20.771268365449604,25.72293296030911,3.608931724626971,24,24
CA_1,7,FOODS_3_087,cautious_group_route,742.0,169.48200042545795,0,7.061750017727415,22.841239949522635,-4.0692694244198435,24,24
CA_1,7,FOODS_3_087,croston_sba,742.0,180.87333429181993,0,7.53638892882583,24.37646014714554,-5.332694630934972,24,24
CA_1,7,FOODS_3_087,direct_general,742.0,169.48200042545795,0,7.061750017727415,22.841239949522635,-4.0692694244198435,24,24
CA_1,7,FOODS_3_087,direct_personalized,742.0,175.78412595391273,0,7.324338581413031,23.690583012656703,-1.7383372847924639,24,24
CA_1,7,FOODS_3_087,mean_28,742.0,190.25000739097598,0,7.927083641290666,25.640162721155793,-3.7398920868927545,24,24
CA_1,7,FOODS_3_087,mean_7,742.0,187.99999845027924,0,7.833333268761635,25.336927014862432,-2.964959616930978,24,24
CA_1,7,FOODS_3_087,tsb,742.0,161.06015965561426,0,6.710839985650594,21.70622097784559,-1.5289040577266255,24,24
CA_1,7,FOODS_3_289,cautious_group_route,194.0,62.72312016785145,0,2.6134633403271437,32.33150524116054,-0.9946059781251486,24,24
CA_1,7,FOODS_3_289,croston_sba,194.0,57.32269218744025,0,2.3884455078100104,29.547779478061987,-4.018097426618804,24,24
CA_1,7,FOODS_3_289,direct_general,194.0,62.72312016785145,0,2.6134633403271437,32.33150524116054,-0.9946059781251486,24,24
CA_1,7,FOODS_3_289,direct_personalized,194.0,61.05148473381996,0,2.543811863909165,31.469837491659774,-1.9006038295853998,24,24
CA_1,7,FOODS_3_289,mean_28,194.0,58.999999821186066,0,2.458333325882753,30.412371041848488,-2.0618557008271363,24,24
CA_1,7,FOODS_3_289,mean_7,194.0,79.00000002980232,0,3.29166666790843,40.721649499898106,-2.577319480094713,24,24
CA_1,7,FOODS_3_289,tsb,194.0,58.583296744340736,0,2.440970697680864,30.197575641412747,0.7492647917372189,24,24
CA_1,7,FOODS_3_329,cautious_group_route,2366.0,608.5168291628361,0,25.354867881784838,25.719223548725108,-3.6645314334210752,24,24
CA_1,7,FOODS_3_329,croston_sba,2366.0,651.7858571674967,0,27.157744048645696,27.548007488059877,-2.144040606697122,24,24
CA_1,7,FOODS_3_329,direct_general,2366.0,608.5168291628361,0,25.354867881784838,25.719223548725108,-3.6645314334210752,24,24
CA_1,7,FOODS_3_329,direct_personalized,2366.0,619.2273782640696,0,25.801140761002898,26.171909478616634,0.4889096186157022,24,24
CA_1,7,FOODS_3_329,mean_28,2366.0,650.2499980926514,0,27.09374992052714,27.483093748632772,1.806847160384499,24,24
CA_1,7,FOODS_3_329,mean_7,2366.0,743.9999988079071,0,30.999999950329464,31.445477548939436,-0.33812304220255956,24,24
CA_1,7,FOODS_3_329,tsb,2366.0,669.6505851249835,0,27.902107713540982,28.303067841292624,4.28511865000707,24,24
CA_1,7,FOODS_3_413,cautious_group_route,567.0,164.9541057497263,0,6.873087739571929,29.092434876494938,-1.6602573282294,24,24
CA_1,7,FOODS_3_413,croston_sba,567.0,172.10735911668615,0,7.171139963195256,30.354031590244475,-5.702599393570171,24,24
CA_1,7,FOODS_3_413,direct_general,567.0,164.9541057497263,0,6.873087739571929,29.092434876494938,-1.6602573282294,24,24
CA_1,7,FOODS_3_413,direct_personalized,567.0,166.5666807591915,0,6.940278364966313,29.37683964006905,-0.40499199004400155,24,24
CA_1,7,FOODS_3_413,mean_28,567.0,164.49999713897702,0,6.854166547457376,29.012345174422755,-0.8818343833640795,24,24
CA_1,7,FOODS_3_413,mean_7,567.0,182.00000035762787,0,7.583333348234494,32.098765495172465,-3.5273373862843433,24,24
CA_1,7,FOODS_3_413,tsb,567.0,174.6657644565294,0,7.2777401856887245,30.8052494632327,-0.10496799781060626,24,24
CA_1,7,FOODS_3_478,cautious_group_route,45.0,62.483176682085045,15,2.603465695086877,138.85150373796677,15.71636188677823,24,24
CA_1,7,FOODS_3_478,croston_sba,45.0,79.53320926381747,15,3.313883719325728,176.74046503070548,65.62987098615555,24,24
CA_1,7,FOODS_3_478,direct_general,45.0,63.62898901477456,15,2.6512078756156066,141.3977533661657,15.808747137586275,24,24
CA_1,7,FOODS_3_478,direct_personalized,45.0,70.5538490228355,15,2.939743709284812,156.78633116185665,32.862092562847664,24,24
CA_1,7,FOODS_3_478,mean_28,45.0,63.500000443309546,15,2.6458333518045642,141.11111209624343,-13.333332762122154,24,24
CA_1,7,FOODS_3_478,mean_7,45.0,53.00000050663948,15,2.2083333544433117,117.7777789036433,-19.999998278088036,24,24
CA_1,7,FOODS_3_478,tsb,45.0,55.62527116339735,15,2.317719631808223,123.61171369643854,-8.580889357018842,24,24
CA_1,7,FOODS_3_603,cautious_group_route,795.0,307.2754661142826,0,12.803144421428442,38.65100202695379,-24.15892053325221,24,24
CA_1,7,FOODS_3_603,croston_sba,795.0,321.3399863968856,0,13.389166099870232,40.42012407507995,-24.74050140867448,24,24
CA_1,7,FOODS_3_603,direct_general,795.0,307.2754661142826,0,12.803144421428442,38.65100202695379,-24.15892053325221,24,24
CA_1,7,FOODS_3_603,direct_personalized,795.0,281.39888997375965,0,11.724953748906652,35.39608678915216,-19.453667029269837,24,24
CA_1,7,FOODS_3_603,mean_28,795.0,319.24999833106995,0,13.30208326379458,40.15723249447421,-25.88050290473602,24,24
CA_1,7,FOODS_3_603,mean_7,795.0,284.99999952316284,0,11.874999980131784,35.84905654379407,-14.213837497639206,24,24
CA_1,7,FOODS_3_603,tsb,795.0,306.4673416836366,0,12.769472570151526,38.54935115517442,-20.65957038767599,24,24
CA_1,7,FOODS_3_679,cautious_group_route,145.0,44.43347608298063,0,1.8513948367908597,30.64377660895216,-5.091325327240187,24,24
CA_1,7,FOODS_3_679,croston_sba,145.0,40.35383511846834,0,1.6814097966028474,27.830231116185065,-2.0957455746966,24,24
CA_1,7,FOODS_3_679,direct_general,145.0,44.43347608298063,0,1.8513948367908597,30.64377660895216,-5.091325327240187,24,24
CA_1,7,FOODS_3_679,direct_personalized,145.0,44.464662589132786,0,1.8526942745471995,30.665284544229507,-4.2435282828478975,24,24
CA_1,7,FOODS_3_679,mean_28,145.0,38.5000005364418,0,1.6041666890184085,26.5517245078909,-2.758620730761824,24,24
CA_1,7,FOODS_3_679,mean_7,145.0,48.00000110268593,0,2.000000045945247,33.10344903633512,-1.3793083100483348,24,24
CA_1,7,FOODS_3_679,tsb,145.0,45.5584089708901,0,1.898267040453754,31.419592393717306,-4.574467919699571,24,24
CA_1,7,FOODS_3_686,cautious_group_route,144.0,47.37628811597824,0,1.9740120048324268,32.90020008054044,3.3857241479886904,24,24
CA_1,7,FOODS_3_686,croston_sba,144.0,49.980910446355615,0,2.0825379352648175,34.70896558774696,-0.10397379923341814,24,24
CA_1,7,FOODS_3_686,direct_general,144.0,47.37628811597824,0,1.9740120048324268,32.90020008054044,3.3857241479886904,24,24
CA_1,7,FOODS_3_686,direct_personalized,144.0,46.65724374353886,0,1.9440518226474524,32.40086371079087,3.340132120582792,24,24
CA_1,7,FOODS_3_686,mean_28,144.0,48.749999821186066,0,2.0312499925494194,33.854166542490326,2.9513876057333417,24,24
CA_1,7,FOODS_3_686,mean_7,144.0,65.0000008046627,0,2.708333366860946,45.13888944768243,2.083334637184939,24,24
CA_1,7,FOODS_3_686,tsb,144.0,53.27953678315807,0,2.219980699298253,36.99967832163755,0.6002424470180734,24,24
CA_1,7,FOODS_3_691,cautious_group_route,92.0,36.88262901455164,1,1.5367762089396517,40.08981414625178,5.865783965134102,24,24
CA_1,7,FOODS_3_691,croston_sba,92.0,35.882812755299554,1,1.4951171981374813,39.00305734271691,0.36060265568516725,24,24
CA_1,7,FOODS_3_691,direct_general,92.0,36.88262901455164,1,1.5367762089396517,40.08981414625178,5.865783965134102,24,24
CA_1,7,FOODS_3_691,direct_personalized,92.0,36.40894917398691,1,1.5170395489161212,39.5749447543336,6.339758383515087,24,24
CA_1,7,FOODS_3_691,mean_28,92.0,36.999999701976776,1,1.5416666542490323,40.21739098040954,-1.086957882279935,24,24
CA_1,7,FOODS_3_691,mean_7,92.0,48.00000014901161,1,2.000000006208817,52.173913205447406,-4.3478236250255415,24,24
CA_1,7,FOODS_3_691,tsb,92.0,42.37277943781437,1,1.7655324765755989,46.05736895414606,-0.730325587334322,24,24
CA_1,7,HOBBIES_1_008,cautious_group_route,1653.0,736.4542934000492,1,30.685595558335383,44.55258883242887,-11.22772560217708,24,24
CA_1,7,HOBBIES_1_008,croston_sba,1653.0,719.4166761654977,1,29.97569484022907,43.521879985813534,2.575984625070752,24,24
CA_1,7,HOBBIES_1_008,direct_general,1653.0,736.4542934000492,1,30.685595558335383,44.55258883242887,-11.22772560217708,24,24
CA_1,7,HOBBIES_1_008,direct_personalized,1653.0,755.6940530240536,1,31.487252209335566,45.71651863424402,-7.845391279916942,24,24
CA_1,7,HOBBIES_1_008,mean_28,1653.0,709.7500019073486,1,29.572916746139526,42.93708420492127,3.009678966986074,24,24
CA_1,7,HOBBIES_1_008,mean_7,1653.0,910.9999973773956,1,37.95833322405815,55.1119175666906,-1.0284329931878757,24,24
CA_1,7,HOBBIES_1_008,tsb,1653.0,790.023851163897,1,32.91766046516238,47.79333642854792,4.35651127571607,24,24
CA_1,7,HOBBIES_1_056,cautious_group_route,274.0,101.57603771984577,0,4.232334904993574,37.0715466130824,6.449754269671264,24,24
CA_1,7,HOBBIES_1_056,croston_sba,274.0,105.23297897271625,0,4.384707457196511,38.406196705370895,4.373391648722222,24,24
CA_1,7,HOBBIES_1_056,direct_general,274.0,101.57603771984577,0,4.232334904993574,37.0715466130824,6.449754269671264,24,24
CA_1,7,HOBBIES_1_056,direct_personalized,274.0,100.92967499792576,0,4.205403124913573,36.83564780946195,5.178909128817328,24,24
CA_1,7,HOBBIES_1_056,mean_28,274.0,102.99999868869781,0,4.291666612029076,37.59124039733497,6.751824774011208,24,24
CA_1,7,HOBBIES_1_056,mean_7,274.0,118.00000056624413,0,4.916666690260172,43.06569363731538,4.379562446235744,24,24
CA_1,7,HOBBIES_1_056,tsb,274.0,108.85471195536192,0,4.53561299814008,39.727997064000704,8.17761882418314,24,24
CA_1,7,HOBBIES_1_066,cautious_group_route,102.0,94.3212349973619,7,3.9300514582234123,92.47179901702147,16.745310368052884,24,24
CA_1,7,HOBBIES_1_066,croston_sba,102.0,98.3785947458782,7,4.0991081144115915,96.44960269203744,32.95274817848891,24,24
CA_1,7,HOBBIES_1_066,direct_general,102.0,94.3212349973619,7,3.9300514582234123,92.47179901702147,16.745310368052884,24,24
CA_1,7,HOBBIES_1_066,direct_personalized,102.0,92.92718554288149,7,3.871966064286729,91.10508386557008,15.899975079239583,24,24
CA_1,7,HOBBIES_1_066,mean_28,102.0,97.99999954551458,7,4.083333314396441,96.07843092697509,15.68627431258267,24,24
CA_1,7,HOBBIES_1_066,mean_7,102.0,94.00000034272671,7,3.916666680946946,92.15686308110462,5.882353481708789,24,24
CA_1,7,HOBBIES_1_066,tsb,102.0,94.77362083576723,7,3.948900868156968,92.91531454486983,21.89304201770339,24,24
CA_1,7,HOBBIES_1_074,cautious_group_route,212.0,94.10488354414701,0,3.921036814339459,44.3890960113901,8.160582680325463,24,24
CA_1,7,HOBBIES_1_074,croston_sba,212.0,87.276442211983,0,3.6365184254992915,41.168133118859906,9.594002072467786,24,24
CA_1,7,HOBBIES_1_074,direct_general,212.0,94.10488354414701,0,3.921036814339459,44.3890960113901,8.160582680325463,24,24
CA_1,7,HOBBIES_1_074,direct_personalized,212.0,94.54514200240374,0,3.9393809167668223,44.59676509547346,7.1624062357927265,24,24
CA_1,7,HOBBIES_1_074,mean_28,212.0,99.7500005364418,0,4.156250022351742,47.05188704549142,8.136792649637975,24,24
CA_1,7,HOBBIES_1_074,mean_7,212.0,94.00000014901161,0,3.916666672875484,44.33962271179793,6.603774611117709,24,24
CA_1,7,HOBBIES_1_074,tsb,212.0,91.20118026449497,0,3.8000491776872902,43.01942465306366,10.663089347998486,24,24
CA_1,7,HOBBIES_1_095,cautious_group_route,4.0,4.117133947273434,22,0.17154724780305974,102.92834868183584,-76.85556717946329,24,24
CA_1,7,HOBBIES_1_095,croston_sba,4.0,30.049333346792928,22,1.252055556116372,751.2333336698232,617.5711712418673,24,24
CA_1,7,HOBBIES_1_095,direct_general,4.0,16.07520890235901,22,0.6698003709316254,401.8802225589752,258.142595179379,24,24
CA_1,7,HOBBIES_1_095,direct_personalized,4.0,16.07107012718916,22,0.669627921966215,401.776753179729,270.7706309854984,24,24
CA_1,7,HOBBIES_1_095,mean_28,4.0,4.750000033527613,22,0.19791666806365052,118.75000083819032,-68.74999860301614,24,24
CA_1,7,HOBBIES_1_095,mean_7,4.0,2.9999999552965164,22,0.12499999813735485,74.99999888241291,-74.99999888241291,24,24
CA_1,7,HOBBIES_1_095,tsb,4.0,4.117133947273434,22,0.17154724780305974,102.92834868183584,-76.85556717946329,24,24
CA_1,7,HOBBIES_1_097,cautious_group_route,52.0,35.28590876819868,4,1.470246198674945,67.85751686192053,-7.698179157830489,24,24
CA_1,7,HOBBIES_1_097,croston_sba,52.0,32.28715895165783,4,1.3452982896524095,62.09069029164967,-14.43807617284392,24,24
CA_1,7,HOBBIES_1_097,direct_general,52.0,35.0970172919333,4,1.4623757204972208,67.49426402294866,-8.999408330195227,24,24
CA_1,7,HOBBIES_1_097,direct_personalized,52.0,34.88687079772353,4,1.4536196165718138,67.09013614946834,-8.980330488143057,24,24
CA_1,7,HOBBIES_1_097,mean_28,52.0,34.000000067055225,4,1.4166666694606345,65.38461551356774,-20.192306732329037,24,24
CA_1,7,HOBBIES_1_097,mean_7,52.0,41.00000089406967,4,1.7083333705862362,78.8461555655186,-5.769228362120115,24,24
CA_1,7,HOBBIES_1_097,tsb,52.0,36.9576907698625,4,1.5399037820776043,71.07248224973559,-13.561623745622487,24,24
CA_1,7,HOBBIES_1_112,cautious_group_route,6.0,13.820671439298192,20,0.575861309970758,230.3445239883032,99.90973913458286,24,24
CA_1,7,HOBBIES_1_112,croston_sba,6.0,30.445538285180078,20,1.2685640952158366,507.42563808633463,368.11615604791217,24,24
CA_1,7,HOBBIES_1_112,direct_general,6.0,14.142105796840042,20,0.5892544082016684,235.70176328066736,127.70331125551213,24,24
CA_1,7,HOBBIES_1_112,direct_personalized,6.0,14.434233633801341,20,0.6014264014083892,240.57056056335568,135.6336037007471,24,24
CA_1,7,HOBBIES_1_112,mean_28,6.0,6.0,20,0.25,100.0,-41.66666492819786,24,24
CA_1,7,HOBBIES_1_112,mean_7,6.0,8.000000178813934,20,0.3333333407839139,133.33333631356558,-33.3333303531011,24,24
CA_1,7,HOBBIES_1_112,tsb,6.0,6.346152011898108,20,0.2644230004957545,105.7692001983018,-31.645090994054588,24,24
CA_1,7,HOBBIES_1_142,cautious_group_route,203.0,80.57814624905586,0,3.3574227603773275,39.69366810298318,2.393698222531475,24,24
CA_1,7,HOBBIES_1_142,croston_sba,203.0,81.14476519024313,0,3.381031882926797,39.97279073410992,-3.214719897459637,24,24
CA_1,7,HOBBIES_1_142,direct_general,203.0,80.57814624905586,0,3.3574227603773275,39.69366810298318,2.393698222531475,24,24
CA_1,7,HOBBIES_1_142,direct_personalized,203.0,80.63786977529526,0,3.3599112406373024,39.72308855925875,1.4154001116165373,24,24
CA_1,7,HOBBIES_1_142,mean_28,203.0,79.00000101327896,0,3.2916667088866234,38.91625665678767,-0.4926120412760767,24,24
CA_1,7,HOBBIES_1_142,mean_7,203.0,111.00000059604645,0,4.625000024835269,54.679803249283964,-3.448275451002449,24,24
CA_1,7,HOBBIES_1_142,tsb,203.0,83.45368836851037,0,3.4772370153545986,41.11019131453713,0.5097350362146019,24,24
CA_1,7,HOBBIES_1_153,cautious_group_route,244.0,77.67620473355055,0,3.236508530564606,31.834510136701045,-4.172549503626393,24,24
CA_1,7,HOBBIES_1_153,croston_sba,244.0,76.5884316560792,0,3.191184652336633,31.38870149839311,-5.346741799709473,24,24
CA_1,7,HOBBIES_1_153,direct_general,244.0,77.67620473355055,0,3.236508530564606,31.834510136701045,-4.172549503626393,24,24
CA_1,7,HOBBIES_1_153,direct_personalized,244.0,77.69475526362658,0,3.237281469317774,31.842112812961712,-6.411633399299907,24,24
CA_1,7,HOBBIES_1_153,mean_28,244.0,76.00000047683716,0,3.1666666865348816,31.147541179031624,-3.483606752802114,24,24
CA_1,7,HOBBIES_1_153,mean_7,244.0,97.99999877810478,0,4.083333282421033,40.16393392545278,-1.6393443966498147,24,24
CA_1,7,HOBBIES_1_153,tsb,244.0,80.71860143849736,0,3.36327505993739,33.08139403217105,-2.6049495600428765,24,24
CA_1,7,HOBBIES_1_198,cautious_group_route,114.0,75.0177136361599,0,3.125738068173329,65.80501196154377,27.097149154073314,24,24
CA_1,7,HOBBIES_1_198,croston_sba,114.0,65.66982252685199,0,2.7362426052854993,57.60510747969472,15.166197288834516,24,24
CA_1,7,HOBBIES_1_198,direct_general,114.0,75.0177136361599,0,3.125738068173329,65.80501196154377,27.097149154073314,24,24
CA_1,7,HOBBIES_1_198,direct_personalized,114.0,74.77008607238531,0,3.1154202530160546,65.58779480033799,27.217549052939084,24,24
CA_1,7,HOBBIES_1_198,mean_28,114.0,78.74999958276749,0,3.281249982615312,69.07894700242763,16.885965173704584,24,24
CA_1,7,HOBBIES_1_198,mean_7,114.0,69.00000038743019,0,2.8750000161429248,60.52631612932473,7.894738828926758,24,24
CA_1,7,HOBBIES_1_198,tsb,114.0,67.01336740919017,0,2.7922236420495903,58.78365562209664,14.263804281038675,24,24
CA_1,7,HOBBIES_1_203,cautious_group_route,93.0,54.04990854114294,3,2.2520795225476227,58.11818122703542,6.318111036733915,24,24
CA_1,7,HOBBIES_1_203,croston_sba,93.0,53.44660404994561,3,2.2269418354144004,57.46946672037162,11.240693169174621,24,24
CA_1,7,HOBBIES_1_203,direct_general,93.0,54.04990854114294,3,2.2520795225476227,58.11818122703542,6.318111036733915,24,24
CA_1,7,HOBBIES_1_203,direct_personalized,93.0,54.049248710274696,3,2.252052029594779,58.11747173147817,6.6775684074688995,24,24
CA_1,7,HOBBIES_1_203,mean_28,93.0,52.25000038743019,3,2.177083349476258,56.18279611551633,2.9569888307202246,24,24
CA_1,7,HOBBIES_1_203,mean_7,93.0,71.00000044703484,3,2.958333351959785,76.34408650218799,-1.0752666381097609,24,24
CA_1,7,HOBBIES_1_203,tsb,93.0,60.57542256016681,3,2.52397594000695,65.1348629679213,3.3535733136370416,24,24
CA_1,7,HOBBIES_1_261,cautious_group_route,1268.0,380.1339216977358,0,15.838913404072324,29.979015906761497,-7.822187497553762,24,24
CA_1,7,HOBBIES_1_261,croston_sba,1268.0,428.5131583769203,0,17.854714932371678,33.79441312120822,-5.737978918545022,24,24
CA_1,7,HOBBIES_1_261,direct_general,1268.0,380.1339216977358,0,15.838913404072324,29.979015906761497,-7.822187497553762,24,24
CA_1,7,HOBBIES_1_261,direct_personalized,1268.0,384.7891934812069,0,16.032883061716955,30.346150905457957,-3.1729170600134493,24,24
CA_1,7,HOBBIES_1_261,mean_28,1268.0,390.25000047683716,0,16.26041668653488,30.776813917731637,-0.25630873460498615,24,24
CA_1,7,HOBBIES_1_261,mean_7,1268.0,590.9999942779541,0,24.62499976158142,46.60883235630553,-2.2870662460567814,24,24
CA_1,7,HOBBIES_1_261,tsb,1268.0,439.5283789086793,0,18.313682454528305,34.6631213650378,-0.8121268179367416,24,24
CA_1,7,HOBBIES_1_265,cautious_group_route,51.0,39.94622236862779,7,1.6644259320261579,78.32592621299565,8.86847132122984,24,24
CA_1,7,HOBBIES_1_265,croston_sba,51.0,40.07226299753945,7,1.669677624897477,78.57306470105773,2.7688880796096256,24,24
CA_1,7,HOBBIES_1_265,direct_general,51.0,39.94622236862779,7,1.6644259320261579,78.32592621299565,8.86847132122984,24,24
CA_1,7,HOBBIES_1_265,direct_personalized,51.0,40.21345432475209,7,1.6755605968646705,78.84991044069038,8.856139017962942,24,24
CA_1,7,HOBBIES_1_265,mean_28,51.0,42.24999988079071,7,1.7604166616996129,82.84313702115826,3.4313731333788704,24,24
CA_1,7,HOBBIES_1_265,mean_7,51.0,52.000000566244125,7,2.166666690260172,101.9607854240081,2.6296166812672334e-06,24,24
CA_1,7,HOBBIES_1_265,tsb,51.0,41.768993631334865,7,1.7403747346389526,81.89998751242132,2.789682405845693,24,24
CA_1,7,HOBBIES_1_285,cautious_group_route,7.0,7.6500589376066745,18,0.31875245573361144,109.28655625152393,26.617395807891313,24,24
CA_1,7,HOBBIES_1_285,croston_sba,7.0,17.174256653254215,18,0.7155940272189256,245.34652361791737,128.28868505243872,24,24
CA_1,7,HOBBIES_1_285,direct_general,7.0,18.673969089984894,18,0.7780820454160372,266.7709869997842,217.1615624002048,24,24
CA_1,7,HOBBIES_1_285,direct_personalized,7.0,18.74918911792338,18,0.7812162132468075,267.84555882747685,225.40813495538063,24,24
CA_1,7,HOBBIES_1_285,mean_28,7.0,6.750000178813934,18,0.2812500074505806,96.42857398305621,3.5714320838451385,24,24
CA_1,7,HOBBIES_1_285,mean_7,7.0,8.000000223517418,18,0.33333334264655906,114.28571747882026,4.470348358154297e-06,24,24
CA_1,7,HOBBIES_1_285,tsb,7.0,7.6500589376066745,18,0.31875245573361144,109.28655625152393,26.617395807891313,24,24
CA_1,7,HOBBIES_1_290,cautious_group_route,50.0,30.671942798538957,4,1.2779976166057898,61.343885597077914,13.050586525114475,24,24
CA_1,7,HOBBIES_1_290,croston_sba,50.0,29.104329337608903,4,1.2126803890670377,58.208658675217805,0.15831631247159095,24,24
CA_1,7,HOBBIES_1_290,direct_general,50.0,30.18791726976633,4,1.2578298862402637,60.37583453953266,14.018637582659721,24,24
CA_1,7,HOBBIES_1_290,direct_personalized,50.0,30.149683360010386,4,1.2562368066670995,60.29936672002077,13.948664925992489,24,24
CA_1,7,HOBBIES_1_290,mean_28,50.0,27.250000059604645,4,1.1354166691501935,54.50000011920929,1.5000012516975403,24,24
CA_1,7,HOBBIES_1_290,mean_7,50.0,40.00000052154064,4,1.6666666883975267,80.00000104308128,3.0100345611572266e-06,24,24
CA_1,7,HOBBIES_1_290,tsb,50.0,31.354636871430415,4,1.3064432029762674,62.70927374286083,4.78334231146407,24,24
CA_1,7,HOBBIES_1_331,cautious_group_route,53.0,39.399753802580165,7,1.6416564084408403,74.33915811807577,-7.514308749704095,24,24
CA_1,7,HOBBIES_1_331,croston_sba,53.0,40.1322908504543,7,1.6721787854355956,75.7213034914232,-16.984280681738042,24,24
CA_1,7,HOBBIES_1_331,direct_general,53.0,40.86143958196044,7,1.702559982581685,77.0970558150197,2.55183308332596,24,24
CA_1,7,HOBBIES_1_331,direct_personalized,53.0,40.45277541875839,7,1.685532309114933,76.32599135614791,-3.324107825756073,24,24
CA_1,7,HOBBIES_1_331,mean_28,53.0,42.49999959021807,7,1.7708333162590861,80.18867847210956,-4.7169808087483895,24,24
CA_1,7,HOBBIES_1_331,mean_7,53.0,50.00000086426735,7,2.083333369344473,94.33962427220254,-3.7735823752745143,24,24
CA_1,7,HOBBIES_1_331,tsb,53.0,39.399753802580165,7,1.6416564084408403,74.33915811807577,-7.514308749704095,24,24
CA_1,7,HOBBIES_1_351,cautious_group_route,101.0,39.333026714622974,0,1.6388761131092906,38.9435908065574,1.4393445510085265,24,24
CA_1,7,HOBBIES_1_351,croston_sba,101.0,37.69474069647802,0,1.5706141956865842,37.32152544205744,-4.089897842377945,24,24
CA_1,7,HOBBIES_1_351,direct_general,101.0,39.333026714622974,0,1.6388761131092906,38.9435908065574,1.4393445510085265,24,24
CA_1,7,HOBBIES_1_351,direct_personalized,101.0,39.247755981981754,0,1.6353231659159064,38.8591643385958,1.458261088274493,24,24
CA_1,7,HOBBIES_1_351,mean_28,101.0,38.24999922513962,0,1.5937499677141507,37.871286361524376,-0.7425749065852402,24,24
CA_1,7,HOBBIES_1_351,mean_7,101.0,52.00000111758709,0,2.1666667132327952,51.48514962137335,2.1982901167161396e-06,24,24
CA_1,7,HOBBIES_1_351,tsb,101.0,42.578942907235714,0,1.7741226211348213,42.15736921508486,-1.5501796436325805,24,24
CA_1,7,HOBBIES_2_043,cautious_group_route,312.0,129.01456792652607,0,5.375606996938586,41.35082305337374,-0.15766598188724046,24,24
CA_1,7,HOBBIES_2_043,croston_sba,312.0,133.70090342225956,0,5.570870975927481,42.85285366098063,-1.4238306731755357,24,24
CA_1,7,HOBBIES_2_043,direct_general,312.0,129.01456792652607,0,5.375606996938586,41.35082305337374,-0.15766598188724046,24,24
CA_1,7,HOBBIES_2_043,direct_personalized,312.0,131.4521349966526,0,5.477172291527192,42.13209455020917,-0.864135321134176,24,24
CA_1,7,HOBBIES_2_043,mean_28,312.0,140.24999916553497,0,5.843749965230624,44.95192280946634,1.0416676982855197,24,24
CA_1,7,HOBBIES_2_043,mean_7,312.0,152.00000244379044,0,6.333333435157935,48.71794950121488,1.2820517978607109,24,24
CA_1,7,HOBBIES_2_043,tsb,312.0,127.83846825277999,0,5.326602843865833,40.973868029737176,3.1496663383492662,24,24
CA_1,7,HOBBIES_2_091,cautious_group_route,94.0,70.17794093489647,0,2.924080872287353,74.65738397329412,2.72774992788092,24,24
CA_1,7,HOBBIES_2_091,croston_sba,94.0,61.90487759429672,0,2.5793698997623635,65.85625275989013,8.518407714503855,24,24
CA_1,7,HOBBIES_2_091,direct_general,94.0,70.17794093489647,0,2.924080872287353,74.65738397329412,2.72774992788092,24,24
CA_1,7,HOBBIES_2_091,direct_personalized,94.0,71.31350529193878,0,2.9713960538307824,75.865431161637,4.087609861125338,24,24
CA_1,7,HOBBIES_2_091,mean_28,94.0,66.24999938905239,0,2.7604166412105164,70.47872275431105,-2.925532152678104,24,24
CA_1,7,HOBBIES_2_091,mean_7,94.0,80.00000062584877,0,3.3333333594103656,85.10638364451997,-2.127657196623214,24,24
CA_1,7,HOBBIES_2_091,tsb,94.0,69.29969717511342,0,2.8874873822963925,73.72308210118449,15.007162501422759,24,24
CA_1,7,HOUSEHOLD_1_016,cautious_group_route,341.0,114.7578659048215,0,4.7815777460342295,33.65333310991833,0.5782418180431369,24,24
CA_1,7,HOUSEHOLD_1_016,croston_sba,341.0,118.05745700551479,0,4.919060708563117,34.62095513358205,-5.829293767665156,24,24
CA_1,7,HOUSEHOLD_1_016,direct_general,341.0,113.83628015220165,0,4.743178339675069,33.38307335841691,-0.7448841705699799,24,24
CA_1,7,HOUSEHOLD_1_016,direct_personalized,341.0,115.6194586455822,0,4.817477443565925,33.90599960281003,-1.0806841671991207,24,24
CA_1,7,HOUSEHOLD_1_016,mean_28,341.0,110.99999797344208,0,4.624999915560086,32.55131905379533,-0.29325544659343283,24,24
CA_1,7,HOUSEHOLD_1_016,mean_7,341.0,127.0000010728836,0,5.2916667113701505,37.24340207415941,0.8797650113483348,24,24
CA_1,7,HOUSEHOLD_1_016,tsb,341.0,109.05167291010375,0,4.543819704587656,31.979962730235705,5.582234683639459,24,24
CA_1,7,HOUSEHOLD_1_117,cautious_group_route,83.0,33.27697507664561,0,1.3865406281935673,40.092741056199536,-2.4229179978011612,24,24
CA_1,7,HOUSEHOLD_1_117,croston_sba,83.0,32.212270753606035,0,1.342177948066918,38.80996476338076,-17.025747808338423,24,24
CA_1,7,HOUSEHOLD_1_117,direct_general,83.0,33.27697507664561,0,1.3865406281935673,40.092741056199536,-2.4229179978011612,24,24
CA_1,7,HOUSEHOLD_1_117,direct_personalized,83.0,33.21243875473738,0,1.383851614780724,40.01498645149081,-2.7553074061870584,24,24
CA_1,7,HOUSEHOLD_1_117,mean_28,83.0,33.249999672174454,0,1.385416653007269,40.060240568884886,-8.132530694984528,24,24
CA_1,7,HOUSEHOLD_1_117,mean_7,83.0,46.00000084936619,0,1.9166667020569246,55.42168777032071,-2.4096362023468476,24,24
CA_1,7,HOUSEHOLD_1_117,tsb,83.0,35.521664693017655,0,1.480069362209069,42.797186377129705,-5.731675641028267,24,24
CA_1,7,HOUSEHOLD_1_185,cautious_group_route,360.0,94.74746468663216,0,3.947811028609673,26.318740190731155,3.60054665969478,24,24
CA_1,7,HOUSEHOLD_1_185,croston_sba,360.0,96.14994218614176,0,4.00624759108924,26.708317273928266,0.10156685671516631,24,24
CA_1,7,HOUSEHOLD_1_185,direct_general,360.0,94.74746468663216,0,3.947811028609673,26.318740190731155,3.60054665969478,24,24
CA_1,7,HOUSEHOLD_1_185,direct_personalized,360.0,93.37782941758633,0,3.8907428923994303,25.938285949329536,2.993471179571414,24,24
CA_1,7,HOUSEHOLD_1_185,mean_28,360.0,97.25000166893005,0,4.052083402872086,27.01388935248057,4.513888888888887,24,24
CA_1,7,HOUSEHOLD_1_185,mean_7,360.0,108.99999821186066,0,4.541666592160861,30.277777281072403,0.8333330021964184,24,24
CA_1,7,HOUSEHOLD_1_185,tsb,360.0,98.57725142419145,0,4.107385476007977,27.382569840053183,5.00243250670618,24,24
CA_1,7,HOUSEHOLD_1_197,cautious_group_route,266.0,92.77492858469486,0,3.865622024362286,34.87779270101311,-1.9001981313515461,24,24
CA_1,7,HOUSEHOLD_1_197,croston_sba,266.0,88.78637432915636,0,3.6994322637148485,33.37833621396855,-3.377955129456146,24,24
CA_1,7,HOUSEHOLD_1_197,direct_general,266.0,92.77492858469486,0,3.865622024362286,34.87779270101311,-1.9001981313515461,24,24
CA_1,7,HOUSEHOLD_1_197,direct_personalized,266.0,94.4271872639656,0,3.934466135998567,35.4989425804382,-3.4464479501086034,24,24
CA_1,7,HOUSEHOLD_1_197,mean_28,266.0,95.50000071525574,0,3.979166696468989,35.90225590799088,-1.3157882188495837,24,24
CA_1,7,HOUSEHOLD_1_197,mean_7,266.0,113.99999940395355,0,4.749999975164731,42.857142633065244,1.5037596225738519,24,24
CA_1,7,HOUSEHOLD_1_197,tsb,266.0,96.3945418780129,0,4.016439244917204,36.238549578200335,0.2674666907132596,24,24
CA_1,7,HOUSEHOLD_1_199,cautious_group_route,3.0,9.468739329344578,23,0.3945308053893574,315.62464431148595,115.6246611095287,24,24
CA_1,7,HOUSEHOLD_1_199,croston_sba,3.0,43.46353447392333,23,1.8109806030801388,1448.7844824641109,1378.7639683632815,24,24
CA_1,7,HOUSEHOLD_1_199,direct_general,3.0,20.78447520174086,23,0.8660198000725359,692.8158400580287,516.8914234265685,24,24
CA_1,7,HOUSEHOLD_1_199,direct_personalized,3.0,20.369772762991488,23,0.848740531791312,678.9924254330496,503.81046362842125,24,24
CA_1,7,HOUSEHOLD_1_199,mean_28,3.0,8.250000052154064,23,0.343750002173086,275.0000017384688,75.00000173846881,24,24
CA_1,7,HOUSEHOLD_1_199,mean_7,3.0,6.000000029802322,23,0.2500000012417634,200.00000099341074,9.934107462565105e-07,24,24
CA_1,7,HOUSEHOLD_1_199,tsb,3.0,9.468739329344578,23,0.3945308053893574,315.62464431148595,115.6246611095287,24,24
CA_1,7,HOUSEHOLD_1_272,cautious_group_route,578.0,260.99324230849743,12,10.874718429520726,45.154540191781564,-5.949171658308854,24,24
CA_1,7,HOUSEHOLD_1_272,croston_sba,578.0,824.5326677812459,12,34.355527824218576,142.65271068879684,65.92648266267295,24,24
CA_1,7,HOUSEHOLD_1_272,direct_general,578.0,260.99324230849743,12,10.874718429520726,45.154540191781564,-5.949171658308854,24,24
CA_1,7,HOUSEHOLD_1_272,direct_personalized,578.0,254.25972883030772,12,10.594155367929488,43.98957246199095,-1.961526876012553,24,24
CA_1,7,HOUSEHOLD_1_272,mean_28,578.0,337.49999725818634,12,14.062499885757765,58.39100298584539,1.384082199380472,24,24
CA_1,7,HOUSEHOLD_1_272,mean_7,578.0,269.0000033378601,12,11.208333472410837,46.5397929650277,-1.5570930131166452,24,24
CA_1,7,HOUSEHOLD_1_272,tsb,578.0,290.262941899059,12,12.094289245794124,50.218502058660725,1.203717297340332,24,24
CA_1,7,HOUSEHOLD_1_439,cautious_group_route,483.0,174.11042269319296,0,7.254600945549707,36.04770656173767,9.016314030125518,24,24
CA_1,7,HOUSEHOLD_1_439,croston_sba,483.0,188.17079687396367,0,7.840449869748486,38.95875711676266,7.165927683888821,24,24
CA_1,7,HOUSEHOLD_1_439,direct_general,483.0,174.11042269319296,0,7.254600945549707,36.04770656173767,9.016314030125518,24,24
CA_1,7,HOUSEHOLD_1_439,direct_personalized,483.0,175.94785445928574,0,7.331160602470239,36.42812721724342,10.41081777887562,24,24
CA_1,7,HOUSEHOLD_1_439,mean_28,483.0,188.24999845027924,0,7.843749935428302,38.975154958649945,9.05797015065732,24,24
CA_1,7,HOUSEHOLD_1_439,mean_7,483.0,182.0000011473894,0,7.583333381141226,37.681159657844596,1.6563145362812555,24,24
CA_1,7,HOUSEHOLD_1_439,tsb,483.0,188.58882890132537,0,7.857867870888557,39.045306190750594,9.611453785768601,24,24
CA_1,7,HOUSEHOLD_1_485,cautious_group_route,145.0,52.07777535915375,0,2.1699073066314063,35.91570714424397,-2.486126022092227,24,24
CA_1,7,HOUSEHOLD_1_485,croston_sba,145.0,55.029896538456455,0,2.292912355769019,37.95165278514238,-2.794101301314031,24,24
CA_1,7,HOUSEHOLD_1_485,direct_general,145.0,52.07777535915375,0,2.1699073066314063,35.91570714424397,-2.486126022092227,24,24
CA_1,7,HOUSEHOLD_1_485,direct_personalized,145.0,51.90385319292545,0,2.1626605497052274,35.79576082270721,-1.4701345254634988,24,24
CA_1,7,HOUSEHOLD_1_485,mean_28,145.0,50.25,0,2.09375,34.6551724137931,-1.8965518885645374,24,24
CA_1,7,HOUSEHOLD_1_485,mean_7,145.0,77.99999931454659,0,3.249999971439441,53.79310297554937,-2.7586197236488617,24,24
CA_1,7,HOUSEHOLD_1_485,tsb,145.0,60.0094447745544,0,2.5003935322731,41.38582398245131,-2.6819131465463166,24,24
CA_1,7,HOUSEHOLD_2_014,cautious_group_route,27.0,28.697921711234272,9,1.1957467379680946,106.2885989304973,14.793457811272342,24,24
CA_1,7,HOUSEHOLD_2_014,croston_sba,27.0,24.238566532224485,9,1.0099402721760202,89.77246863786847,25.608121459206625,24,24
CA_1,7,HOUSEHOLD_2_014,direct_general,27.0,28.528454266488552,9,1.188685594437023,105.66094172773538,33.953124105378436,24,24
CA_1,7,HOUSEHOLD_2_014,direct_personalized,27.0,28.588800244033337,9,1.1912000101680558,105.88444534827161,34.82737692969817,24,24
CA_1,7,HOUSEHOLD_2_014,mean_28,27.0,24.750000432133675,9,1.0312500180055697,91.66666826716175,8.333336147997114,24,24
CA_1,7,HOUSEHOLD_2_014,mean_7,27.0,36.00000065565109,9,1.5000000273187954,133.33333576167072,4.084021956832321e-06,24,24
CA_1,7,HOUSEHOLD_2_014,tsb,27.0,29.058334358080405,9,1.2107639315866836,107.62346058548299,11.65710110484527,24,24
CA_1,7,HOUSEHOLD_2_034,cautious_group_route,10.0,15.381052583683802,15,0.640877190986825,153.81052583683802,38.309205774813684,24,24
CA_1,7,HOUSEHOLD_2_034,croston_sba,10.0,14.284712629778117,15,0.5951963595740882,142.84712629778116,47.701985386887884,24,24
CA_1,7,HOUSEHOLD_2_034,direct_general,10.0,15.804133716970682,15,0.6585055715404451,158.04133716970682,97.50269424170256,24,24
CA_1,7,HOUSEHOLD_2_034,direct_personalized,10.0,16.066628899425268,15,0.6694428708093861,160.66628899425268,109.06032659113407,24,24
CA_1,7,HOUSEHOLD_2_034,mean_28,10.0,14.250000137835741,15,0.5937500057431558,142.5000013783574,12.50000398606062,24,24
CA_1,7,HOUSEHOLD_2_034,mean_7,10.0,16.000000536441803,15,0.6666666890184084,160.00000536441803,20.00000536441803,24,24
CA_1,7,HOUSEHOLD_2_034,tsb,10.0,15.381052583683802,15,0.640877190986825,153.81052583683802,38.309205774813684,24,24
CA_1,7,HOUSEHOLD_2_076,cautious_group_route,68.0,50.96832861751318,7,2.1236803590630493,74.95342443751939,24.847115740618285,24,24
CA_1,7,HOUSEHOLD_2_076,croston_sba,68.0,55.73357861496565,7,2.3222324422902356,81.96114502200831,23.084545047946886,24,24
CA_1,7,HOUSEHOLD_2_076,direct_general,68.0,50.96832861751318,7,2.1236803590630493,74.95342443751939,24.847115740618285,24,24
CA_1,7,HOUSEHOLD_2_076,direct_personalized,68.0,51.98389559611678,7,2.1659956498381994,76.44690528840704,25.75057640343028,24,24
CA_1,7,HOUSEHOLD_2_076,mean_28,68.0,61.249999798834324,7,2.5520833249514303,90.07352911593283,9.926471168942312,24,24
CA_1,7,HOUSEHOLD_2_076,mean_7,68.0,37.000000298023224,7,1.541666679084301,54.4117651441518,1.4705907772569096,24,24
CA_1,7,HOUSEHOLD_2_076,tsb,68.0,50.62375268646103,7,2.109323028602543,74.44669512714857,13.124915134643167,24,24
CA_1,7,HOUSEHOLD_2_087,cautious_group_route,2.0,3.9561541234885267,22,0.1648397551453553,197.80770617442633,-1.7886752001887496,24,24
CA_1,7,HOUSEHOLD_2_087,croston_sba,2.0,5.617220860607804,22,0.23405086919199183,280.8610430303902,120.68201954544419,24,24
CA_1,7,HOUSEHOLD_2_087,direct_general,2.0,16.778955524787307,22,0.6991231468661377,838.9477762393653,768.2928959839046,24,24
CA_1,7,HOUSEHOLD_2_087,direct_personalized,2.0,18.16510397940874,22,0.7568793324753642,908.255198970437,837.3127046972513,24,24
CA_1,7,HOUSEHOLD_2_087,mean_28,2.0,4.000000089406967,22,0.16666667039195696,200.00000447034836,4.470348358154297e-06,24,24
CA_1,7,HOUSEHOLD_2_087,mean_7,2.0,4.000000089406967,22,0.16666667039195696,200.00000447034836,4.470348358154297e-06,24,24
CA_1,7,HOUSEHOLD_2_087,tsb,2.0,3.9561541234885267,22,0.1648397551453553,197.80770617442633,-1.7886752001887496,24,24
CA_1,7,HOUSEHOLD_2_118,cautious_group_route,73.0,51.252771116793156,2,2.1355321298663816,70.20927550245638,10.471491566667819,24,24
CA_1,7,HOUSEHOLD_2_118,croston_sba,73.0,48.0467963100257,2,2.0019498462510708,65.81752919181604,6.744844985544856,24,24
CA_1,7,HOUSEHOLD_2_118,direct_general,73.0,51.252771116793156,2,2.1355321298663816,70.20927550245638,10.471491566667819,24,24
CA_1,7,HOUSEHOLD_2_118,direct_personalized,73.0,51.45594737678766,2,2.1439978073661528,70.48759914628447,11.23742086634244,24,24
CA_1,7,HOUSEHOLD_2_118,mean_28,73.0,50.249999821186066,2,2.0937499925494194,68.83561619340557,0.34246534517366595,24,24
CA_1,7,HOUSEHOLD_2_118,mean_7,73.0,69.00000074505806,2,2.875000031044086,94.52054896583296,1.369865259079084,24,24
CA_1,7,HOUSEHOLD_2_118,tsb,73.0,55.15165319434326,2,2.2979855497643027,75.55020985526474,3.439621874606502,24,24
CA_1,7,HOUSEHOLD_2_175,cautious_group_route,30.0,25.5932241642856,15,1.0663843401785666,85.31074721428534,-24.19280944799281,24,24
CA_1,7,HOUSEHOLD_2_175,croston_sba,30.0,35.57871513606456,15,1.48244646400269,118.5957171202152,-49.79698431622092,24,24
CA_1,7,HOUSEHOLD_2_175,direct_general,30.0,29.26225088723004,15,1.219260453634585,97.54083629076679,-10.772910000135502,24,24
CA_1,7,HOUSEHOLD_2_175,direct_personalized,30.0,29.63651503250003,15,1.2348547930208345,98.78838344166677,-5.546269255379834,24,24
CA_1,7,HOUSEHOLD_2_175,mean_28,30.0,25.749999728053808,15,1.0729166553355753,85.83333242684603,-32.50000028560559,24,24
CA_1,7,HOUSEHOLD_2_175,mean_7,30.0,25.999999836087227,15,1.0833333265036345,86.66666612029076,2.0364920298258462e-06,24,24
CA_1,7,HOUSEHOLD_2_175,tsb,30.0,25.477928532556707,15,1.0615803555231962,84.92642844185569,-31.208708005009207,24,24
CA_1,7,HOUSEHOLD_2_266,cautious_group_route,31.0,16.74716187195701,16,0.6977984113315422,54.023102812764556,-15.048923149503825,24,24
CA_1,7,HOUSEHOLD_2_266,croston_sba,31.0,47.92778100074539,16,1.9969908750310579,154.60574516369482,13.940675121105032,24,24
CA_1,7,HOUSEHOLD_2_266,direct_general,31.0,21.616025568917394,16,0.9006677320382247,69.7291147384432,-9.44042977907004,24,24
CA_1,7,HOUSEHOLD_2_266,direct_personalized,31.0,21.854987455531955,16,0.9106244773138314,70.49995953397405,-5.08589549290557,24,24
CA_1,7,HOUSEHOLD_2_266,mean_28,31.0,17.750000275671482,16,0.739583344819645,57.258065405391875,-29.838709653385223,24,24
CA_1,7,HOUSEHOLD_2_266,mean_7,31.0,16.00000035762787,16,0.6666666815678278,51.612904379444736,-12.903224268267232,24,24
CA_1,7,HOUSEHOLD_2_266,tsb,31.0,16.74716187195701,16,0.6977984113315422,54.023102812764556,-15.048923149503825,24,24
CA_1,7,HOUSEHOLD_2_295,cautious_group_route,67.0,43.48397758975625,2,1.811832399573177,64.90145908918844,-2.243033412899544,24,24
CA_1,7,HOUSEHOLD_2_295,croston_sba,67.0,40.59395399785586,2,1.6914147499106609,60.58799104157591,-6.366582481531251,24,24
CA_1,7,HOUSEHOLD_2_295,direct_general,67.0,43.48397758975625,2,1.811832399573177,64.90145908918844,-2.243033412899544,24,24
CA_1,7,HOUSEHOLD_2_295,direct_personalized,67.0,44.04481112211943,2,1.8352004634216428,65.73852406286481,-1.1343418106214325,24,24
CA_1,7,HOUSEHOLD_2_295,mean_28,67.0,43.25000023841858,2,1.8020833432674408,64.55223916181878,-5.597014480562352,24,24
CA_1,7,HOUSEHOLD_2_295,mean_7,67.0,59.00000071525574,2,2.458333363135656,88.0597025600832,1.4925396709299825,24,24
CA_1,7,HOUSEHOLD_2_295,tsb,67.0,44.91305254376125,2,1.8713771893233855,67.03440678173321,1.2230712084622213,24,24
CA_1,7,HOUSEHOLD_2_315,cautious_group_route,19.0,20.098579218872434,14,0.8374408007863514,105.78199588880229,-3.981970492277506,24,24
CA_1,7,HOUSEHOLD_2_315,croston_sba,19.0,26.764655608635437,14,1.1151939836931433,140.8666084665023,36.72190749890837,24,24
CA_1,7,HOUSEHOLD_2_315,direct_general,19.0,22.34185408987105,14,0.9309105870779604,117.58870573616342,25.926342694775055,24,24
CA_1,7,HOUSEHOLD_2_315,direct_personalized,19.0,22.761381953954697,14,0.9483909147481123,119.79674712607735,29.97888281549278,24,24
CA_1,7,HOUSEHOLD_2_315,mean_28,19.0,20.25000001490116,14,0.8437500006208817,106.57894744684822,-19.736839752448233,24,24
CA_1,7,HOUSEHOLD_2_315,mean_7,19.0,14.000000283122063,14,0.583333345130086,73.68421201643191,-10.52631288766861,24,24
CA_1,7,HOUSEHOLD_2_315,tsb,19.0,18.259280409007758,14,0.7608033503753232,96.10147583688294,-13.662490544196842,24,24
CA_1,7,HOUSEHOLD_2_323,cautious_group_route,23.0,21.81634412779041,15,0.9090143386579337,94.85367012082786,39.110290832075364,24,24
CA_1,7,HOUSEHOLD_2_323,croston_sba,23.0,31.425347827652367,15,1.3093894928188485,136.6319470767494,86.24995521769927,24,24
CA_1,7,HOUSEHOLD_2_323,direct_general,23.0,25.912907427176833,15,1.079704476132368,112.66481490076885,61.66890129932891,24,24
CA_1,7,HOUSEHOLD_2_323,direct_personalized,23.0,26.794952277094126,15,1.116456344878922,116.49979250910489,62.61093485290589,24,24
CA_1,7,HOUSEHOLD_2_323,mean_28,23.0,22.750000100582838,15,0.9479166708576182,98.91304391557756,16.304349170430847,24,24
CA_1,7,HOUSEHOLD_2_323,mean_7,23.0,22.000000670552254,15,0.9166666946063439,95.65217682848807,8.695656125960143,24,24
CA_1,7,HOUSEHOLD_2_323,tsb,23.0,22.177988551405885,15,0.9240828563085786,96.42603718002557,14.322915884332998,24,24
CA_1,7,HOUSEHOLD_2_409,cautious_group_route,197.0,72.1989212334156,0,3.0082883847256503,36.64919859564244,-0.2482717185456122,24,24
CA_1,7,HOUSEHOLD_2_409,croston_sba,197.0,72.42933341009805,0,3.0178888920874187,36.766159091420334,-1.9906962425622692,24,24
CA_1,7,HOUSEHOLD_2_409,direct_general,197.0,72.1989212334156,0,3.0082883847256503,36.64919859564244,-0.2482717185456122,24,24
CA_1,7,HOUSEHOLD_2_409,direct_personalized,197.0,72.12039582431316,0,3.005016492679715,36.609337981884856,-1.8251398871392768,24,24
CA_1,7,HOUSEHOLD_2_409,mean_28,197.0,72.24999952316284,0,3.010416646798452,36.67512666150398,-0.12690458200909946,24,24
CA_1,7,HOUSEHOLD_2_409,mean_7,197.0,87.00000143051147,0,3.6250000596046448,44.16243727437131,0.5076149998582532,24,24
CA_1,7,HOUSEHOLD_2_409,tsb,197.0,76.84010158520088,0,3.20167089938337,39.005127708223796,2.2446390902907503,24,24
CA_1,28,FOODS_1_048,cautious_group_route,70.0,31.57184446456921,2,5.261974077428202,45.10263494938459,-0.009449287943295661,6,6
CA_1,28,FOODS_1_048,croston_sba,70.0,54.47510852728383,2,9.079184754547304,77.82158361040547,-16.944101975020118,6,6
CA_1,28,FOODS_1_048,direct_general,70.0,49.65490987896919,2,8.275818313161531,70.93558554138455,8.958492832524428,6,6
CA_1,28,FOODS_1_048,direct_personalized,70.0,47.28014440834522,2,7.880024068057537,67.54306344049317,6.275516088519778,6,6
CA_1,28,FOODS_1_048,mean_28,70.0,32.99999952316284,2,5.499999920527141,47.142856461661204,-24.285714626312256,6,6
CA_1,28,FOODS_1_048,mean_7,70.0,49.99999934434891,2,8.333333224058151,71.428570491927,-37.142855525016785,6,6
CA_1,28,FOODS_1_048,tsb,70.0,31.981574508184615,2,5.330262418030769,45.687963583120876,-21.120089711301972,6,6
CA_1,28,FOODS_1_098,cautious_group_route,57.0,54.41493092366811,0,9.069155153944685,95.46479109415458,12.443754760715784,6,6
CA_1,28,FOODS_1_098,croston_sba,57.0,54.60551159884641,0,9.100918599807736,95.79914315587091,0.6289734446596235,6,6
CA_1,28,FOODS_1_098,direct_general,57.0,43.91362398862839,0,7.318937331438065,77.04144559408489,14.846320737872201,6,6
CA_1,28,FOODS_1_098,direct_personalized,57.0,44.47377359867096,0,7.412295599778493,78.02416420819466,11.729499174837489,6,6
CA_1,28,FOODS_1_098,mean_28,57.0,43.000000074505806,0,7.166666679084301,75.43859662194001,5.263159855415952,6,6
CA_1,28,FOODS_1_098,mean_7,57.0,66.99999916553497,0,11.166666527589163,117.54385818514908,54.385965957976225,6,6
CA_1,28,FOODS_1_098,tsb,57.0,51.32648341120638,0,8.554413901867731,90.04646212492348,7.025425791484693,6,6
CA_1,28,FOODS_1_111,cautious_group_route,102.0,20.732260912656784,0,3.4553768187761307,20.32574599280077,-5.773513837187895,6,6
CA_1,28,FOODS_1_111,croston_sba,102.0,20.213911570786944,0,3.368985261797824,19.817560363516613,-3.21879850606357,6,6
CA_1,28,FOODS_1_111,direct_general,102.0,20.732260912656784,0,3.4553768187761307,20.32574599280077,-5.773513837187895,6,6
CA_1,28,FOODS_1_111,direct_personalized,102.0,20.783024847507484,0,3.463837474584581,20.375514556379887,-6.818381711548447,6,6
CA_1,28,FOODS_1_111,mean_28,102.0,19.99999964237213,0,3.3333332737286887,19.607842786639345,-3.921567809348013,6,6
CA_1,28,FOODS_1_111,mean_7,102.0,50.00000053644182,0,8.333333422740303,49.019608369060606,-21.56862517197926,6,6
CA_1,28,FOODS_1_111,tsb,102.0,29.717133621393714,0,4.952855603565619,29.134444726856582,-12.693542765691175,6,6
CA_1,28,FOODS_2_011,cautious_group_route,79.0,33.56433227658272,1,5.594055379430453,42.48649655263635,22.64365482179424,6,6
CA_1,28,FOODS_2_011,croston_sba,79.0,63.612737956098684,1,10.602122992683114,80.52245310898567,34.065864991354054,6,6
CA_1,28,FOODS_2_011,direct_general,79.0,33.56433227658272,1,5.594055379430453,42.48649655263635,22.64365482179424,6,6
CA_1,28,FOODS_2_011,direct_personalized,79.0,34.78406172990799,1,5.797343621651332,44.03045788595948,23.726968146577665,6,6
CA_1,28,FOODS_2_011,mean_28,79.0,45.00000202655792,1,7.500000337759654,56.96202788171889,3.797470617897907,6,6
CA_1,28,FOODS_2_011,mean_7,79.0,27.000001311302185,1,4.5000002185503645,34.1772168497496,-8.860757531999033,6,6
CA_1,28,FOODS_2_011,tsb,79.0,30.490229081394236,1,5.081704846899039,38.59522668530916,10.829337452090522,6,6
CA_1,28,FOODS_2_030,cautious_group_route,605.0,67.11673969030379,0,11.186123281717299,11.093675981868394,-4.509875567491387,6,6
CA_1,28,FOODS_2_030,croston_sba,605.0,91.08597447490476,0,15.18099574581746,15.055532971058637,-7.581455331896496,6,6
CA_1,28,FOODS_2_030,direct_general,605.0,67.11673969030379,0,11.186123281717299,11.093675981868394,-4.509875567491387,6,6
CA_1,28,FOODS_2_030,direct_personalized,605.0,73.81989741325378,0,12.303316235542297,12.201635936075006,-4.78677960466747,6,6
CA_1,28,FOODS_2_030,mean_28,605.0,36.0,0,6.0,5.950413223140496,0.9917364829827978,6,6
CA_1,28,FOODS_2_030,mean_7,605.0,163.0000147819519,0,27.166669130325317,26.942151203628413,-13.388429673250053,6,6
CA_1,28,FOODS_2_030,tsb,605.0,83.55543556862678,0,13.925905928104463,13.810815796467237,-2.441242259265675,6,6
CA_1,28,FOODS_2_037,cautious_group_route,66.0,32.97789794206619,0,5.496316323677699,49.966512033433624,10.671048543669961,6,6
CA_1,28,FOODS_2_037,croston_sba,66.0,34.42876447723278,0,5.738127412872131,52.16479466247391,5.833883071913481,6,6
CA_1,28,FOODS_2_037,direct_general,66.0,32.97789794206619,0,5.496316323677699,49.966512033433624,10.671048543669961,6,6
CA_1,28,FOODS_2_037,direct_personalized,66.0,34.18029248714447,0,5.696715414524078,51.788321950218894,9.39426530491222,6,6
CA_1,28,FOODS_2_037,mean_28,66.0,34.00000065565109,0,5.666666775941849,51.51515250856226,9.090909542459434,6,6
CA_1,28,FOODS_2_037,mean_7,66.0,29.999999403953552,0,4.999999900658925,45.454544551444776,-27.27272528590578,6,6
CA_1,28,FOODS_2_037,tsb,66.0,29.805838389381705,0,4.967639731563618,45.16036119603289,-10.898789106313279,6,6
CA_1,28,FOODS_2_091,cautious_group_route,164.0,70.55960355178941,0,11.759933925298235,43.02414850718866,-10.863721431128068,6,6
CA_1,28,FOODS_2_091,croston_sba,164.0,71.54440166752124,0,11.924066944586874,43.62463516312271,-19.884703941882506,6,6
CA_1,28,FOODS_2_091,direct_general,164.0,67.19061517715454,0,11.19843586285909,40.96988730314301,-8.809460227082415,6,6
CA_1,28,FOODS_2_091,direct_personalized,164.0,66.43686902523041,0,11.072811504205069,40.51028599099415,-9.436621898558082,6,6
CA_1,28,FOODS_2_091,mean_28,164.0,65.0000011920929,0,10.833333532015482,39.63414706834933,-4.268292537549643,6,6
CA_1,28,FOODS_2_091,mean_7,164.0,61.99999964237213,0,10.33333327372869,37.804877830714716,-36.585365054084036,6,6
CA_1,28,FOODS_2_091,tsb,164.0,66.39355579196251,0,11.065592631993752,40.483875482903976,-15.727534563158049,6,6
CA_1,28,FOODS_2_175,cautious_group_route,422.0,84.02685898542403,0,14.004476497570671,19.911577958631284,-1.4197688390858398,6,6
CA_1,28,FOODS_2_175,croston_sba,422.0,65.05625078093075,0,10.842708463488458,15.41617317083667,-1.158161925771638,6,6
CA_1,28,FOODS_2_175,direct_general,422.0,84.02685898542403,0,14.004476497570671,19.911577958631284,-1.4197688390858398,6,6
CA_1,28,FOODS_2_175,direct_personalized,422.0,85.73276114463806,0,14.288793524106344,20.315820176454515,1.1924240543944027,6,6
CA_1,28,FOODS_2_175,mean_28,422.0,82.99999189376831,0,13.833331982294718,19.668244524589646,1.1848333322606397,6,6
CA_1,28,FOODS_2_175,mean_7,422.0,131.99999952316284,0,21.99999992052714,31.27962074008598,0.4739324063486381,6,6
CA_1,28,FOODS_2_175,tsb,422.0,77.18651179988612,0,12.864418633314353,18.290642606608085,3.308681991654044,6,6
CA_1,28,FOODS_2_276,cautious_group_route,1938.0,281.1712527275085,0,46.86187545458475,14.508320574174844,-10.853992385637891,6,6
CA_1,28,FOODS_2_276,croston_sba,1938.0,333.3927926413792,0,55.565465440229865,17.202930476851353,-9.574318679422214,6,6
CA_1,28,FOODS_2_276,direct_general,1938.0,281.1712527275085,0,46.86187545458475,14.508320574174844,-10.853992385637891,6,6
CA_1,28,FOODS_2_276,direct_personalized,1938.0,290.88520032167435,0,48.48086672027906,15.009556260148315,-5.874167430388546,6,6
CA_1,28,FOODS_2_276,mean_28,1938.0,191.0000114440918,0,31.833335240681965,9.855521746341166,2.4251811890656243,6,6
CA_1,28,FOODS_2_276,mean_7,1938.0,474.00001335144043,0,79.00000222524007,24.45820502329414,-19.71104339426393,6,6
CA_1,28,FOODS_2_276,tsb,1938.0,309.0017652355379,0,51.500294205922984,15.944363531245505,-4.773980178540592,6,6
CA_1,28,FOODS_3_087,cautious_group_route,742.0,132.88545203208923,0,22.147575338681538,17.90909057036243,-7.0202509508621365,6,6
CA_1,28,FOODS_3_087,croston_sba,742.0,132.7144156356811,0,22.119069272613515,17.886039843083704,-9.688297242125481,6,6
CA_1,28,FOODS_3_087,direct_general,742.0,132.88545203208923,0,22.147575338681538,17.90909057036243,-7.0202509508621365,6,6
CA_1,28,FOODS_3_087,direct_personalized,742.0,138.68917495012283,0,23.114862491687138,18.69126347036696,-5.849120261855527,6,6
CA_1,28,FOODS_3_087,mean_28,742.0,155.99999141693115,0,25.999998569488525,21.024257603359995,-2.425874854033842,6,6
CA_1,28,FOODS_3_087,mean_7,742.0,132.0000095367432,0,22.0000015894572,17.789758697674287,-12.129380568018505,6,6
CA_1,28,FOODS_3_087,tsb,742.0,105.69302802446096,0,17.615504670743494,14.244343399523041,-5.471968560757459,6,6
CA_1,28,FOODS_3_289,cautious_group_route,194.0,45.079707980155945,0,7.513284663359324,23.236962876369045,-4.118156863242079,6,6
CA_1,28,FOODS_3_289,croston_sba,194.0,42.836101795626654,0,7.139350299271109,22.080464843106522,-10.661120628378239,6,6
CA_1,28,FOODS_3_289,direct_general,194.0,45.079707980155945,0,7.513284663359324,23.236962876369045,-4.118156863242079,6,6
CA_1,28,FOODS_3_289,direct_personalized,194.0,44.879207998514175,0,7.479867999752362,23.13361237036813,-4.635157981484206,6,6
CA_1,28,FOODS_3_289,mean_28,194.0,43.00000047683716,0,7.166666746139526,22.164948699400597,-4.639175995109009,6,6
CA_1,28,FOODS_3_289,mean_7,194.0,83.99999821186066,0,13.999999701976776,43.298968150443635,-13.402061425533496,6,6
CA_1,28,FOODS_3_289,tsb,194.0,46.1833152880093,0,7.697219214668216,23.805832622685205,-4.289983257110186,6,6
CA_1,28,FOODS_3_329,cautious_group_route,2366.0,391.30646681785583,0,65.21774446964264,16.538734861278776,-3.3335716313259645,6,6
CA_1,28,FOODS_3_329,croston_sba,2366.0,306.70285005500966,0,51.117141675834944,12.962926883136502,-1.3947731936867227,6,6
CA_1,28,FOODS_3_329,direct_general,2366.0,391.30646681785583,0,65.21774446964264,16.538734861278776,-3.3335716313259645,6,6
CA_1,28,FOODS_3_329,direct_personalized,2366.0,312.53392243385315,0,52.08898707230886,13.209379646401231,0.2821164522146884,6,6
CA_1,28,FOODS_3_329,mean_28,2366.0,507.00003433227533,0,84.50000572204588,21.428572879639702,5.621302903756585,6,6
CA_1,28,FOODS_3_329,mean_7,2366.0,587.9999809265137,0,97.99999682108562,24.852070199768118,3.803888580502843,6,6
CA_1,28,FOODS_3_329,tsb,2366.0,338.5340265406421,0,56.422337756773686,14.308285145420207,9.578045817396243,6,6
CA_1,28,FOODS_3_413,cautious_group_route,567.0,83.34702044725418,0,13.891170074542364,14.6996508725316,-1.2306924114361852,6,6
CA_1,28,FOODS_3_413,croston_sba,567.0,86.54617289718676,0,14.424362149531127,15.26387529050913,-2.4013766943300823,6,6
CA_1,28,FOODS_3_413,direct_general,567.0,83.34702044725418,0,13.891170074542364,14.6996508725316,-1.2306924114361852,6,6
CA_1,28,FOODS_3_413,direct_personalized,567.0,86.93937826156615,0,14.48989637692769,15.333223679288562,-0.9272218591531934,6,6
CA_1,28,FOODS_3_413,mean_28,567.0,92.0,0,15.333333333333334,16.225749559082892,3.5273351787049045,6,6
CA_1,28,FOODS_3_413,mean_7,567.0,144.99998378753656,0,24.16666396458943,25.573189380517913,-9.700175862253449,6,6
CA_1,28,FOODS_3_413,tsb,567.0,105.33001080237388,0,17.555001800395647,18.576721481900154,3.30678887294329,6,6
CA_1,28,FOODS_3_478,cautious_group_route,45.0,48.42006778874985,2,8.070011298124975,107.60015064166633,4.6453143223133235,6,6
CA_1,28,FOODS_3_478,croston_sba,45.0,46.136885533913066,2,7.689480922318844,102.52641229758459,87.65307905441892,6,6
CA_1,28,FOODS_3_478,direct_general,45.0,37.33750522136688,2,6.222917536894481,82.97223382525974,41.01038217544556,6,6
CA_1,28,FOODS_3_478,direct_personalized,45.0,57.62960636615753,2,9.604934394359589,128.06579192479452,85.3010606765747,6,6
CA_1,28,FOODS_3_478,mean_28,45.0,49.00000059604645,2,8.166666766007742,108.88889021343655,2.2222235467698876,6,6
CA_1,28,FOODS_3_478,mean_7,45.0,45.0,2,7.5,100.0,-100.0,6,6
CA_1,28,FOODS_3_478,tsb,45.0,36.34142563939798,2,6.056904273232997,80.75872364310663,-46.80988987869328,6,6
CA_1,28,FOODS_3_603,cautious_group_route,795.0,386.47588497400284,0,64.41264749566714,48.613318864654445,-36.898566229538346,6,6
CA_1,28,FOODS_3_603,croston_sba,795.0,401.4937061442449,0,66.91561769070749,50.50235297411886,-39.52902633032539,6,6
CA_1,28,FOODS_3_603,direct_general,795.0,386.47588497400284,0,64.41264749566714,48.613318864654445,-36.898566229538346,6,6
CA_1,28,FOODS_3_603,direct_personalized,795.0,383.2829318642616,0,63.8804886440436,48.21168954267442,-36.06105595264795,6,6
CA_1,28,FOODS_3_603,mean_28,795.0,373.99999809265137,0,62.333333015441895,47.04402491731464,-32.201256182208745,6,6
CA_1,28,FOODS_3_603,mean_7,795.0,374.99999237060547,0,62.49999872843424,47.16981036108245,-39.119495655755564,6,6
CA_1,28,FOODS_3_603,tsb,795.0,382.5898902990996,0,63.764981716516594,48.12451450303139,-36.385741199641224,6,6
CA_1,28,FOODS_3_679,cautious_group_route,145.0,42.66879677772522,0,7.11146612962087,29.426756398431188,-2.7404360935605827,6,6
CA_1,28,FOODS_3_679,croston_sba,145.0,31.983537017623878,0,5.330589502937313,22.05761173629233,-3.946248866002933,6,6
CA_1,28,FOODS_3_679,direct_general,145.0,42.66879677772522,0,7.11146612962087,29.426756398431188,-2.7404360935605827,6,6
CA_1,28,FOODS_3_679,direct_personalized,145.0,39.44200101494789,0,6.573666835824649,27.201380010308892,-3.6669499915221664,6,6
CA_1,28,FOODS_3_679,mean_28,145.0,39.999998807907104,0,6.666666467984517,27.586206074418694,-1.3793101804009775,6,6
CA_1,28,FOODS_3_679,mean_7,145.0,51.0,0,8.5,35.172413793103445,2.068967490360662,6,6
CA_1,28,FOODS_3_679,tsb,145.0,29.116195288379,0,4.852699214729833,20.08013468164069,-3.886037338272199,6,6
CA_1,28,FOODS_3_686,cautious_group_route,144.0,25.52942276000976,0,4.25490379333496,17.728765805562333,-1.7708323068089005,6,6
CA_1,28,FOODS_3_686,croston_sba,144.0,21.366651396632243,0,3.5611085661053736,14.837952358772391,-4.176645647432912,6,6
CA_1,28,FOODS_3_686,direct_general,144.0,25.52942276000976,0,4.25490379333496,17.728765805562333,-1.7708323068089005,6,6
CA_1,28,FOODS_3_686,direct_personalized,144.0,24.35882437229156,0,4.059804062048594,16.915850258535805,-2.275183548529945,6,6
CA_1,28,FOODS_3_686,mean_28,144.0,24.000000238418583,0,4.00000003973643,16.666666832235126,1.388888061046598,6,6
CA_1,28,FOODS_3_686,mean_7,144.0,58.00000190734863,0,9.666666984558105,40.27777910232544,-13.888885908656647,6,6
CA_1,28,FOODS_3_686,tsb,144.0,35.599992351605565,0,5.933332058600928,24.722216910837197,-6.426349055775969,6,6
CA_1,28,FOODS_3_691,cautious_group_route,92.0,18.416999220848083,0,3.0694998701413474,20.018477413965307,4.205799556296807,6,6
CA_1,28,FOODS_3_691,croston_sba,92.0,10.58371316991418,0,1.7639521949856967,11.504036054254545,-0.3840399688801725,6,6
CA_1,28,FOODS_3_691,direct_general,92.0,18.416999220848083,0,3.0694998701413474,20.018477413965307,4.205799556296807,6,6
CA_1,28,FOODS_3_691,direct_personalized,92.0,17.805571287870407,0,2.9675952146450677,19.353881834641747,3.803170925897095,6,6
CA_1,28,FOODS_3_691,mean_28,92.0,19.999998450279236,0,3.3333330750465393,21.739128750303518,2.1739123956016853,6,6
CA_1,28,FOODS_3_691,mean_7,92.0,39.99999910593033,0,6.666666517655055,43.478259897750355,-43.47825834284658,6,6
CA_1,28,FOODS_3_691,tsb,92.0,25.313171407274464,0,4.218861901212411,27.51431674703746,-18.546908145801567,6,6
CA_1,28,HOBBIES_1_008,cautious_group_route,1653.0,592.5081903934479,0,98.75136506557465,35.84441563178753,-7.032756248677201,6,6
CA_1,28,HOBBIES_1_008,croston_sba,1653.0,442.3717784885839,0,73.72862974809732,26.76175308460883,1.9141609741198768,6,6
CA_1,28,HOBBIES_1_008,direct_general,1653.0,592.5081903934479,0,98.75136506557465,35.84441563178753,-7.032756248677201,6,6
CA_1,28,HOBBIES_1_008,direct_personalized,1653.0,568.7726880908012,0,94.79544801513354,34.40851107627352,-1.7370630774581641,6,6
CA_1,28,HOBBIES_1_008,mean_28,1653.0,469.9999771118164,0,78.33332951863606,28.43315046048496,6.654566068470444,6,6
CA_1,28,HOBBIES_1_008,mean_7,1653.0,653.0000171661377,0,108.83333619435628,39.50393328288794,-9.981851295060416,6,6
CA_1,28,HOBBIES_1_008,tsb,1653.0,456.6645262244206,0,76.11075437073677,27.626408120049646,8.406516265007847,6,6
CA_1,28,HOBBIES_1_056,cautious_group_route,274.0,74.72379750013351,0,12.453966250022253,27.27145894165457,10.898844582321004,6,6
CA_1,28,HOBBIES_1_056,croston_sba,274.0,62.94552654250423,0,10.490921090417372,22.972819906023442,13.033458539171455,6,6
CA_1,28,HOBBIES_1_056,direct_general,274.0,74.72379750013351,0,12.453966250022253,27.27145894165457,10.898844582321004,6,6
CA_1,28,HOBBIES_1_056,direct_personalized,274.0,75.87890487909317,0,12.646484146515528,27.69303097777123,10.216234918058353,6,6
CA_1,28,HOBBIES_1_056,mean_28,274.0,73.99999618530273,0,12.333332697550455,27.007297877847712,10.94890580560169,6,6
CA_1,28,HOBBIES_1_056,mean_7,274.0,67.9999990463257,0,11.333333174387617,24.81751790011887,10.948905805601695,6,6
CA_1,28,HOBBIES_1_056,tsb,274.0,81.29489457021441,0,13.549149095035736,29.669669551173143,18.31529970185343,6,6
CA_1,28,HOBBIES_1_066,cautious_group_route,102.0,81.15794312953949,0,13.526323854923248,79.56661091131322,41.82568496348811,6,6
CA_1,28,HOBBIES_1_066,croston_sba,102.0,83.06511286826877,0,13.844185478044794,81.43638516496938,37.319900132652734,6,6
CA_1,28,HOBBIES_1_066,direct_general,102.0,81.15794312953949,0,13.526323854923248,79.56661091131322,41.82568496348811,6,6
CA_1,28,HOBBIES_1_066,direct_personalized,102.0,76.82433357834816,0,12.80405559639136,75.31797409641976,34.84604221348669,6,6
CA_1,28,HOBBIES_1_066,mean_28,102.0,88.99999797344208,0,14.833332995573679,87.25489997396282,32.3529394233928,6,6
CA_1,28,HOBBIES_1_066,mean_7,102.0,81.99999886751175,0,13.666666477918625,80.3921557524625,72.54901791320128,6,6
CA_1,28,HOBBIES_1_066,tsb,102.0,78.20847295567818,0,13.034745492613029,76.67497348595899,52.38728028401182,6,6
CA_1,28,HOBBIES_1_074,cautious_group_route,212.0,86.78013131022453,0,14.463355218370756,40.9340242029361,7.232974736758,6,6
CA_1,28,HOBBIES_1_074,croston_sba,212.0,68.2727351788212,0,11.3787891964702,32.20412036736849,9.31381010400133,6,6
CA_1,28,HOBBIES_1_074,direct_general,212.0,86.78013131022453,0,14.463355218370756,40.9340242029361,7.232974736758,6,6
CA_1,28,HOBBIES_1_074,direct_personalized,212.0,90.48616376519203,0,15.081027294198671,42.682152719430206,6.443216033139324,6,6
CA_1,28,HOBBIES_1_074,mean_28,212.0,89.00000429153442,0,14.833334048589071,41.98113409978039,11.792453055111865,6,6
CA_1,28,HOBBIES_1_074,mean_7,212.0,64.00000035762787,0,10.66666672627131,30.18867941397541,-5.660373928411945,6,6
CA_1,28,HOBBIES_1_074,tsb,212.0,71.45938899756938,0,11.909898166261563,33.70725896111763,4.0416638070360005,6,6
CA_1,28,HOBBIES_1_095,cautious_group_route,4.0,5.148273987845153,5,0.8580456646408589,128.7068496961288,-71.29312894284392,6,6
CA_1,28,HOBBIES_1_095,croston_sba,4.0,25.60983314598311,5,4.268305524330518,640.2458286495778,640.2458286495778,6,6
CA_1,28,HOBBIES_1_095,direct_general,4.0,24.589584603905678,5,4.098264100650947,614.739615097642,519.0258909016848,6,6
CA_1,28,HOBBIES_1_095,direct_personalized,4.0,40.499203979969025,5,6.749867329994838,1012.4800994992256,896.6585271060467,6,6
CA_1,28,HOBBIES_1_095,mean_28,4.0,6.000000089406967,5,1.0000000149011612,150.00000223517418,-49.99999776482582,6,6
CA_1,28,HOBBIES_1_095,mean_7,4.0,4.0,5,0.6666666666666666,100.0,-100.0,6,6
CA_1,28,HOBBIES_1_095,tsb,4.0,5.148273987845153,5,0.8580456646408589,128.7068496961288,-71.29312894284392,6,6
CA_1,28,HOBBIES_1_097,cautious_group_route,52.0,23.013571493443465,0,3.8355952489072442,44.25686825662205,-9.259925883199568,6,6
CA_1,28,HOBBIES_1_097,croston_sba,52.0,20.958059073694265,0,3.493009845615711,40.30395975710436,-12.921828527452472,6,6
CA_1,28,HOBBIES_1_097,direct_general,52.0,24.73402029275894,0,4.122336715459824,47.56542363992104,-12.568481266498566,6,6
CA_1,28,HOBBIES_1_097,direct_personalized,52.0,23.47111314535141,0,3.9118521908919015,45.13675604875271,-13.371933423555818,6,6
CA_1,28,HOBBIES_1_097,mean_28,52.0,25.999999701976776,0,4.333333283662796,49.99999942687842,-30.76922927911465,6,6
CA_1,28,HOBBIES_1_097,mean_7,52.0,45.99999988079071,0,7.6666666467984514,88.46153823228983,-7.6923051705727215,6,6
CA_1,28,HOBBIES_1_097,tsb,52.0,26.605898050593012,0,4.434316341765502,51.16518855883272,-16.05499936459342,6,6
CA_1,28,HOBBIES_1_112,cautious_group_route,6.0,17.658544615548514,4,2.943090769258086,294.3090769258086,294.3090769258086,6,6
CA_1,28,HOBBIES_1_112,croston_sba,6.0,28.396527353614808,4,4.7327545589358015,473.2754558935801,389.98439928835666,6,6
CA_1,28,HOBBIES_1_112,direct_general,6.0,18.05228850990534,4,3.00871475165089,300.87147516508895,300.87147516508895,6,6
CA_1,28,HOBBIES_1_112,direct_personalized,6.0,21.073640763759613,4,3.512273460626602,351.2273460626602,315.8207595348358,6,6
CA_1,28,HOBBIES_1_112,mean_28,6.0,3.0000000298023224,4,0.5000000049670538,50.000000496705375,-49.999999503294625,6,6
CA_1,28,HOBBIES_1_112,mean_7,6.0,4.000000178813934,4,0.666666696468989,66.66666964689891,-33.3333303531011,6,6
CA_1,28,HOBBIES_1_112,tsb,6.0,5.0179148397263535,4,0.8363191399543922,83.63191399543923,-16.368086004560777,6,6
CA_1,28,HOBBIES_1_142,cautious_group_route,203.0,39.64501732587814,0,6.6075028876463575,19.529565185161648,1.7572894765825677,6,6
CA_1,28,HOBBIES_1_142,croston_sba,203.0,51.21628529469872,0,8.536047549116454,25.22969718950676,0.9568691748384718,6,6
CA_1,28,HOBBIES_1_142,direct_general,203.0,39.64501732587814,0,6.6075028876463575,19.529565185161648,1.7572894765825677,6,6
CA_1,28,HOBBIES_1_142,direct_personalized,203.0,42.15551918745042,0,7.02591986457507,20.76626560958149,1.0224250443463239,6,6
CA_1,28,HOBBIES_1_142,mean_28,203.0,47.000001430511475,0,7.833333571751912,23.152710064291366,2.463053012716359,6,6
CA_1,28,HOBBIES_1_142,mean_7,203.0,60.99999797344206,0,10.166666328907011,30.04926008543944,-13.300491612533039,6,6
CA_1,28,HOBBIES_1_142,tsb,203.0,33.830797518125806,0,5.638466253020968,16.665417496613696,-0.24198582591034654,6,6
CA_1,28,HOBBIES_1_153,cautious_group_route,244.0,49.70454582571984,0,8.284090970953306,20.370715502344197,-10.38872207530209,6,6
CA_1,28,HOBBIES_1_153,croston_sba,244.0,45.316433981557395,0,7.552738996926233,18.572309008834996,-9.598516739937732,6,6
CA_1,28,HOBBIES_1_153,direct_general,244.0,49.70454582571984,0,8.284090970953306,20.370715502344197,-10.38872207530209,6,6
CA_1,28,HOBBIES_1_153,direct_personalized,244.0,50.194378316402435,0,8.365729719400406,20.571466523115753,-11.712771043425697,6,6
CA_1,28,HOBBIES_1_153,mean_28,244.0,45.99999713897704,0,7.666666189829506,18.852457843843045,-5.737703354632263,6,6
CA_1,28,HOBBIES_1_153,mean_7,244.0,101.99999737739562,0,16.99999956289927,41.803277613686724,-22.950820160693816,6,6
CA_1,28,HOBBIES_1_153,tsb,244.0,45.5106635406351,0,7.58511059010585,18.65191128714553,-9.728626320635003,6,6
CA_1,28,HOBBIES_1_198,cautious_group_route,114.0,82.3955180644989,0,13.73258634408315,72.27677023201657,35.05384461921559,6,6
CA_1,28,HOBBIES_1_198,croston_sba,114.0,72.2468405488699,0,12.041140091478317,63.3744215340964,28.553194765734965,6,6
CA_1,28,HOBBIES_1_198,direct_general,114.0,82.3955180644989,0,13.73258634408315,72.27677023201657,35.05384461921559,6,6
CA_1,28,HOBBIES_1_198,direct_personalized,114.0,79.54296964406967,0,13.257161607344946,69.77453477549972,34.25650591390175,6,6
CA_1,28,HOBBIES_1_198,mean_28,114.0,96.99999845027924,0,16.16666640837987,85.08771793884144,28.947367689065764,6,6
CA_1,28,HOBBIES_1_198,mean_7,114.0,113.99999970197678,0,18.999999950329464,99.99999973857612,15.789475200469038,6,6
CA_1,28,HOBBIES_1_198,tsb,114.0,86.37123968951681,0,14.395206614919468,75.7642453416814,18.001371915076604,6,6
CA_1,28,HOBBIES_1_203,cautious_group_route,93.0,29.108284413814552,0,4.851380735635758,31.29923055248877,16.627179294504153,6,6
CA_1,28,HOBBIES_1_203,croston_sba,93.0,24.216534173307675,0,4.0360890288846125,26.039284057320078,9.003264206629929,6,6
CA_1,28,HOBBIES_1_203,direct_general,93.0,29.108284413814552,0,4.851380735635758,31.29923055248877,16.627179294504153,6,6
CA_1,28,HOBBIES_1_203,direct_personalized,93.0,27.320136636495583,0,4.553356106082597,29.376491006984494,15.97239878228915,6,6
CA_1,28,HOBBIES_1_203,mean_28,93.0,21.99999964237213,0,3.6666666070620217,23.65591359394853,6.451611493223455,6,6
CA_1,28,HOBBIES_1_203,mean_7,93.0,49.000000953674316,0,8.166666825612387,52.68817306846701,16.12903430897703,6,6
CA_1,28,HOBBIES_1_203,tsb,93.0,28.191386161207816,0,4.698564360201303,30.31331845291163,9.18715019645609,6,6
CA_1,28,HOBBIES_1_261,cautious_group_route,1268.0,165.67003047466272,0,27.61167174577712,13.065459816613778,-11.454815885245988,6,6
CA_1,28,HOBBIES_1_261,croston_sba,1268.0,173.5884274183184,0,28.93140456971973,13.689939070845298,-10.168973776607524,6,6
CA_1,28,HOBBIES_1_261,direct_general,1268.0,165.67003047466272,0,27.61167174577712,13.065459816613778,-11.454815885245988,6,6
CA_1,28,HOBBIES_1_261,direct_personalized,1268.0,137.54492658376685,0,22.92415443062781,10.847391686416943,-6.4078248214646445,6,6
CA_1,28,HOBBIES_1_261,mean_28,1268.0,217.99999427795407,0,36.33333237965901,17.192428570816567,-2.365929245572735,6,6
CA_1,28,HOBBIES_1_261,mean_7,1268.0,367.99998855590815,0,61.33333142598469,29.02208111639654,-29.02208111639654,6,6
CA_1,28,HOBBIES_1_261,tsb,1268.0,154.01399489711227,0,25.66899914951871,12.146214108605069,-3.9884264903252746,6,6
CA_1,28,HOBBIES_1_265,cautious_group_route,51.0,20.007673576474186,0,3.3346122627456976,39.23073250289056,13.330036723146252,6,6
CA_1,28,HOBBIES_1_265,croston_sba,51.0,18.929964817266615,0,3.1549941362111027,37.1175780730718,3.137726283580111,6,6
CA_1,28,HOBBIES_1_265,direct_general,51.0,20.007673576474186,0,3.3346122627456976,39.23073250289056,13.330036723146252,6,6
CA_1,28,HOBBIES_1_265,direct_personalized,51.0,19.678492605686188,0,3.2797487676143646,38.58527961899252,11.916317191778452,6,6
CA_1,28,HOBBIES_1_265,mean_28,51.0,22.999999821186066,0,3.833333303531011,45.09803886507072,5.882352356817205,6,6
CA_1,28,HOBBIES_1_265,mean_7,51.0,43.00000011920929,0,7.166666686534882,84.31372572393978,41.17647362690346,6,6
CA_1,28,HOBBIES_1_265,tsb,51.0,14.40789680157772,0,2.401316133596287,28.250778042309257,13.165658900973664,6,6
CA_1,28,HOBBIES_1_285,cautious_group_route,7.0,6.4787768488394155,3,1.079796141473236,92.55395498342023,49.35534591862052,6,6
CA_1,28,HOBBIES_1_285,croston_sba,7.0,14.219554168885324,3,2.3699256948142207,203.13648812693322,126.26050141431195,6,6
CA_1,28,HOBBIES_1_285,direct_general,7.0,27.10506431013346,3,4.5175107183555765,387.215204430478,387.215204430478,6,6
CA_1,28,HOBBIES_1_285,direct_personalized,7.0,42.900511398911476,3,7.150085233151913,612.8644485558782,612.8644485558782,6,6
CA_1,28,HOBBIES_1_285,mean_28,7.0,9.000000163912773,3,1.5000000273187954,128.57143091303962,14.285717904567719,6,6
CA_1,28,HOBBIES_1_285,mean_7,7.0,3.0000003576278687,3,0.5000000596046448,42.85714796611241,14.285719394683838,6,6
CA_1,28,HOBBIES_1_285,tsb,7.0,6.4787768488394155,3,1.079796141473236,92.55395498342023,49.35534591862052,6,6
CA_1,28,HOBBIES_1_290,cautious_group_route,50.0,23.176441201923538,0,3.8627402003205895,46.352882403847076,17.331907372954973,6,6
CA_1,28,HOBBIES_1_290,croston_sba,50.0,20.687102995575643,0,3.447850499262607,41.374205991151285,-3.184486274211512,6,6
CA_1,28,HOBBIES_1_290,direct_general,50.0,22.79293060302734,0,3.798821767171223,45.58586120605468,18.09892857074737,6,6
CA_1,28,HOBBIES_1_290,direct_personalized,50.0,23.941153824329376,0,3.990192304054896,47.88230764865875,16.837078690528866,6,6
CA_1,28,HOBBIES_1_290,mean_28,50.0,24.00000023841858,0,4.00000003973643,48.00000047683716,4.000000476837162,6,6
CA_1,28,HOBBIES_1_290,mean_7,50.0,38.00000023841858,0,6.333333373069763,76.00000047683716,12.000003337860107,6,6
CA_1,28,HOBBIES_1_290,tsb,50.0,20.667489867616364,0,3.4445816446027275,41.33497973523273,3.9955765836485906,6,6
CA_1,28,HOBBIES_1_331,cautious_group_route,53.0,25.039039700121698,0,4.173173283353616,47.24347113230509,-4.7411427375663155,6,6
CA_1,28,HOBBIES_1_331,croston_sba,53.0,23.476774609144243,0,3.912795768190707,44.29580114932877,-21.21598951226883,6,6
CA_1,28,HOBBIES_1_331,direct_general,53.0,25.658564925193787,0,4.276427487532298,48.412386651309035,5.337931749955667,6,6
CA_1,28,HOBBIES_1_331,direct_personalized,53.0,26.648894280195236,0,4.441482380032539,50.28093260414195,3.4584827580541933,6,6
CA_1,28,HOBBIES_1_331,mean_28,53.0,28.0,0,4.666666666666667,52.83018867924528,-3.7735835561212534,6,6
CA_1,28,HOBBIES_1_331,mean_7,53.0,25.000001311302185,0,4.1666668852170305,47.169813794909786,-9.433959789995876,6,6
CA_1,28,HOBBIES_1_331,tsb,53.0,25.039039700121698,0,4.173173283353616,47.24347113230509,-4.7411427375663155,6,6
CA_1,28,HOBBIES_1_351,cautious_group_route,101.0,17.655130773782734,0,2.9425217956304555,17.480327498794786,3.3348417813235023,6,6
CA_1,28,HOBBIES_1_351,croston_sba,101.0,20.90804114658689,0,3.484673524431148,20.70103083820484,-1.7475464941912697,6,6
CA_1,28,HOBBIES_1_351,direct_general,101.0,17.655130773782734,0,2.9425217956304555,17.480327498794786,3.3348417813235023,6,6
CA_1,28,HOBBIES_1_351,direct_personalized,101.0,19.24356904625893,0,3.2072615077098217,19.05303865966231,2.999373621279654,6,6
CA_1,28,HOBBIES_1_351,mean_28,101.0,23.00000047683716,0,3.8333334128061938,22.772277699838774,-0.990099954132983,6,6
CA_1,28,HOBBIES_1_351,mean_7,101.0,43.000000953674316,0,7.166666825612386,42.57425836997457,10.891092413722884,6,6
CA_1,28,HOBBIES_1_351,tsb,101.0,27.847338001063182,0,4.641223000177197,27.57162178323087,5.12835196320802,6,6
CA_1,28,HOBBIES_2_043,cautious_group_route,312.0,50.438418686389916,0,8.40640311439832,16.166159835381382,-1.0862984909461073,6,6
CA_1,28,HOBBIES_2_043,croston_sba,312.0,30.52490120517377,0,5.087483534195628,9.78362218114544,2.821652956448255,6,6
CA_1,28,HOBBIES_2_043,direct_general,312.0,50.438418686389916,0,8.40640311439832,16.166159835381382,-1.0862984909461073,6,6
CA_1,28,HOBBIES_2_043,direct_personalized,312.0,54.05216717720032,0,9.008694529533386,17.324412556794975,-0.7966262025710864,6,6
CA_1,28,HOBBIES_2_043,mean_28,312.0,69.00000047683716,0,11.50000007947286,22.115384768217037,2.243590202087011,6,6
CA_1,28,HOBBIES_2_043,mean_7,312.0,81.99999618530273,0,13.666666030883789,26.282050059391903,20.51282081848536,6,6
CA_1,28,HOBBIES_2_043,tsb,312.0,44.54991182393426,0,7.424985303989043,14.278817892286623,9.054026942086521,6,6
CA_1,28,HOBBIES_2_091,cautious_group_route,94.0,61.79682272672653,0,10.299470454454422,65.74130077311334,6.150068120753518,6,6
CA_1,28,HOBBIES_2_091,croston_sba,94.0,43.93695270155092,0,7.322825450258487,46.74143904420311,10.509409586690532,6,6
CA_1,28,HOBBIES_2_091,direct_general,94.0,61.79682272672653,0,10.299470454454422,65.74130077311334,6.150068120753518,6,6
CA_1,28,HOBBIES_2_091,direct_personalized,94.0,62.98804834485054,0,10.49800805747509,67.00856206898993,6.028204427120536,6,6
CA_1,28,HOBBIES_2_091,mean_28,94.0,62.99999958276749,0,10.499999930461248,67.0212761518803,-7.446809588594637,6,6
CA_1,28,HOBBIES_2_091,mean_7,94.0,55.99999874830246,0,9.333333124717077,59.574466753513256,-14.893615436046677,6,6
CA_1,28,HOBBIES_2_091,tsb,94.0,42.16968432029309,0,7.028280720048849,44.86136629818414,19.84804568317621,6,6
CA_1,28,HOUSEHOLD_1_016,cautious_group_route,341.0,134.40786050694692,0,22.401310084491154,39.41579487007241,-0.8265814442599243,6,6
CA_1,28,HOUSEHOLD_1_016,croston_sba,341.0,146.03330919766256,0,24.338884866277095,42.82501736001835,-4.5194771971161405,6,6
CA_1,28,HOUSEHOLD_1_016,direct_general,341.0,134.0418843626976,0,22.3403140604496,39.308470487594604,-0.719257061782121,6,6
CA_1,28,HOUSEHOLD_1_016,direct_personalized,341.0,134.12600642442703,0,22.35433440407117,39.333139713908224,-0.9136856651026483,6,6
CA_1,28,HOUSEHOLD_1_016,mean_28,341.0,126.99999570846558,0,21.16666595141093,37.243400501016296,-3.2258085491370574,6,6
CA_1,28,HOUSEHOLD_1_016,mean_7,341.0,131.00000047683713,0,21.833333412806187,38.416422427224965,20.821112551647197,6,6
CA_1,28,HOUSEHOLD_1_016,tsb,341.0,119.62733873038049,0,19.93788978839675,35.081331005976686,10.39392254114492,6,6
CA_1,28,HOUSEHOLD_1_117,cautious_group_route,83.0,28.023080468177795,0,4.670513411362966,33.76274755202144,-5.220948213554292,6,6
CA_1,28,HOUSEHOLD_1_117,croston_sba,83.0,31.28656684282681,0,5.214427807137802,37.69465884677929,-16.80260686136609,6,6
CA_1,28,HOUSEHOLD_1_117,direct_general,83.0,28.023080468177795,0,4.670513411362966,33.76274755202144,-5.220948213554292,6,6
CA_1,28,HOUSEHOLD_1_117,direct_personalized,83.0,28.84974953532219,0,4.808291589220365,34.75873437990625,-6.133995321859796,6,6
CA_1,28,HOUSEHOLD_1_117,mean_28,83.0,34.999999701976776,0,5.833333283662796,42.168674339731055,-13.253011689128643,6,6
CA_1,28,HOUSEHOLD_1_117,mean_7,83.0,44.99999952316284,0,7.499999920527141,54.21686689537692,15.662651751414838,6,6
CA_1,28,HOUSEHOLD_1_117,tsb,83.0,29.934199613958246,0,4.989033268993041,36.065300739708725,-7.072854575592232,6,6
CA_1,28,HOUSEHOLD_1_185,cautious_group_route,360.0,89.36994940042496,0,14.894991566737493,24.82498594456249,7.6299470828639215,6,6
CA_1,28,HOUSEHOLD_1_185,croston_sba,360.0,97.84773578989999,0,16.307955964983332,27.17992660830555,4.923744628857057,6,6
CA_1,28,HOUSEHOLD_1_185,direct_general,360.0,89.36994940042496,0,14.894991566737493,24.82498594456249,7.6299470828639215,6,6
CA_1,28,HOUSEHOLD_1_185,direct_personalized,360.0,87.01287657022476,0,14.50214609503746,24.1702434917291,6.989819688929452,6,6
CA_1,28,HOUSEHOLD_1_185,mean_28,360.0,105.00000333786011,0,17.500000556310017,29.16666759385003,8.055554098553127,6,6
CA_1,28,HOUSEHOLD_1_185,mean_7,360.0,81.9999976158142,0,13.666666269302366,22.77777711550394,4.44444378217061,6,6
CA_1,28,HOUSEHOLD_1_185,tsb,360.0,103.37006784462307,0,17.228344640770512,28.713907734617518,10.659066238102628,6,6
CA_1,28,HOUSEHOLD_1_197,cautious_group_route,266.0,36.9801012277603,0,6.163350204626717,13.90229369464673,-3.5074641381887512,6,6
CA_1,28,HOUSEHOLD_1_197,croston_sba,266.0,46.71146528257272,0,7.78524421376212,17.560701234049894,-5.662943266503934,6,6
CA_1,28,HOUSEHOLD_1_197,direct_general,266.0,36.9801012277603,0,6.163350204626717,13.90229369464673,-3.5074641381887512,6,6
CA_1,28,HOUSEHOLD_1_197,direct_personalized,266.0,39.9210529923439,0,6.653508832057317,15.007914658775903,-3.623831921950319,6,6
CA_1,28,HOUSEHOLD_1_197,mean_28,266.0,29.99999904632567,0,4.9999998410542785,11.27819513019762,-2.2556380221718184,6,6
CA_1,28,HOUSEHOLD_1_197,mean_7,266.0,97.99999928474426,0,16.333333214124043,36.84210499426476,-6.766915948767407,6,6
CA_1,28,HOUSEHOLD_1_197,tsb,266.0,49.62560050256141,0,8.270933417093568,18.65624079043662,-0.6155095015268485,6,6
CA_1,28,HOUSEHOLD_1_199,cautious_group_route,3.0,8.663772023555993,5,1.4439620039259988,288.79240078519973,88.79254126733775,6,6
CA_1,28,HOUSEHOLD_1_199,croston_sba,3.0,43.79261492370134,5,7.298769153950224,1459.7538307900447,1459.7538307900447,6,6
CA_1,28,HOUSEHOLD_1_199,direct_general,3.0,27.00537982583046,5,4.50089663763841,900.179327527682,839.2276952664057,6,6
CA_1,28,HOUSEHOLD_1_199,direct_personalized,3.0,38.37286953628063,5,6.395478256046772,1279.0956512093544,1176.8971289197605,6,6
CA_1,28,HOUSEHOLD_1_199,mean_28,3.0,9.000000059604645,5,1.5000000099341075,300.0000019868215,100.00000198682149,6,6
CA_1,28,HOUSEHOLD_1_199,mean_7,3.0,3.0,5,0.5,100.0,-100.0,6,6
CA_1,28,HOUSEHOLD_1_199,tsb,3.0,8.663772023555993,5,1.4439620039259988,288.79240078519973,88.79254126733775,6,6
CA_1,28,HOUSEHOLD_1_272,cautious_group_route,578.0,485.16417786479,2,80.86069631079833,83.93843907695329,-4.176452173287481,6,6
CA_1,28,HOUSEHOLD_1_272,croston_sba,578.0,793.7377728619227,2,132.28962881032047,137.32487419756447,68.91890652697477,6,6
CA_1,28,HOUSEHOLD_1_272,direct_general,578.0,485.16417786479,2,80.86069631079833,83.93843907695329,-4.176452173287481,6,6
CA_1,28,HOUSEHOLD_1_272,direct_personalized,578.0,502.33773517608654,2,83.72295586268109,86.90964276402882,2.4820700236257847,6,6
CA_1,28,HOUSEHOLD_1_272,mean_28,578.0,424.0,2,70.66666666666667,73.35640138408304,4.4982685762293295,6,6
CA_1,28,HOUSEHOLD_1_272,mean_7,578.0,420.0000057220459,2,70.00000095367432,72.66436085156504,12.110726313607508,6,6
CA_1,28,HOUSEHOLD_1_272,tsb,578.0,424.96001487669605,2,70.826669146116,73.52249392330381,12.154685059628624,6,6
CA_1,28,HOUSEHOLD_1_439,cautious_group_route,483.0,124.55318349599841,0,20.758863915999736,25.787408591304022,11.598747549096494,6,6
CA_1,28,HOUSEHOLD_1_439,croston_sba,483.0,120.0234220152787,0,20.003903669213116,24.849569775420022,9.813271633181081,6,6
CA_1,28,HOUSEHOLD_1_439,direct_general,483.0,124.55318349599841,0,20.758863915999736,25.787408591304022,11.598747549096494,6,6
CA_1,28,HOUSEHOLD_1_439,direct_personalized,483.0,119.58377289772035,0,19.930628816286724,24.75854511339966,11.763501019211294,6,6
CA_1,28,HOUSEHOLD_1_439,mean_28,483.0,159.0000033378601,0,26.500000556310017,32.91925534945344,18.01242206407629,6,6
CA_1,28,HOUSEHOLD_1_439,mean_7,483.0,88.99999856948854,0,14.833333094914757,18.426500739024544,1.0351961937503569,6,6
CA_1,28,HOUSEHOLD_1_439,tsb,483.0,129.43212615534685,0,21.572021025891143,26.797541647069743,14.358304947384841,6,6
CA_1,28,HOUSEHOLD_1_485,cautious_group_route,145.0,5.959610104560852,0,0.993268350760142,4.110075934179898,-0.6775627465083681,6,6
CA_1,28,HOUSEHOLD_1_485,croston_sba,145.0,17.28891778227485,0,2.8814862970458086,11.923391573982656,-6.509213005842553,6,6
CA_1,28,HOUSEHOLD_1_485,direct_general,145.0,5.959610104560852,0,0.993268350760142,4.110075934179898,-0.6775627465083681,6,6
CA_1,28,HOUSEHOLD_1_485,direct_personalized,145.0,8.421409547328949,0,1.403568257888158,5.80786865333031,-1.2069724346029347,6,6
CA_1,28,HOUSEHOLD_1_485,mean_28,145.0,6.999998569488525,0,1.1666664282480876,4.827585220336914,0.6896555012670057,6,6
CA_1,28,HOUSEHOLD_1_485,mean_7,145.0,50.999996662139885,0,8.499999443689982,35.17241149113095,-0.6896541858541604,6,6
CA_1,28,HOUSEHOLD_1_485,tsb,145.0,28.430746110849398,0,4.738457685141566,19.60741111093062,-10.813729771079545,6,6
CA_1,28,HOUSEHOLD_2_014,cautious_group_route,27.0,11.47653018975477,0,1.912755031625795,42.50566736946212,15.139362774287678,6,6
CA_1,28,HOUSEHOLD_2_014,croston_sba,27.0,9.400844894316162,0,1.566807482386027,34.81794405302282,30.976345792727063,6,6
CA_1,28,HOUSEHOLD_2_014,direct_general,27.0,11.355929523706436,0,1.8926549206177394,42.058998235949765,28.214589258035023,6,6
CA_1,28,HOUSEHOLD_2_014,direct_personalized,27.0,10.481182903051376,0,1.7468638171752293,38.81919593722732,25.816582529633134,6,6
CA_1,28,HOUSEHOLD_2_014,mean_28,27.0,10.000000685453415,0,1.6666667809089024,37.03703957575339,22.222224981696517,6,6
CA_1,28,HOUSEHOLD_2_014,mean_7,27.0,23.000000715255737,0,3.833333452542623,85.18518783428051,-11.111107137468126,6,6
CA_1,28,HOUSEHOLD_2_014,tsb,27.0,10.856754809684821,0,1.8094591349474702,40.21020299883267,5.146589691103717,6,6
CA_1,28,HOUSEHOLD_2_034,cautious_group_route,10.0,7.626459277849033,0,1.2710765463081721,76.26459277849033,61.455084960881514,6,6
CA_1,28,HOUSEHOLD_2_034,croston_sba,10.0,7.183346988041338,0,1.1972244980068896,71.83346988041339,49.16899146332913,6,6
CA_1,28,HOUSEHOLD_2_034,direct_general,10.0,13.502221979200842,0,2.250370329866807,135.02221979200843,135.02221979200843,6,6
CA_1,28,HOUSEHOLD_2_034,direct_personalized,10.0,13.133453026413921,0,2.1889088377356534,131.33453026413923,131.33453026413923,6,6
CA_1,28,HOUSEHOLD_2_034,mean_28,10.0,6.0000003427267075,0,1.0000000571211178,60.000003427267075,20.000004321336746,6,6
CA_1,28,HOUSEHOLD_2_034,mean_7,10.0,12.000000715255737,0,2.0000001192092896,120.00000715255737,60.00000715255737,6,6
CA_1,28,HOUSEHOLD_2_034,tsb,10.0,7.626459277849033,0,1.2710765463081721,76.26459277849033,61.455084960881514,6,6
CA_1,28,HOUSEHOLD_2_076,cautious_group_route,68.0,52.28087283670902,0,8.71347880611817,76.8836365245721,29.309561826726977,6,6
CA_1,28,HOUSEHOLD_2_076,croston_sba,68.0,41.51614646693122,0,6.919357744488536,61.0531565690165,29.26886787824073,6,6
CA_1,28,HOUSEHOLD_2_076,direct_general,68.0,52.28087283670902,0,8.71347880611817,76.8836365245721,29.309561826726977,6,6
CA_1,28,HOUSEHOLD_2_076,direct_personalized,68.0,53.04931791126728,0,8.841552985211214,78.01370281068718,28.955694660544395,6,6
CA_1,28,HOUSEHOLD_2_076,mean_28,68.0,46.00000065565109,0,7.666666775941849,67.6470597877222,14.705883492441734,6,6
CA_1,28,HOUSEHOLD_2_076,mean_7,68.0,70.0000010728836,0,11.6666668454806,102.94117804835824,2.6296166812672334e-06,6,6
CA_1,28,HOUSEHOLD_2_076,tsb,68.0,63.18857406593871,0,10.531429010989784,92.92437362638046,17.517894047725843,6,6
CA_1,28,HOUSEHOLD_2_087,cautious_group_route,2.0,2.6273650789659344,4,0.4378941798276557,131.3682539482967,-65.36009849155504,6,6
CA_1,28,HOUSEHOLD_2_087,croston_sba,2.0,3.31959148055513,4,0.5532652467591883,165.97957402775648,125.26348008797244,6,6
CA_1,28,HOUSEHOLD_2_087,direct_general,2.0,32.12787006795406,4,5.354645011325677,1606.3935033977032,1606.3935033977032,6,6
CA_1,28,HOUSEHOLD_2_087,direct_personalized,2.0,32.339166447520256,4,5.389861074586709,1616.9583223760128,1616.9583223760128,6,6
CA_1,28,HOUSEHOLD_2_087,mean_28,2.0,4.000000089406967,4,0.6666666815678278,200.00000447034836,4.470348358154297e-06,6,6
CA_1,28,HOUSEHOLD_2_087,mean_7,2.0,2.0,4,0.3333333333333333,100.0,-100.0,6,6
CA_1,28,HOUSEHOLD_2_087,tsb,2.0,2.6273650789659344,4,0.4378941798276557,131.3682539482967,-65.36009849155504,6,6
CA_1,28,HOUSEHOLD_2_118,cautious_group_route,73.0,28.566966503858566,0,4.761161083976428,39.13283082720351,12.061437392888006,6,6
CA_1,28,HOUSEHOLD_2_118,croston_sba,73.0,15.908720403035339,0,2.65145340050589,21.792767675390873,3.4193233438867328,6,6
CA_1,28,HOUSEHOLD_2_118,direct_general,73.0,28.566966503858566,0,4.761161083976428,39.13283082720351,12.061437392888006,6,6
CA_1,28,HOUSEHOLD_2_118,direct_personalized,73.0,27.72307658195496,0,4.62051276365916,37.97681723555474,10.732942982895734,6,6
CA_1,28,HOUSEHOLD_2_118,mean_28,73.0,30.999999046325684,0,5.166666507720947,42.46575211825436,4.109587408091924,6,6
CA_1,28,HOUSEHOLD_2_118,mean_7,73.0,53.0000005364418,0,8.833333422740301,72.60274046087918,-17.808216646926038,6,6
CA_1,28,HOUSEHOLD_2_118,tsb,73.0,28.075888526864574,0,4.679314754477429,38.4601212696775,-5.285290627495518,6,6
CA_1,28,HOUSEHOLD_2_175,cautious_group_route,30.0,19.201548303759797,3,3.200258050626633,64.00516101253265,-64.00363123407527,6,6
CA_1,28,HOUSEHOLD_2_175,croston_sba,30.0,31.62183355496795,3,5.270305592494658,105.40611184989316,-55.55699880240514,6,6
CA_1,28,HOUSEHOLD_2_175,direct_general,30.0,29.059097819030285,3,4.843182969838381,96.86365939676762,-1.4990613609552383,6,6
CA_1,28,HOUSEHOLD_2_175,direct_personalized,30.0,30.296932235360146,3,5.049488705893357,100.98977411786716,9.515446374813715,6,6
CA_1,28,HOUSEHOLD_2_175,mean_28,30.0,16.9999997317791,3,2.83333328862985,56.66666577259699,-56.66666577259699,6,6
CA_1,28,HOUSEHOLD_2_175,mean_7,30.0,17.999999463558197,3,2.999999910593033,59.99999821186066,-59.99999821186066,6,6
CA_1,28,HOUSEHOLD_2_175,tsb,30.0,19.201548303759797,3,3.200258050626633,64.00516101253265,-64.00363123407527,6,6
CA_1,28,HOUSEHOLD_2_266,cautious_group_route,31.0,19.204569137532367,3,3.200761522922061,61.950223024297955,-35.19239904255381,6,6
CA_1,28,HOUSEHOLD_2_266,croston_sba,31.0,49.04809060147653,3,8.174681766912755,158.2196471015372,18.250909196122695,6,6
CA_1,28,HOUSEHOLD_2_266,direct_general,31.0,24.494986154139042,3,4.082497692356507,79.01608436819046,8.444678470973045,6,6
CA_1,28,HOUSEHOLD_2_266,direct_personalized,31.0,27.266889169812202,3,4.5444815283020334,87.9577069993942,20.240363719001895,6,6
CA_1,28,HOUSEHOLD_2_266,mean_28,31.0,13.999999970197678,3,2.3333333283662796,45.16129022644412,-45.16129022644412,6,6
CA_1,28,HOUSEHOLD_2_266,mean_7,31.0,23.00000047683716,3,3.8333334128061938,74.19354992528118,-35.48386942955754,6,6
CA_1,28,HOUSEHOLD_2_266,tsb,31.0,19.204569137532367,3,3.200761522922061,61.950223024297955,-35.19239904255381,6,6
CA_1,28,HOUSEHOLD_2_295,cautious_group_route,67.0,30.75372415781021,0,5.1256206929683685,45.90108083255255,7.110394025916482,6,6
CA_1,28,HOUSEHOLD_2_295,croston_sba,67.0,28.679462151416896,0,4.779910358569483,42.805167390174475,-5.879449953325751,6,6
CA_1,28,HOUSEHOLD_2_295,direct_general,67.0,30.75372415781021,0,5.1256206929683685,45.90108083255255,7.110394025916482,6,6
CA_1,28,HOUSEHOLD_2_295,direct_personalized,67.0,31.14777162671089,0,5.191295271118482,46.48921138315058,6.348166492447919,6,6
CA_1,28,HOUSEHOLD_2_295,mean_28,67.0,40.000000953674316,0,6.666666825612386,59.701493960707936,-2.9850735593197975,6,6
CA_1,28,HOUSEHOLD_2_295,mean_7,67.0,49.00000101327896,0,8.166666835546494,73.13432987056561,37.313435237799126,6,6
CA_1,28,HOUSEHOLD_2_295,tsb,67.0,33.06801822545189,0,5.511336370908648,49.35525108276401,17.557292924742665,6,6
CA_1,28,HOUSEHOLD_2_315,cautious_group_route,19.0,23.02833210804995,1,3.838055351341658,121.201747937105,-33.561477589972526,6,6
CA_1,28,HOUSEHOLD_2_315,croston_sba,19.0,24.920286571298185,1,4.153381095216364,131.15940300683255,43.97617062552511,6,6
CA_1,28,HOUSEHOLD_2_315,direct_general,19.0,23.093626730144024,1,3.8489377883573375,121.54540384286328,39.58349537692572,6,6
CA_1,28,HOUSEHOLD_2_315,direct_personalized,19.0,21.007877171039585,1,3.501312861839931,110.56777458441887,40.17698858913624,6,6
CA_1,28,HOUSEHOLD_2_315,mean_28,19.0,24.0000002682209,1,4.000000044703484,126.31579088537316,-21.05262969669543,6,6
CA_1,28,HOUSEHOLD_2_315,mean_7,19.0,25.00000035762787,1,4.166666726271312,131.578949250673,-57.894734959853324,6,6
CA_1,28,HOUSEHOLD_2_315,tsb,19.0,22.029891933543617,1,3.671648655590603,115.94679965022956,-38.81642587684794,6,6
CA_1,28,HOUSEHOLD_2_323,cautious_group_route,23.0,20.68410871093093,2,3.4473514518218216,89.93090743883012,55.240099746577705,6,6
CA_1,28,HOUSEHOLD_2_323,croston_sba,23.0,21.36245672372189,2,3.5604094539536484,92.88024662487778,92.88024662487778,6,6
CA_1,28,HOUSEHOLD_2_323,direct_general,23.0,20.486301451921463,2,3.414383575320244,89.0708758779194,89.0708758779194,6,6
CA_1,28,HOUSEHOLD_2_323,direct_personalized,23.0,20.761749789118767,2,3.4602916315197945,90.26847734399463,90.26847734399463,6,6
CA_1,28,HOUSEHOLD_2_323,mean_28,23.0,15.000000447034838,2,2.5000000745058064,65.21739324797755,21.73913134180982,6,6
CA_1,28,HOUSEHOLD_2_323,mean_7,23.0,21.000000178813934,2,3.5000000298023224,91.30434860353884,-13.043474373610124,6,6
CA_1,28,HOUSEHOLD_2_323,tsb,23.0,13.05054597753839,2,2.1750909962563982,56.741504250166905,20.816532529582773,6,6
CA_1,28,HOUSEHOLD_2_409,cautious_group_route,197.0,32.48887586593628,0,5.414812644322713,16.491815160373747,-5.263330851714618,6,6
CA_1,28,HOUSEHOLD_2_409,croston_sba,197.0,35.90151842071507,0,5.983586403452512,18.224121025743692,-5.544562362140697,6,6
CA_1,28,HOUSEHOLD_2_409,direct_general,197.0,32.48887586593628,0,5.414812644322713,16.491815160373747,-5.263330851714618,6,6
CA_1,28,HOUSEHOLD_2_409,direct_personalized,197.0,33.950757890939705,0,5.658459648489951,17.233887254284113,-6.3602772612257015,6,6
CA_1,28,HOUSEHOLD_2_409,mean_28,197.0,28.99999976158142,0,4.833333293596904,14.720812061716458,0.5076128819267157,6,6
CA_1,28,HOUSEHOLD_2_409,mean_7,197.0,58.99999916553497,0,9.833333194255829,29.949238155093894,-24.873094570818285,6,6
CA_1,28,HOUSEHOLD_2_409,tsb,197.0,30.6503911202442,0,5.1083985200407005,15.558574172712794,-7.097707697648988,6,6
TX_1,7,FOODS_1_048,cautious_group_route,82.0,37.02332340925932,1,1.542638475385805,45.150394401535756,7.438115766499103,24,24
TX_1,7,FOODS_1_048,croston_sba,82.0,35.34590274077605,1,1.4727459475323352,43.104759439970785,1.3768609261259126,24,24
TX_1,7,FOODS_1_048,direct_general,82.0,37.02332340925932,1,1.542638475385805,45.150394401535756,7.438115766499103,24,24
TX_1,7,FOODS_1_048,direct_personalized,82.0,36.382024236023426,1,1.515917676500976,44.36832223905296,6.807735607754891,24,24
TX_1,7,FOODS_1_048,mean_28,82.0,38.249999925494194,1,1.5937499968955915,46.6463413725539,2.134145850815424,24,24
TX_1,7,FOODS_1_048,mean_7,82.0,40.00000034272671,1,1.6666666809469461,48.78048822283745,2.5622728394299017e-06,24,24
TX_1,7,FOODS_1_048,tsb,82.0,33.24155638310326,1,1.3850648492959692,40.53848339402836,0.43793323374313553,24,24
TX_1,7,FOODS_1_098,cautious_group_route,122.0,45.44956412911415,0,1.8937318387130897,37.25374108943783,-0.24935888950941992,24,24
TX_1,7,FOODS_1_098,croston_sba,122.0,45.98261891610883,0,1.9159424548378678,37.69067124271215,-6.960790921728657,24,24
TX_1,7,FOODS_1_098,direct_general,122.0,45.44956412911415,0,1.8937318387130897,37.25374108943783,-0.24935888950941992,24,24
TX_1,7,FOODS_1_098,direct_personalized,122.0,44.15199967473745,0,1.8396666531140606,36.190163667817586,-1.6492493023149275,24,24
TX_1,7,FOODS_1_098,mean_28,122.0,48.0,0,2.0,39.34426229508197,-2.0491798393061904,24,24
TX_1,7,FOODS_1_098,mean_7,122.0,61.00000008940697,0,2.541666670391957,50.0000000732844,-0.819670347893823,24,24
TX_1,7,FOODS_1_098,tsb,122.0,46.80467293866013,0,1.9501947057775055,38.36448601529519,-1.4501691052191756,24,24
TX_1,7,FOODS_1_111,cautious_group_route,46.0,30.296670094413532,2,1.262361253933897,65.86232629220332,0.6334686019850351,24,24
TX_1,7,FOODS_1_111,croston_sba,46.0,24.615481229832014,2,1.0256450512430006,53.51191571702611,-15.782510808409205,24,24
TX_1,7,FOODS_1_111,direct_general,46.0,27.316796362400055,2,1.1381998484333355,59.38433991826099,3.5108676909104615,24,24
TX_1,7,FOODS_1_111,direct_personalized,46.0,27.184430964291096,2,1.132684623512129,59.09658905280673,2.45829465920511,24,24
TX_1,7,FOODS_1_111,mean_28,46.0,26.74999989569187,2,1.1145833289871614,58.15217368628668,-2.7173898466255353,24,24
TX_1,7,FOODS_1_111,mean_7,46.0,39.000000700354576,2,1.6250000291814406,84.78261021816212,-2.1739095773385917,24,24
TX_1,7,FOODS_1_111,tsb,46.0,31.83437622540432,2,1.32643234272518,69.2051657074007,-2.764612194234286,24,24
TX_1,7,FOODS_2_011,cautious_group_route,67.0,42.320967216044664,8,1.763373634001861,63.16562271051443,6.039605528783441,24,24
TX_1,7,FOODS_2_011,croston_sba,67.0,64.21400271036511,8,2.675583446265213,95.84179509009718,23.529990808103975,24,24
TX_1,7,FOODS_2_011,direct_general,67.0,42.320967216044664,8,1.763373634001861,63.16562271051443,6.039605528783441,24,24
TX_1,7,FOODS_2_011,direct_personalized,67.0,42.05422054231167,8,1.7522591892629862,62.767493346733836,3.2793706032767225,24,24
TX_1,7,FOODS_2_011,mean_28,67.0,44.00000060349703,8,1.8333333584790428,65.67164269178662,2.238806181434375,24,24
TX_1,7,FOODS_2_011,mean_7,67.0,44.00000102818012,8,1.8333333761741717,65.67164332564198,5.97015181139334,24,24
TX_1,7,FOODS_2_011,tsb,67.0,39.62009114083593,8,1.6508371308681637,59.13446438930736,1.9129875557488636,24,24
TX_1,7,FOODS_2_030,cautious_group_route,131.0,48.08525659888983,0,2.003552358287076,36.706302747244145,7.482206099133455,24,24
TX_1,7,FOODS_2_030,croston_sba,131.0,48.031739337589315,0,2.0013224723995546,36.66544987602238,0.664485490319743,24,24
TX_1,7,FOODS_2_030,direct_general,131.0,48.08525659888983,0,2.003552358287076,36.706302747244145,7.482206099133455,24,24
TX_1,7,FOODS_2_030,direct_personalized,131.0,48.20643276721239,0,2.008601365300516,36.79880363909343,7.3613063126574945,24,24
TX_1,7,FOODS_2_030,mean_28,131.0,50.24999934434891,0,2.0937499726812043,38.35877812545718,4.389311930605474,24,24
TX_1,7,FOODS_2_030,mean_7,131.0,48.99999991059303,0,2.041666662941376,37.404580084422165,2.2900780421176954,24,24
TX_1,7,FOODS_2_030,tsb,131.0,48.96149441019995,0,2.0400622670916646,37.375186572671716,5.887166140750949,24,24
TX_1,7,FOODS_2_037,cautious_group_route,33.0,34.72826763475791,8,1.4470111514482464,105.23717465078155,7.285094767296587,24,24
TX_1,7,FOODS_2_037,croston_sba,33.0,28.25617373642784,8,1.17734057235116,85.62476889826618,-0.9789491486111123,24,24
TX_1,7,FOODS_2_037,direct_general,33.0,32.86405427195132,8,1.3693355946646382,99.58804324833733,20.449563956847697,24,24
TX_1,7,FOODS_2_037,direct_personalized,33.0,32.1660612244159,8,1.340252551017329,97.47291280126029,16.48175958544016,24,24
TX_1,7,FOODS_2_037,mean_28,33.0,32.25000000745058,8,1.3437500003104408,97.72727274985024,6.818183195410353,24,24
TX_1,7,FOODS_2_037,mean_7,33.0,44.00000078976154,8,1.8333333662400644,133.33333572655013,6.060609537543672,24,24
TX_1,7,FOODS_2_037,tsb,33.0,34.72826763475791,8,1.4470111514482464,105.23717465078155,7.285094767296587,24,24
TX_1,7,FOODS_2_091,cautious_group_route,126.0,51.441394820809364,0,2.143391450867057,40.82650382603918,-1.1613078888446566,24,24
TX_1,7,FOODS_2_091,croston_sba,126.0,46.92697742278739,0,1.9552907259494745,37.24363287522809,-7.2720407180102935,24,24
TX_1,7,FOODS_2_091,direct_general,126.0,51.441394820809364,0,2.143391450867057,40.82650382603918,-1.1613078888446566,24,24
TX_1,7,FOODS_2_091,direct_personalized,126.0,50.07150391489267,0,2.086312663120528,39.73928882134339,-2.239809344921793,24,24
TX_1,7,FOODS_2_091,mean_28,126.0,51.74999949336052,0,2.156249978890022,41.07142816933374,-4.96031790971756,24,24
TX_1,7,FOODS_2_091,mean_7,126.0,49.0000005364418,0,2.0416666890184083,38.88888931463635,-3.968252076043023,24,24
TX_1,7,FOODS_2_091,tsb,126.0,46.78346891538983,0,1.9493112048079098,37.12973723443638,-3.410358813503272,24,24
TX_1,7,FOODS_2_175,cautious_group_route,1004.0,252.2540587335825,0,10.510585780565938,25.12490624836479,-3.2890278192986537,24,24
TX_1,7,FOODS_2_175,croston_sba,1004.0,283.79668391429186,0,11.824861829762161,28.266601983495207,-5.782116198558486,24,24
TX_1,7,FOODS_2_175,direct_general,1004.0,252.2540587335825,0,10.510585780565938,25.12490624836479,-3.2890278192986537,24,24
TX_1,7,FOODS_2_175,direct_personalized,1004.0,247.58894523978233,0,10.316206051657597,24.660253509938478,-2.197712012733594,24,24
TX_1,7,FOODS_2_175,mean_28,1004.0,236.74999380111691,0,9.864583075046538,23.58067667341802,-0.9711153003798991,24,24
TX_1,7,FOODS_2_175,mean_7,1004.0,314.99998903274525,0,13.124999543031052,31.374500899675823,-2.0916329437043046,24,24
TX_1,7,FOODS_2_175,tsb,1004.0,283.7613439992567,0,11.823389333302364,28.263082071639115,-0.6346610991405028,24,24
TX_1,7,FOODS_2_276,cautious_group_route,636.0,186.70307369530198,0,7.779294737304249,29.355829197374526,-2.4014085086074273,24,24
TX_1,7,FOODS_2_276,croston_sba,636.0,186.52936453588367,0,7.77205685566182,29.3285164364597,-5.883246218493426,24,24
TX_1,7,FOODS_2_276,direct_general,636.0,186.70307369530198,0,7.779294737304249,29.355829197374526,-2.4014085086074273,24,24
TX_1,7,FOODS_2_276,direct_personalized,636.0,195.47738003730774,0,8.144890834887823,30.735437112784236,-0.4603550306656081,24,24
TX_1,7,FOODS_2_276,mean_28,636.0,191.99999976158142,0,7.999999990065892,30.188679207795822,-2.044025419643091,24,24
TX_1,7,FOODS_2_276,mean_7,636.0,233.99999463558197,0,9.749999776482582,36.792451986726725,-0.9433963576202888,24,24
TX_1,7,FOODS_2_276,tsb,636.0,188.90284270544143,0,7.870951779393393,29.701704827899597,-0.9587135368284991,24,24
TX_1,7,FOODS_3_087,cautious_group_route,560.0,132.49090522527695,0,5.5204543843865395,23.659090218799456,4.592009197388376,24,24
TX_1,7,FOODS_3_087,croston_sba,560.0,136.83586150650194,0,5.701494229437581,24.434975269018203,4.653194356459862,24,24
TX_1,7,FOODS_3_087,direct_general,560.0,132.49090522527695,0,5.5204543843865395,23.659090218799456,4.592009197388376,24,24
TX_1,7,FOODS_3_087,direct_personalized,560.0,133.5369938313961,0,5.564041409641504,23.84589175560645,5.161338927490372,24,24
TX_1,7,FOODS_3_087,mean_28,560.0,139.5000004768372,0,5.812500019868216,24.910714370863786,6.0714274644851685,24,24
TX_1,7,FOODS_3_087,mean_7,560.0,141.9999993443489,0,5.916666639347871,25.357142740062304,4.99999977648258,24,24
TX_1,7,FOODS_3_087,tsb,560.0,128.63213404064516,0,5.359672251693548,22.97002393582949,8.549447849169713,24,24
TX_1,7,FOODS_3_289,cautious_group_route,29.0,26.598211001694875,9,1.1082587917372864,91.71796897136164,23.49504787494943,24,24
TX_1,7,FOODS_3_289,croston_sba,29.0,25.0690672258865,9,1.0445444677452709,86.44505939960862,21.02534682269677,24,24
TX_1,7,FOODS_3_289,direct_general,29.0,25.93878554739058,9,1.080782731141274,89.44408809445028,25.171957929329626,24,24
TX_1,7,FOODS_3_289,direct_personalized,29.0,26.207197492942214,9,1.0919665622059256,90.36964652738695,24.452032771860733,24,24
TX_1,7,FOODS_3_289,mean_28,29.0,23.500000212341547,9,0.9791666755142311,81.03448349083293,8.620691903192421,24,24
TX_1,7,FOODS_3_289,mean_7,29.0,34.0000005364418,9,1.4166666890184085,117.24138116014414,6.896555423736572,24,24
TX_1,7,FOODS_3_289,tsb,29.0,29.321507134496603,9,1.2217294639373584,101.1086452913676,12.980493261849295,24,24
TX_1,7,FOODS_3_329,cautious_group_route,1525.0,543.805182531476,0,22.658549272144835,35.6593562315722,-10.0550803073117,24,24
TX_1,7,FOODS_3_329,croston_sba,1525.0,577.4998356896294,0,24.06249315373456,37.868841684565865,-13.356950584306185,24,24
TX_1,7,FOODS_3_329,direct_general,1525.0,543.805182531476,0,22.658549272144835,35.6593562315722,-10.0550803073117,24,24
TX_1,7,FOODS_3_329,direct_personalized,1525.0,556.9020063728094,0,23.204250265533727,36.518164352315374,-11.530189319712218,24,24
TX_1,7,FOODS_3_329,mean_28,1525.0,636.7499947547913,0,26.531249781449635,41.75409801670762,-6.868852052532259,24,24
TX_1,7,FOODS_3_329,mean_7,1525.0,565.9999961853027,0,23.583333174387615,37.11475384821657,-3.672131772901192,24,24
TX_1,7,FOODS_3_329,tsb,1525.0,566.5167972670596,0,23.60486655279415,37.148642443741615,-5.878643843992524,24,24
TX_1,7,FOODS_3_413,cautious_group_route,322.0,84.61173287034035,0,3.5254888695975146,26.27693567401874,-3.9650177918605953,24,24
TX_1,7,FOODS_3_413,croston_sba,322.0,86.01046590293268,0,3.583769412622195,26.711324814575367,-6.759432265771865,24,24
TX_1,7,FOODS_3_413,direct_general,322.0,84.61173287034035,0,3.5254888695975146,26.27693567401874,-3.9650177918605953,24,24
TX_1,7,FOODS_3_413,direct_personalized,322.0,85.16353249549866,0,3.5484805206457772,26.44830201723561,-4.695581121844534,24,24
TX_1,7,FOODS_3_413,mean_28,322.0,86.00000047683716,0,3.583333353201548,26.708074682247563,-2.639751330665921,24,24
TX_1,7,FOODS_3_413,mean_7,322.0,103.99999985098839,0,4.3333333271245165,32.29813659968583,-2.484472225541655,24,24
TX_1,7,FOODS_3_413,tsb,322.0,92.26605337816623,0,3.8444188907569266,28.654053844151004,-0.6811307385626733,24,24
TX_1,7,FOODS_3_478,cautious_group_route,42.0,42.805436981914006,11,1.783559874246417,101.91770709979525,-22.026201682395076,24,24
TX_1,7,FOODS_3_478,croston_sba,42.0,50.983217578825304,11,2.1243007324510543,121.38861328291739,-6.7774136918445,24,24
TX_1,7,FOODS_3_478,direct_general,42.0,44.559280678629875,11,1.8566366949429114,106.09352542530922,-0.41768508298056467,24,24
TX_1,7,FOODS_3_478,direct_personalized,42.0,44.354204101487994,11,1.8480918375619997,105.6052478606857,-6.3171838853685625,24,24
TX_1,7,FOODS_3_478,mean_28,42.0,46.50000014156103,11,1.9375000058983762,110.71428605133579,-28.571428110202152,24,24
TX_1,7,FOODS_3_478,mean_7,42.0,44.000000432133675,11,1.8333333513389032,104.76190579079446,-14.285712192455927,24,24
TX_1,7,FOODS_3_478,tsb,42.0,40.92644081994289,11,1.7052683674976203,97.44390671414973,-28.93135863461006,24,24
TX_1,7,FOODS_3_530,cautious_group_route,835.0,161.50889709591866,0,6.729537378996611,19.34238288573876,-7.409008737809644,24,24
TX_1,7,FOODS_3_530,croston_sba,835.0,162.32948205467682,0,6.763728418944868,19.440656533494227,-10.586528734162862,24,24
TX_1,7,FOODS_3_530,direct_general,835.0,161.50889709591866,0,6.729537378996611,19.34238288573876,-7.409008737809644,24,24
TX_1,7,FOODS_3_530,direct_personalized,835.0,161.93174722790718,0,6.747156134496133,19.393023620108643,-6.867320048594902,24,24
TX_1,7,FOODS_3_530,mean_28,835.0,158.49999475479126,0,6.6041664481163025,18.982035299975003,-6.467066496432184,24,24
TX_1,7,FOODS_3_530,mean_7,835.0,192.0,0,8.0,22.994011976047904,-3.8323352151288232,24,24
TX_1,7,FOODS_3_530,tsb,835.0,167.7966227134116,0,6.991525946392151,20.095403917773844,-6.083173271213701,24,24
TX_1,7,FOODS_3_603,cautious_group_route,121.0,106.13269485533237,5,4.422195618972182,87.71297095482015,-1.2251114919165962,24,24
TX_1,7,FOODS_3_603,croston_sba,121.0,106.65683149823234,5,4.444034645759681,88.14614173407631,5.624945005986997,24,24
TX_1,7,FOODS_3_603,direct_general,121.0,106.13269485533237,5,4.422195618972182,87.71297095482015,-1.2251114919165962,24,24
TX_1,7,FOODS_3_603,direct_personalized,121.0,109.0964544415474,5,4.545685601731141,90.16235904260115,0.23917017643116575,24,24
TX_1,7,FOODS_3_603,mean_28,121.0,107.99999943375587,5,4.499999976406495,89.25619787913709,-2.066116022669578,24,24
TX_1,7,FOODS_3_603,mean_7,121.0,107.00000062584877,5,4.458333359410365,88.42975258334609,-5.785122513771055,24,24
TX_1,7,FOODS_3_603,tsb,121.0,96.03572309080366,5,4.001488462116819,79.36836619074683,-4.4211054842263735,24,24
TX_1,7,FOODS_3_679,cautious_group_route,257.0,109.38832408189774,2,4.557846836745739,42.56355022641935,1.682136657173067,24,24
TX_1,7,FOODS_3_679,croston_sba,257.0,128.95922462549584,2,5.373301026062326,50.17868662470656,9.636858025054407,24,24
TX_1,7,FOODS_3_679,direct_general,257.0,109.38832408189774,2,4.557846836745739,42.56355022641935,1.682136657173067,24,24
TX_1,7,FOODS_3_679,direct_personalized,257.0,113.01676554232836,2,4.709031897597015,43.97539515265695,3.58232088416003,24,24
TX_1,7,FOODS_3_679,mean_28,257.0,117.99999916553497,2,4.91666663189729,45.91439656246497,2.5291830185322435,24,24
TX_1,7,FOODS_3_679,mean_7,257.0,112.00000283122063,2,4.6666667846341925,43.57976763860725,2.899058625672413e-07,24,24
TX_1,7,FOODS_3_679,tsb,257.0,100.68662365434278,2,4.195275985597616,39.17767457367424,6.692288427975073,24,24
TX_1,7,FOODS_3_686,cautious_group_route,17.0,15.659894688959207,11,0.652495612039967,92.11702758211298,-8.992030037482735,24,24
TX_1,7,FOODS_3_686,croston_sba,17.0,15.491617821449829,11,0.6454840758937429,91.12716365558722,-25.800598178225222,24,24
TX_1,7,FOODS_3_686,direct_general,17.0,15.609155230224133,11,0.6503814679260055,91.81856017778901,27.269021158709247,24,24
TX_1,7,FOODS_3_686,direct_personalized,17.0,14.974539341405034,11,0.6239391392252097,88.08552553767667,16.75739033038126,24,24
TX_1,7,FOODS_3_686,mean_28,17.0,15.250000175088644,11,0.6354166739620268,89.70588338287438,-7.3529379551901535,24,24
TX_1,7,FOODS_3_686,mean_7,17.0,18.000000581145287,11,0.7500000242143869,105.88235635967816,4.470348358154297e-06,24,24
TX_1,7,FOODS_3_686,tsb,17.0,15.659894688959207,11,0.652495612039967,92.11702758211298,-8.992030037482735,24,24
TX_1,7,FOODS_3_691,cautious_group_route,40.0,38.52998312935233,6,1.6054159637230139,96.32495782338083,19.702207213267684,24,24
TX_1,7,FOODS_3_691,croston_sba,40.0,35.750232052638594,6,1.4895930021932748,89.37558013159648,10.770551791083511,24,24
TX_1,7,FOODS_3_691,direct_general,40.0,38.52998312935233,6,1.6054159637230139,96.32495782338083,19.702207213267684,24,24
TX_1,7,FOODS_3_691,direct_personalized,40.0,37.8470371812582,6,1.5769598825524251,94.6175929531455,17.566057983785868,24,24
TX_1,7,FOODS_3_691,mean_28,40.0,36.750000175088644,6,1.53125000729536,91.87500043772161,-1.874998090788722,24,24
TX_1,7,FOODS_3_691,mean_7,40.0,40.00000077486038,6,1.6666666989525158,100.00000193715096,-4.999996796250343,24,24
TX_1,7,FOODS_3_691,tsb,40.0,36.58920995791323,6,1.5245504149130513,91.4730248947831,-2.3512601940628945,24,24
TX_1,7,HOBBIES_1_008,cautious_group_route,180.0,131.48537670448422,11,5.478557362686843,73.04743150249124,-13.429706231173542,24,24
TX_1,7,HOBBIES_1_008,croston_sba,180.0,192.4150998268954,11,8.017295826120643,106.89727768160857,9.539377346169967,24,24
TX_1,7,HOBBIES_1_008,direct_general,180.0,131.48537670448422,11,5.478557362686843,73.04743150249124,-13.429706231173542,24,24
TX_1,7,HOBBIES_1_008,direct_personalized,180.0,135.66743578761816,11,5.65280982448409,75.37079765978787,-18.74284648646911,24,24
TX_1,7,HOBBIES_1_008,mean_28,180.0,132.74999948590994,11,5.531249978579581,73.7499997143944,-17.361111487779358,24,24
TX_1,7,HOBBIES_1_008,mean_7,180.0,147.9999998509884,11,6.1666666604578495,82.22222213943799,-8.888888408740362,24,24
TX_1,7,HOBBIES_1_008,tsb,180.0,124.53312030131785,11,5.18888001255491,69.18506683406547,-17.655268109159675,24,24
TX_1,7,HOBBIES_1_056,cautious_group_route,241.0,116.4497677385807,1,4.852073655774196,48.31940570065589,1.4690087791300428,24,24
TX_1,7,HOBBIES_1_056,croston_sba,241.0,100.30130475577238,1,4.179221031490516,41.61879865384746,2.131721333355552,24,24
TX_1,7,HOBBIES_1_056,direct_general,241.0,116.4497677385807,1,4.852073655774196,48.31940570065589,1.4690087791300428,24,24
TX_1,7,HOBBIES_1_056,direct_personalized,241.0,116.9102059006691,1,4.871258579194546,48.51045887994568,2.1158757917119275,24,24
TX_1,7,HOBBIES_1_056,mean_28,241.0,115.25000166893005,1,4.802083402872086,47.82157745598757,0.9336106510083211,24,24
TX_1,7,HOBBIES_1_056,mean_7,241.0,128.99999959766865,1,5.374999983236194,53.52697078741438,1.2448133460218946,24,24
TX_1,7,HOBBIES_1_056,tsb,241.0,116.00366527503783,1,4.833486053126577,48.1343009439991,5.398939011099182,24,24
TX_1,7,HOBBIES_1_066,cautious_group_route,29.0,33.47855361928218,13,1.3949397341367575,115.44328834235235,-20.430573782074106,24,24
TX_1,7,HOBBIES_1_066,croston_sba,29.0,29.792688322442853,13,1.2413620134351189,102.73340800842364,-49.23735364213455,24,24
TX_1,7,HOBBIES_1_066,direct_general,29.0,40.734793649986386,13,1.6972830687494327,140.46480568960823,36.402245309075404,24,24
TX_1,7,HOBBIES_1_066,direct_personalized,29.0,49.80330762267113,13,2.075137817611297,171.73554352645218,60.89870081893329,24,24
TX_1,7,HOBBIES_1_066,mean_28,29.0,32.500000044703484,13,1.354166668529312,112.06896567139133,-20.689653964905904,24,24
TX_1,7,HOBBIES_1_066,mean_7,29.0,44.00000061094761,13,1.8333333587894838,151.72414003775037,-13.793101033260083,24,24
TX_1,7,HOBBIES_1_066,tsb,29.0,33.47855361928218,13,1.3949397341367575,115.44328834235235,-20.430573782074106,24,24
TX_1,7,HOBBIES_1_074,cautious_group_route,223.0,54.958935506641865,0,2.289955646110078,24.645262559032226,-1.4742682633645852,24,24
TX_1,7,HOBBIES_1_074,croston_sba,223.0,58.940427113594914,0,2.4558511297331216,26.430684804302654,-3.710601872648171,24,24
TX_1,7,HOBBIES_1_074,direct_general,223.0,54.958935506641865,0,2.289955646110078,24.645262559032226,-1.4742682633645852,24,24
TX_1,7,HOBBIES_1_074,direct_personalized,223.0,57.10985987633467,0,2.3795774948472777,25.609802635127654,-0.6024509501296859,24,24
TX_1,7,HOBBIES_1_074,mean_28,223.0,60.74999862909316,0,2.531249942878882,27.242151851611283,-1.008968850422333,24,24
TX_1,7,HOBBIES_1_074,mean_7,223.0,58.99999812245369,0,2.458333255102237,26.457398261189994,1.3452915199134368,24,24
TX_1,7,HOBBIES_1_074,tsb,223.0,55.1831853121482,0,2.2992993880061747,24.74582300993193,1.3989426692538678,24,24
TX_1,7,HOBBIES_1_095,cautious_group_route,24.0,30.656930947147465,12,1.277372122797811,127.7372122797811,-3.459476601555304,24,24
TX_1,7,HOBBIES_1_095,croston_sba,24.0,24.681252561487053,12,1.0283855233952939,102.83855233952939,-11.897111477623271,24,24
TX_1,7,HOBBIES_1_095,direct_general,24.0,32.06566508114338,12,1.336069378380974,133.60693783809742,26.6815400061508,24,24
TX_1,7,HOBBIES_1_095,direct_personalized,24.0,31.332570184022188,12,1.305523757667591,130.55237576675913,20.23125320362548,24,24
TX_1,7,HOBBIES_1_095,mean_28,24.0,29.50000035390258,12,1.2291666814126074,122.91666814126074,-2.0833310205489397,24,24
TX_1,7,HOBBIES_1_095,mean_7,24.0,38.00000037252903,12,1.5833333488553762,158.33333488553762,2.29726235071818e-06,24,24
TX_1,7,HOBBIES_1_095,tsb,24.0,30.656930947147465,12,1.277372122797811,127.7372122797811,-3.459476601555304,24,24
TX_1,7,HOBBIES_1_097,cautious_group_route,27.0,24.523955930629725,9,1.0218314971095719,90.82946640973972,12.301637019689581,24,24
TX_1,7,HOBBIES_1_097,croston_sba,27.0,21.740794553938915,9,0.9058664397474548,80.52146131088487,7.038316094032162,24,24
TX_1,7,HOBBIES_1_097,direct_general,27.0,23.231928020715714,9,0.9679970008631548,86.04417785450265,21.607788734965855,24,24
TX_1,7,HOBBIES_1_097,direct_personalized,27.0,23.294070351868868,9,0.9705862646612028,86.27433463655136,19.921361034115154,24,24
TX_1,7,HOBBIES_1_097,mean_28,27.0,24.50000001117587,9,1.0208333337989945,90.74074078213286,1.8518541836076312,24,24
TX_1,7,HOBBIES_1_097,mean_7,27.0,24.000000923871994,9,1.0000000384946663,88.88889231063702,7.40741182256628,24,24
TX_1,7,HOBBIES_1_097,tsb,27.0,24.523955930629725,9,1.0218314971095719,90.82946640973972,12.301637019689581,24,24
TX_1,7,HOBBIES_1_112,cautious_group_route,1.0,9.11416489313929,23,0.37975687054747037,911.4164893139289,756.8770696032927,24,24
TX_1,7,HOBBIES_1_112,croston_sba,1.0,9.807992045670304,23,0.40866633523626267,980.7992045670303,871.1526502728652,24,24
TX_1,7,HOBBIES_1_112,direct_general,1.0,10.785128087736666,23,0.44938033698902774,1078.5128087736666,923.9733890630305,24,24
TX_1,7,HOBBIES_1_112,direct_personalized,1.0,11.330561866983771,23,0.47210674445765716,1133.0561866983771,958.2615653052926,24,24
TX_1,7,HOBBIES_1_112,mean_28,1.0,1.7500000335276127,23,0.07291666806365053,175.00000335276127,-24.99999664723873,24,24
TX_1,7,HOBBIES_1_112,mean_7,1.0,2.0000000447034836,23,0.08333333519597848,200.00000447034836,4.470348358154297e-06,24,24
TX_1,7,HOBBIES_1_112,tsb,1.0,1.7764704894238563,23,0.07401960372599402,177.64704894238562,-22.352951057614355,24,24
TX_1,7,HOBBIES_1_142,cautious_group_route,181.0,77.16858470439911,1,3.2153576960166297,42.63457718475089,12.186307538280175,24,24
TX_1,7,HOBBIES_1_142,croston_sba,181.0,72.61760595370563,1,3.0257335814044013,40.12022428381527,10.428200550723863,24,24
TX_1,7,HOBBIES_1_142,direct_general,181.0,77.16858470439911,1,3.2153576960166297,42.63457718475089,12.186307538280175,24,24
TX_1,7,HOBBIES_1_142,direct_personalized,181.0,77.19833035767078,1,3.216597098236283,42.65101124733192,11.597713284729597,24,24
TX_1,7,HOBBIES_1_142,mean_28,181.0,70.75000017881393,1,2.947916674117247,39.088397888847474,10.082872763523078,24,24
TX_1,7,HOBBIES_1_142,mean_7,181.0,93.00000110268593,1,3.875000045945247,51.381216078832004,7.182322006199244,24,24
TX_1,7,HOBBIES_1_142,tsb,181.0,87.37075702156538,1,3.640448209231891,48.27113647600298,10.815096311556369,24,24
TX_1,7,HOBBIES_1_153,cautious_group_route,198.0,93.58732514083385,1,3.8994718808680773,47.26632582870397,11.36734895784446,24,24
TX_1,7,HOBBIES_1_153,croston_sba,198.0,95.48759774177063,1,3.9786499059071097,48.22605946554072,6.372338711106684,24,24
TX_1,7,HOBBIES_1_153,direct_general,198.0,93.58732514083385,1,3.8994718808680773,47.26632582870397,11.36734895784446,24,24
TX_1,7,HOBBIES_1_153,direct_personalized,198.0,96.94422639906406,1,4.039342766627669,48.96173050457781,12.403813862439362,24,24
TX_1,7,HOBBIES_1_153,mean_28,198.0,97.50000169873238,1,4.062500070780516,49.242425100369886,11.111110915439298,24,24
TX_1,7,HOBBIES_1_153,mean_7,198.0,86.00000022351742,1,3.5833333426465592,43.434343547231016,3.0303044225832445,24,24
TX_1,7,HOBBIES_1_153,tsb,198.0,89.33129648051596,1,3.7221373533548316,45.11681640430099,8.567733422016241,24,24
TX_1,7,HOBBIES_1_198,cautious_group_route,63.0,34.67218320071697,2,1.4446743000298738,55.03521142970948,4.8922396368450585,24,24
TX_1,7,HOBBIES_1_198,croston_sba,63.0,31.287786156581205,2,1.303657756524217,49.66315262949398,-3.385675355577396,24,24
TX_1,7,HOBBIES_1_198,direct_general,63.0,34.67218320071697,2,1.4446743000298738,55.03521142970948,4.8922396368450585,24,24
TX_1,7,HOBBIES_1_198,direct_personalized,63.0,34.707105897367,2,1.4461294123902917,55.09064428153492,4.396610990876245,24,24
TX_1,7,HOBBIES_1_198,mean_28,63.0,35.50000013411045,2,1.4791666722546022,56.34920656208008,-3.9682545595698886,24,24
TX_1,7,HOBBIES_1_198,mean_7,63.0,45.00000077486038,2,1.8750000322858493,71.42857265850854,-1.5872991747326322,24,24
TX_1,7,HOBBIES_1_198,tsb,63.0,37.419516781684315,2,1.5591465325701799,59.3960583836259,1.2197000918602119,24,24
TX_1,7,HOBBIES_1_203,cautious_group_route,30.0,24.572442844004936,8,1.0238517851668723,81.90814281334978,11.843961102195449,24,24
TX_1,7,HOBBIES_1_203,croston_sba,30.0,24.83382100058724,8,1.0347425416911349,82.77940333529081,12.938854348826867,24,24
TX_1,7,HOBBIES_1_203,direct_general,30.0,24.209117483347654,8,1.0087132284728189,80.69705827782552,21.30588649461667,24,24
TX_1,7,HOBBIES_1_203,direct_personalized,30.0,24.077249482274055,8,1.0032187284280856,80.25749827424686,19.989896217981975,24,24
TX_1,7,HOBBIES_1_203,mean_28,30.0,22.750000182539225,8,0.9479166742724677,75.83333394179742,-2.4999982491135597,24,24
TX_1,7,HOBBIES_1_203,mean_7,30.0,29.000000715255737,8,1.2083333631356556,96.66666905085246,-3.333330055077871,24,24
TX_1,7,HOBBIES_1_203,tsb,30.0,23.747182090520113,8,0.989465920438338,79.15727363506704,-2.2392056635142468,24,24
TX_1,7,HOBBIES_1_261,cautious_group_route,471.0,212.68147791922092,0,8.861728246634206,45.15530316756283,-0.31944758509881077,24,24
TX_1,7,HOBBIES_1_261,croston_sba,471.0,209.40938737611418,0,8.725391140671425,44.46059179959961,-1.3557266681362794,24,24
TX_1,7,HOBBIES_1_261,direct_general,471.0,212.68147791922092,0,8.861728246634206,45.15530316756283,-0.31944758509881077,24,24
TX_1,7,HOBBIES_1_261,direct_personalized,471.0,220.46579457819462,0,9.186074774091443,46.8080243265806,1.1188075895522058,24,24
TX_1,7,HOBBIES_1_261,mean_28,471.0,211.74999737739563,0,8.822916557391485,44.95753659817317,4.936305479385797,24,24
TX_1,7,HOBBIES_1_261,mean_7,471.0,249.99999845027924,0,10.416666602094969,53.07855593424188,2.97239841675809,24,24
TX_1,7,HOBBIES_1_261,tsb,471.0,215.12839002608214,0,8.963682917753422,45.67481741530407,0.8629460938125114,24,24
TX_1,7,HOBBIES_1_265,cautious_group_route,46.0,36.35923419098555,6,1.5149680912910648,79.04181345866425,1.4833822443334004,24,24
TX_1,7,HOBBIES_1_265,croston_sba,46.0,30.70714279790811,6,1.2794642832461711,66.75465825632197,-14.647454625176977,24,24
TX_1,7,HOBBIES_1_265,direct_general,46.0,34.20275862142444,6,1.4251149425593514,74.35382309005313,5.242544193954575,24,24
TX_1,7,HOBBIES_1_265,direct_personalized,46.0,34.1887560673058,6,1.4245315028044085,74.32338275501262,5.123761838868907,24,24
TX_1,7,HOBBIES_1_265,mean_28,46.0,33.249999932944775,6,1.385416663872699,72.28260854987994,-2.7173901867607366,24,24
TX_1,7,HOBBIES_1_265,mean_7,46.0,45.00000087916851,6,1.8750000366320212,97.82608886775763,-2.1739100308521935,24,24
TX_1,7,HOBBIES_1_265,tsb,46.0,37.48320199081034,6,1.561800082950431,81.48522171915292,4.566719812595258,24,24
TX_1,7,HOBBIES_1_285,cautious_group_route,14.0,13.666325191459233,13,0.5694302163108014,97.61660851042309,24.631419772922158,24,24
TX_1,7,HOBBIES_1_285,croston_sba,14.0,15.496057908321644,13,0.6456690795134018,110.68612791658316,32.10976246125237,24,24
TX_1,7,HOBBIES_1_285,direct_general,14.0,15.878454425372183,13,0.661602267723841,113.41753160980132,65.93754238981224,24,24
TX_1,7,HOBBIES_1_285,direct_personalized,14.0,15.395156162790954,13,0.6414648401162898,109.96540116279253,57.48383734774378,24,24
TX_1,7,HOBBIES_1_285,mean_28,14.0,16.250000070780516,13,0.6770833362825215,116.07142907700369,16.071430779993534,24,24
TX_1,7,HOBBIES_1_285,mean_7,14.0,12.000000536441803,13,0.5000000223517418,85.71428954601288,14.285719394683838,24,24
TX_1,7,HOBBIES_1_285,tsb,14.0,13.666325191459233,13,0.5694302163108014,97.61660851042309,24.631419772922158,24,24
TX_1,7,HOBBIES_1_290,cautious_group_route,26.0,25.167730861375375,8,1.0486554525573073,96.79896485144376,3.0085032139020638,24,24
TX_1,7,HOBBIES_1_290,croston_sba,26.0,20.330093666754887,8,0.847087236114787,78.19266794905727,2.1407869060746596,24,24
TX_1,7,HOBBIES_1_290,direct_general,26.0,24.007663380354643,8,1.0003193075147767,92.33716684751786,21.503831431842766,24,24
TX_1,7,HOBBIES_1_290,direct_personalized,26.0,24.021224964410067,8,1.000884373517086,92.38932678619257,19.27435121570642,24,24
TX_1,7,HOBBIES_1_290,mean_28,26.0,23.000000037252903,8,0.9583333348855376,88.46153860481886,3.8461558807354708,24,24
TX_1,7,HOBBIES_1_290,mean_7,26.0,32.00000078976154,8,1.3333333662400644,123.07692611446747,7.692312105343892,24,24
TX_1,7,HOBBIES_1_290,tsb,26.0,25.167730861375375,8,1.0486554525573073,96.79896485144376,3.0085032139020638,24,24
TX_1,7,HOBBIES_1_331,cautious_group_route,35.0,37.29109593302121,10,1.5537956638758839,106.5459883800606,-2.6823520067182356,24,24
TX_1,7,HOBBIES_1_331,croston_sba,35.0,32.6341059333547,10,1.359754413889779,93.2403026667277,-22.970522135060456,24,24
TX_1,7,HOBBIES_1_331,direct_general,35.0,36.41949473135173,10,1.5174789471396555,104.05569923243353,16.07592356524297,24,24
TX_1,7,HOBBIES_1_331,direct_personalized,35.0,38.210922132246196,10,1.5921217555102583,109.17406323498913,18.432927081095322,24,24
TX_1,7,HOBBIES_1_331,mean_28,35.0,33.500000063329935,10,1.3958333359720807,95.71428589522839,-5.714285150170326,24,24
TX_1,7,HOBBIES_1_331,mean_7,35.0,47.00000023841858,10,1.9583333432674408,134.28571496691023,2.857145071029663,24,24
TX_1,7,HOBBIES_1_331,tsb,35.0,37.29109593302121,10,1.5537956638758839,106.5459883800606,-2.6823520067182356,24,24
TX_1,7,HOBBIES_1_351,cautious_group_route,35.0,25.453850119656003,7,1.0605770883190002,72.72528605616002,-4.830523454894025,24,24
TX_1,7,HOBBIES_1_351,croston_sba,35.0,24.77299916183445,7,1.0322082984097687,70.77999760524129,-6.645802131840452,24,24
TX_1,7,HOBBIES_1_351,direct_general,35.0,26.04193119518459,7,1.0850804664660245,74.4055177005274,7.053291653948171,24,24
TX_1,7,HOBBIES_1_351,direct_personalized,35.0,26.235262162983418,7,1.0931359234576423,74.95789189423833,6.042478020702092,24,24
TX_1,7,HOBBIES_1_351,mean_28,35.0,25.750000339001417,7,1.0729166807917256,73.57142954000405,-6.428569480776787,24,24
TX_1,7,HOBBIES_1_351,mean_7,35.0,28.000000908970833,7,1.1666667045404513,80.00000259705952,-11.428568065166473,24,24
TX_1,7,HOBBIES_1_351,tsb,35.0,25.453850119656003,7,1.0605770883190002,72.72528605616002,-4.830523454894025,24,24
TX_1,7,HOBBIES_2_043,cautious_group_route,142.0,56.92857472598553,0,2.3720239469160638,40.09054558167995,8.754196920445267,24,24
TX_1,7,HOBBIES_2_043,croston_sba,142.0,58.456729686322156,0,2.4356970702634233,41.16671104670575,4.4281916207235374,24,24
TX_1,7,HOBBIES_2_043,direct_general,142.0,56.92857472598553,0,2.3720239469160638,40.09054558167995,8.754196920445267,24,24
TX_1,7,HOBBIES_2_043,direct_personalized,142.0,57.49927503615618,0,2.3958031265065074,40.49244720856069,8.833587069956353,24,24
TX_1,7,HOBBIES_2_043,mean_28,142.0,62.999998450279236,0,2.6249999354283013,44.36619609174594,5.281689301343033,24,24
TX_1,7,HOBBIES_2_043,mean_7,142.0,74.99999994039536,0,3.1249999975164733,52.816901366475605,0.7042264014902238,24,24
TX_1,7,HOBBIES_2_043,tsb,142.0,56.344436061986855,0,2.347684835916119,39.679180325342855,3.4533172608517515,24,24
TX_1,7,HOBBIES_2_091,cautious_group_route,79.0,53.69180468097329,4,2.2371585283738873,67.964309722751,-5.079962016095089,24,24
TX_1,7,HOBBIES_2_091,croston_sba,79.0,51.84201247231502,4,2.1600838530131257,65.62280059786711,-10.340825172241773,24,24
TX_1,7,HOBBIES_2_091,direct_general,79.0,53.69180468097329,4,2.2371585283738873,67.964309722751,-5.079962016095089,24,24
TX_1,7,HOBBIES_2_091,direct_personalized,79.0,55.92813464999199,4,2.330338943749666,70.79510715188859,-2.8377567288241807,24,24
TX_1,7,HOBBIES_2_091,mean_28,79.0,53.24999979138374,4,2.218749991307656,67.40506302706802,-6.012658416470395,24,24
TX_1,7,HOBBIES_2_091,mean_7,79.0,63.00000123679638,4,2.6250000515331826,79.74683700860301,-6.3291117171697975,24,24
TX_1,7,HOBBIES_2_091,tsb,79.0,57.05632237397279,4,2.3773467655821996,72.22319287844657,-10.78335540523275,24,24
TX_1,7,HOUSEHOLD_1_016,cautious_group_route,192.0,94.8491893716887,7,3.9520495571536958,49.4006194644212,7.041433019368777,24,24
TX_1,7,HOUSEHOLD_1_016,croston_sba,192.0,123.83376002112489,7,5.159740000880204,64.49675001100255,-2.6480268889046594,24,24
TX_1,7,HOUSEHOLD_1_016,direct_general,192.0,94.46376653388143,7,3.9359902722450593,49.199878403063245,6.840691958010823,24,24
TX_1,7,HOUSEHOLD_1_016,direct_personalized,192.0,94.2334830313921,7,3.926395126308004,49.07993907885005,9.553402538100881,24,24
TX_1,7,HOUSEHOLD_1_016,mean_28,192.0,113.75000233575702,7,4.739583430656542,59.24479288320678,2.7343756267024824,24,24
TX_1,7,HOUSEHOLD_1_016,mean_7,192.0,84.00000114738941,7,3.5000000478078923,43.75000059759865,1.0416675436620901,24,24
TX_1,7,HOUSEHOLD_1_016,tsb,192.0,99.55168389737665,7,4.14798682905736,51.849835363217004,4.165891252624096,24,24
TX_1,7,HOUSEHOLD_1_117,cautious_group_route,51.0,22.682460214942694,1,0.9451025089559456,44.475412186162146,5.347673207813621,24,24
TX_1,7,HOUSEHOLD_1_117,croston_sba,51.0,18.685070994747193,1,0.7785446247811331,36.63739410734744,-5.197933869177111,24,24
TX_1,7,HOUSEHOLD_1_117,direct_general,51.0,22.682460214942694,1,0.9451025089559456,44.475412186162146,5.347673207813621,24,24
TX_1,7,HOUSEHOLD_1_117,direct_personalized,51.0,22.46150740981102,1,0.9358961420754591,44.04217139178631,5.659482350536419,24,24
TX_1,7,HOUSEHOLD_1_117,mean_28,51.0,21.00000001490116,1,0.8750000006208817,41.176470617453255,-0.9803909004903307,24,24
TX_1,7,HOUSEHOLD_1_117,mean_7,51.0,29.000000193715096,1,1.2083333414047956,56.862745477872735,-1.9607813627112145,24,24
TX_1,7,HOUSEHOLD_1_117,tsb,51.0,25.684065371699496,1,1.070169390487479,50.36091249352843,-1.0182873381267048,24,24
TX_1,7,HOUSEHOLD_1_185,cautious_group_route,252.0,90.90297509729862,0,3.7876239623874426,36.07260916559469,-1.8390337921797304,24,24
TX_1,7,HOUSEHOLD_1_185,croston_sba,252.0,97.90465579772246,0,4.079360658238436,38.8510538879851,-2.68909263787687,24,24
TX_1,7,HOUSEHOLD_1_185,direct_general,252.0,90.90297509729862,0,3.7876239623874426,36.07260916559469,-1.8390337921797304,24,24
TX_1,7,HOUSEHOLD_1_185,direct_personalized,252.0,92.52877236902714,0,3.8553655153761306,36.71776681310601,-2.2102984939775796,24,24
TX_1,7,HOUSEHOLD_1_185,mean_28,252.0,95.99999785423279,0,3.999999910593033,38.09523724374317,0.19841326607598128,24,24
TX_1,7,HOUSEHOLD_1_185,mean_7,252.0,130.99999949336052,0,5.458333312223355,51.984126783079574,-0.3968252903885326,24,24
TX_1,7,HOUSEHOLD_1_185,tsb,252.0,100.84862714012098,0,4.202026130838374,40.019296484174994,0.07453683688721667,24,24
TX_1,7,HOUSEHOLD_1_197,cautious_group_route,99.0,39.903712660074234,1,1.6626546941697598,40.30678046472145,2.069493465953404,24,24
TX_1,7,HOUSEHOLD_1_197,croston_sba,99.0,39.62754265562228,1,1.6511476106509282,40.027820864264925,-4.817210602173999,24,24
TX_1,7,HOUSEHOLD_1_197,direct_general,99.0,39.903712660074234,1,1.6626546941697598,40.30678046472145,2.069493465953404,24,24
TX_1,7,HOUSEHOLD_1_197,direct_personalized,99.0,40.08180250227451,1,1.6700751042614381,40.48666919421668,2.015970782800157,24,24
TX_1,7,HOUSEHOLD_1_197,mean_28,99.0,42.999999552965164,1,1.7916666480402152,43.4343429827931,-2.0202017492718167,24,24
TX_1,7,HOUSEHOLD_1_197,mean_7,99.0,51.00000086426735,1,2.1250000360111394,51.515152388148834,-3.0303005919311987,24,24
TX_1,7,HOUSEHOLD_1_197,tsb,99.0,41.69064174285545,1,1.737110072618977,42.111759336217624,-1.859240087836706,24,24
TX_1,7,HOUSEHOLD_1_199,cautious_group_route,5.0,8.230211230251404,21,0.34292546792714185,164.6042246050281,-27.727264081305968,24,24
TX_1,7,HOUSEHOLD_1_199,croston_sba,5.0,12.509359846191323,21,0.5212233269246385,250.18719692382646,98.00509911183234,24,24
TX_1,7,HOUSEHOLD_1_199,direct_general,5.0,20.546331610530615,21,0.8560971504387757,410.9266322106123,284.93531592190266,24,24
TX_1,7,HOUSEHOLD_1_199,direct_personalized,5.0,19.28382132202387,21,0.8034925550843278,385.67642644047737,244.51072469353676,24,24
TX_1,7,HOUSEHOLD_1_199,mean_28,5.0,7.75000012293458,21,0.32291667178894085,155.0000024586916,-24.99999664723873,24,24
TX_1,7,HOUSEHOLD_1_199,mean_7,5.0,8.00000013411045,21,0.33333333892126876,160.00000268220901,-39.999997317790985,24,24
TX_1,7,HOUSEHOLD_1_199,tsb,5.0,8.230211230251404,21,0.34292546792714185,164.6042246050281,-27.727264081305968,24,24
TX_1,7,HOUSEHOLD_1_272,cautious_group_route,210.0,98.19361544400454,13,4.091400643500189,46.75886449714502,2.973564923519175,24,24
TX_1,7,HOUSEHOLD_1_272,croston_sba,210.0,256.1704709143222,13,10.673769621430091,121.98593853062962,29.48107589720576,24,24
TX_1,7,HOUSEHOLD_1_272,direct_general,210.0,98.19361544400454,13,4.091400643500189,46.75886449714502,2.973564923519175,24,24
TX_1,7,HOUSEHOLD_1_272,direct_personalized,210.0,94.00054840743542,13,3.9166895169764757,44.76216590830258,2.5201620587280846,24,24
TX_1,7,HOUSEHOLD_1_272,mean_28,210.0,129.99999991059303,13,5.416666662941377,61.90476186218716,-4.761905372142792,24,24
TX_1,7,HOUSEHOLD_1_272,mean_7,210.0,98.00000131130219,13,4.083333387970924,46.66666729109628,-0.9523801008860211,24,24
TX_1,7,HOUSEHOLD_1_272,tsb,210.0,112.02646213461945,13,4.6677692556091435,53.34593434981878,-2.308667729261033,24,24
TX_1,7,HOUSEHOLD_1_439,cautious_group_route,654.0,265.3208804130554,0,11.05503668387731,40.56894195918279,1.5935906849869894,24,24
TX_1,7,HOUSEHOLD_1_439,croston_sba,654.0,265.2964870759138,0,11.05402029482974,40.56521209111831,0.9801891513465363,24,24
TX_1,7,HOUSEHOLD_1_439,direct_general,654.0,265.3208804130554,0,11.05503668387731,40.56894195918279,1.5935906849869894,24,24
TX_1,7,HOUSEHOLD_1_439,direct_personalized,654.0,263.3359706699848,0,10.972332111249367,40.26543894036465,3.5694181007711894,24,24
TX_1,7,HOUSEHOLD_1_439,mean_28,654.0,299.2499955892563,0,12.468749816219011,45.75688005951931,7.530580547606909,24,24
TX_1,7,HOUSEHOLD_1_439,mean_7,654.0,280.0000065267086,0,11.666666938612858,42.81345665546003,1.4080913832140002e-06,24,24
TX_1,7,HOUSEHOLD_1_439,tsb,654.0,271.15791291495646,0,11.29824637145652,41.46145457415236,4.96121690048651,24,24
TX_1,7,HOUSEHOLD_1_485,cautious_group_route,60.0,35.74412504211068,3,1.4893385434212785,59.57354173685113,18.969755017509062,24,24
TX_1,7,HOUSEHOLD_1_485,croston_sba,60.0,33.67815470993631,3,1.4032564462473462,56.130257849893844,10.957820188876179,24,24
TX_1,7,HOUSEHOLD_1_485,direct_general,60.0,35.74412504211068,3,1.4893385434212785,59.57354173685113,18.969755017509062,24,24
TX_1,7,HOUSEHOLD_1_485,direct_personalized,60.0,35.40321131795645,3,1.475133804914852,59.00535219659408,18.63184065868457,24,24
TX_1,7,HOUSEHOLD_1_485,mean_28,60.0,33.99999998509884,3,1.416666666045785,56.6666666418314,9.1666662444671,24,24
TX_1,7,HOUSEHOLD_1_485,mean_7,60.0,43.000000938773155,3,1.7916667057822149,71.6666682312886,-1.6666636615991592,24,24
TX_1,7,HOUSEHOLD_1_485,tsb,60.0,37.910025520526574,3,1.5795843966886072,63.18337586754429,6.081655087968258,24,24
TX_1,7,HOUSEHOLD_2_014,cautious_group_route,16.0,14.788772008848873,12,0.6161988337020364,92.42982505530546,-0.6969425867382486,24,24
TX_1,7,HOUSEHOLD_2_014,croston_sba,16.0,16.738370068672783,12,0.6974320861946993,104.61481292920489,21.216550292876494,24,24
TX_1,7,HOUSEHOLD_2_014,direct_general,16.0,15.693290816619992,12,0.6538871173591664,98.08306760387495,41.236692771781236,24,24
TX_1,7,HOUSEHOLD_2_014,direct_personalized,16.0,15.590659962967038,12,0.6496108317902932,97.44162476854399,35.413137229625136,24,24
TX_1,7,HOUSEHOLD_2_014,mean_28,16.0,14.999999955296516,12,0.6249999981373549,93.74999972060323,-3.1249976251274347,24,24
TX_1,7,HOUSEHOLD_2_014,mean_7,16.0,15.000000581145287,12,0.6250000242143869,93.75000363215804,-6.249995809048414,24,24
TX_1,7,HOUSEHOLD_2_014,tsb,16.0,14.788772008848873,12,0.6161988337020364,92.42982505530546,-0.6969425867382486,24,24
TX_1,7,HOUSEHOLD_2_034,cautious_group_route,15.0,15.910993964483549,12,0.6629580818534812,106.07329309655698,-4.9809573221381935,24,24
TX_1,7,HOUSEHOLD_2_034,croston_sba,15.0,15.38573347726805,12,0.641072228219502,102.57155651512034,-9.043497664542507,24,24
TX_1,7,HOUSEHOLD_2_034,direct_general,15.0,16.439050825312734,12,0.6849604510546973,109.59367216875155,38.65359228104354,24,24
TX_1,7,HOUSEHOLD_2_034,direct_personalized,15.0,16.380887061357498,12,0.6825369608898958,109.20591374238332,31.459193850557018,24,24
TX_1,7,HOUSEHOLD_2_034,mean_28,15.0,14.500000156462193,12,0.6041666731859247,96.66666770974795,-9.999997367461523,24,24
TX_1,7,HOUSEHOLD_2_034,mean_7,15.0,18.000000581145287,12,0.7500000242143869,120.00000387430191,-13.333329459031424,24,24
TX_1,7,HOUSEHOLD_2_034,tsb,15.0,15.910993964483549,12,0.6629580818534812,106.07329309655698,-4.9809573221381935,24,24
TX_1,7,HOUSEHOLD_2_076,cautious_group_route,84.0,42.16206045821309,4,1.7567525190922122,50.19292911692035,0.7630720246760618,24,24
TX_1,7,HOUSEHOLD_2_076,croston_sba,84.0,49.347575043427256,4,2.0561489601428025,58.74711314693722,0.17256479025131194,24,24
TX_1,7,HOUSEHOLD_2_076,direct_general,84.0,42.16206045821309,4,1.7567525190922122,50.19292911692035,0.7630720246760618,24,24
TX_1,7,HOUSEHOLD_2_076,direct_personalized,84.0,42.55525951832533,4,1.7731358132635553,50.661023236101585,-0.43498934911830084,24,24
TX_1,7,HOUSEHOLD_2_076,mean_28,84.0,43.99999922886491,4,1.8333333012027044,52.38095146293441,-5.9523809390763445,24,24
TX_1,7,HOUSEHOLD_2_076,mean_7,84.0,53.00000061094761,4,2.2083333587894836,63.09523882255668,-3.571425750851631,24,24
TX_1,7,HOUSEHOLD_2_076,tsb,84.0,44.020124147612066,4,1.834171839483836,52.40490969953818,-1.3573534382605312,24,24
TX_1,7,HOUSEHOLD_2_087,cautious_group_route,5.0,8.739733603426403,19,0.36415556680943345,174.7946720685281,11.322825565961633,24,24
TX_1,7,HOUSEHOLD_2_087,croston_sba,5.0,11.459636154681629,19,0.4774848397784012,229.1927230936326,118.20743175010043,24,24
TX_1,7,HOUSEHOLD_2_087,direct_general,5.0,16.956151194870472,19,0.7065062997862697,339.12302389740944,267.0186421275139,24,24
TX_1,7,HOUSEHOLD_2_087,direct_personalized,5.0,15.94451825786382,19,0.6643549274109924,318.8903651572764,223.812895398587,24,24
TX_1,7,HOUSEHOLD_2_087,mean_28,5.0,7.75000012293458,19,0.32291667178894085,155.0000024586916,5.000004693865776,24,24
TX_1,7,HOUSEHOLD_2_087,mean_7,5.0,9.000000268220901,19,0.3750000111758709,180.00000536441803,20.00000536441803,24,24
TX_1,7,HOUSEHOLD_2_087,tsb,5.0,8.739733603426403,19,0.36415556680943345,174.7946720685281,11.322825565961633,24,24
TX_1,7,HOUSEHOLD_2_118,cautious_group_route,160.0,81.59513285756111,1,3.39979720239838,50.996958035975695,3.30358832143247,24,24
TX_1,7,HOUSEHOLD_2_118,croston_sba,160.0,78.66731912405571,1,3.277804963502321,49.16707445253482,-4.616220178191387,24,24
TX_1,7,HOUSEHOLD_2_118,direct_general,160.0,81.59513285756111,1,3.39979720239838,50.996958035975695,3.30358832143247,24,24
TX_1,7,HOUSEHOLD_2_118,direct_personalized,160.0,84.69500224292278,1,3.5289584267884493,52.93437640182674,5.967112239450218,24,24
TX_1,7,HOUSEHOLD_2_118,mean_28,160.0,84.4999997317791,1,3.5208333221574626,52.81249983236194,-1.8749994598329056,24,24
TX_1,7,HOUSEHOLD_2_118,mean_7,160.0,92.99999997019768,1,3.8749999987582364,58.12499998137355,-0.6249990127980676,24,24
TX_1,7,HOUSEHOLD_2_118,tsb,160.0,80.97808009869053,1,3.374086670778772,50.611300061681575,-0.1793668330315612,24,24
TX_1,7,HOUSEHOLD_2_175,cautious_group_route,8.0,17.048470035505943,20,0.7103529181460809,213.1058754438243,58.03899768008339,24,24
TX_1,7,HOUSEHOLD_2_175,croston_sba,8.0,17.006370048157912,20,0.7085987520065796,212.5796256019739,45.95662365127031,24,24
TX_1,7,HOUSEHOLD_2_175,direct_general,8.0,18.020501744002104,20,0.750854239333421,225.2562718000263,93.41299044899642,24,24
TX_1,7,HOUSEHOLD_2_175,direct_personalized,8.0,17.460823372006416,20,0.727534307166934,218.2602921500802,87.39244621247053,24,24
TX_1,7,HOUSEHOLD_2_175,mean_28,8.0,9.500000067055225,20,0.39583333612730104,118.75000083819032,-24.999997299164534,24,24
TX_1,7,HOUSEHOLD_2_175,mean_7,8.0,12.000000163912773,20,0.5000000068296989,150.00000204890966,-24.999997951090336,24,24
TX_1,7,HOUSEHOLD_2_175,tsb,8.0,10.681198010420118,20,0.44504991710083824,133.51497513025149,-31.958317797955203,24,24
TX_1,7,HOUSEHOLD_2_266,cautious_group_route,56.0,43.16645246744156,12,1.7986021861433983,77.08295083471707,3.971846721002034,24,24
TX_1,7,HOUSEHOLD_2_266,croston_sba,56.0,88.24891644006128,12,3.6770381850025533,157.5873507858237,75.5389558491222,24,24
TX_1,7,HOUSEHOLD_2_266,direct_general,56.0,43.16645246744156,12,1.7986021861433983,77.08295083471707,3.971846721002034,24,24
TX_1,7,HOUSEHOLD_2_266,direct_personalized,56.0,41.32848437130451,12,1.722020182137688,73.80086494875806,5.662907101213932,24,24
TX_1,7,HOUSEHOLD_2_266,mean_28,56.0,31.75000024586916,12,1.322916676911215,56.69642901048064,-12.053571362048388,24,24
TX_1,7,HOUSEHOLD_2_266,mean_7,56.0,31.999999970197678,12,1.33333333209157,57.14285708963871,-7.142855599522591,24,24
TX_1,7,HOUSEHOLD_2_266,tsb,56.0,34.20172787095126,12,1.425071994622969,61.07451405527011,-1.7812402569820878,24,24
TX_1,7,HOUSEHOLD_2_295,cautious_group_route,80.0,46.671030163764954,1,1.9446262568235397,58.33878770470619,8.7282881513238,24,24
TX_1,7,HOUSEHOLD_2_295,croston_sba,80.0,44.217771357593676,1,1.8424071398997366,55.272214196992095,-0.3873810499798491,24,24
TX_1,7,HOUSEHOLD_2_295,direct_general,80.0,46.671030163764954,1,1.9446262568235397,58.33878770470619,8.7282881513238,24,24
TX_1,7,HOUSEHOLD_2_295,direct_personalized,80.0,46.457111179828644,1,1.9357129658261936,58.071388974785805,8.045730479061604,24,24
TX_1,7,HOUSEHOLD_2_295,mean_28,80.0,44.99999997019768,1,1.8749999987582366,56.2499999627471,1.8749991431832314,24,24
TX_1,7,HOUSEHOLD_2_295,mean_7,80.0,58.000000193715096,1,2.416666674738129,72.50000024214387,1.993030309677124e-06,24,24
TX_1,7,HOUSEHOLD_2_295,tsb,80.0,46.63159383096399,1,1.9429830762901663,58.28949228870499,1.1871808048469696,24,24
TX_1,7,HOUSEHOLD_2_315,cautious_group_route,75.0,38.886271964758635,2,1.620261331864943,51.84836261967818,9.996447250247002,24,24
TX_1,7,HOUSEHOLD_2_315,croston_sba,75.0,39.12012178870657,2,1.6300050745294403,52.16016238494209,3.2077459823064722,24,24
TX_1,7,HOUSEHOLD_2_315,direct_general,75.0,38.886271964758635,2,1.620261331864943,51.84836261967818,9.996447250247002,24,24
TX_1,7,HOUSEHOLD_2_315,direct_personalized,75.0,39.16557677090168,2,1.6318990321209033,52.220769027868904,8.155613621075949,24,24
TX_1,7,HOUSEHOLD_2_315,mean_28,75.0,38.250000074505806,2,1.5937500031044085,51.00000009934107,4.333333233992259,24,24
TX_1,7,HOUSEHOLD_2_315,mean_7,75.0,43.0000005364418,2,1.7916666890184085,57.33333404858907,1.3333361943562825,24,24
TX_1,7,HOUSEHOLD_2_315,tsb,75.0,40.34810378244204,2,1.681170990935085,53.79747170992272,2.892665953488785,24,24
TX_1,7,HOUSEHOLD_2_323,cautious_group_route,145.0,117.27622573077679,3,4.886509405449033,80.88015567639778,-10.622407084908978,24,24
TX_1,7,HOUSEHOLD_2_323,croston_sba,145.0,121.98846791302333,3,5.082852829709306,84.12997787105057,-17.652202026927647,24,24
TX_1,7,HOUSEHOLD_2_323,direct_general,145.0,117.27622573077679,3,4.886509405449033,80.88015567639778,-10.622407084908978,24,24
TX_1,7,HOUSEHOLD_2_323,direct_personalized,145.0,118.09506633877754,3,4.920627764115731,81.44487333708796,-11.112693825672416,24,24
TX_1,7,HOUSEHOLD_2_323,mean_28,145.0,122.50000061094761,3,5.104166692122817,84.48275904203284,-18.275862408095392,24,24
TX_1,7,HOUSEHOLD_2_323,mean_7,145.0,138.9999997317791,3,5.791666655490796,95.86206878053731,2.068967346487373,24,24
TX_1,7,HOUSEHOLD_2_323,tsb,145.0,117.47124573053163,3,4.8946352387721515,81.01465222795285,-11.837823272101893,24,24
TX_1,7,HOUSEHOLD_2_409,cautious_group_route,97.0,34.073678493499756,0,1.4197366038958232,35.12750360154614,1.1822312763056808,24,24
TX_1,7,HOUSEHOLD_2_409,croston_sba,97.0,32.61029186217739,0,1.3587621609240579,33.6188575898736,-2.3902613301977618,24,24
TX_1,7,HOUSEHOLD_2_409,direct_general,97.0,34.073678493499756,0,1.4197366038958232,35.12750360154614,1.1822312763056808,24,24
TX_1,7,HOUSEHOLD_2_409,direct_personalized,97.0,34.13105034083128,0,1.4221270975346367,35.18664983590853,0.9098333719464926,24,24
TX_1,7,HOUSEHOLD_2_409,mean_28,97.0,29.49999964237213,0,1.2291666517655055,30.412370765332096,-2.0618554857588305,24,24
TX_1,7,HOUSEHOLD_2_409,mean_7,97.0,43.00000016391277,0,1.7916666734963655,44.32989707619873,-5.154637193556914,24,24
TX_1,7,HOUSEHOLD_2_409,tsb,97.0,35.69428653928149,0,1.4872619391367288,36.79823354565102,-5.73305651852337,24,24
TX_1,28,FOODS_1_048,cautious_group_route,82.0,30.155256539583206,0,5.025876089930534,36.774703097052694,4.517144727997664,6,6
TX_1,28,FOODS_1_048,croston_sba,82.0,33.96736697683905,0,5.661227829473176,41.42361826443787,5.982845209662596,6,6
TX_1,28,FOODS_1_048,direct_general,82.0,30.155256539583206,0,5.025876089930534,36.774703097052694,4.517144727997664,6,6
TX_1,28,FOODS_1_048,direct_personalized,82.0,28.061226099729538,0,4.67687101662159,34.221007438694556,1.5388946344212766,6,6
TX_1,28,FOODS_1_048,mean_28,82.0,33.999999046325684,0,5.666666507720947,41.46341347112888,-8.72263096440298e-07,6,6
TX_1,28,FOODS_1_048,mean_7,82.0,50.00000041723252,0,8.333333402872087,60.97561026491771,-2.439022573029114,6,6
TX_1,28,FOODS_1_048,tsb,82.0,24.737443155095352,0,4.122907192515892,30.16761360377482,-3.0996321624985876,6,6
TX_1,28,FOODS_1_098,cautious_group_route,122.0,26.524377405643463,0,4.420729567607244,21.741292955445463,-1.7012691400090216,6,6
TX_1,28,FOODS_1_098,croston_sba,122.0,19.54022412164598,0,3.2567040202743303,16.01657714889015,-7.693342734937191,6,6
TX_1,28,FOODS_1_098,direct_general,122.0,26.524377405643463,0,4.420729567607244,21.741292955445463,-1.7012691400090216,6,6
TX_1,28,FOODS_1_098,direct_personalized,122.0,24.619661271572117,0,4.103276878595353,20.180050222600098,-4.464485166502778,6,6
TX_1,28,FOODS_1_098,mean_28,122.0,29.00000047683716,0,4.833333412806193,23.77049219412882,0.8196733036979329,6,6
TX_1,28,FOODS_1_098,mean_7,122.0,25.999998927116394,0,4.333333154519399,21.311474530423276,-14.754095917842417,6,6
TX_1,28,FOODS_1_098,tsb,122.0,18.421416104773524,0,3.070236017462254,15.099521397355346,-11.663724307936087,6,6
TX_1,28,FOODS_1_111,cautious_group_route,46.0,12.126323231938624,0,2.021053871989771,26.361572243344835,3.390137789552215,6,6
TX_1,28,FOODS_1_111,croston_sba,46.0,9.950344937173433,0,1.6583908228622388,21.631184646029205,-19.125546175031076,6,6
TX_1,28,FOODS_1_111,direct_general,46.0,9.163753494620323,0,1.5272922491033871,19.921203249174617,-1.565257395091264,6,6
TX_1,28,FOODS_1_111,direct_personalized,46.0,10.186740905046463,0,1.697790150841077,22.14508892401405,-1.3605303738428218,6,6
TX_1,28,FOODS_1_111,mean_28,46.0,11.000000715255737,0,1.8333334525426228,23.913045033164646,-6.521736538928488,6,6
TX_1,28,FOODS_1_111,mean_7,46.0,26.000000655651093,0,4.333333442608516,56.521740555763245,4.347829844640649,6,6
TX_1,28,FOODS_1_111,tsb,46.0,12.289881919736255,0,2.0483136532893758,26.71713460812229,-4.047191584877422,6,6
TX_1,28,FOODS_2_011,cautious_group_route,67.0,41.86721135675907,1,6.9778685594598455,62.4883751593419,8.632034841758099,6,6
TX_1,28,FOODS_2_011,croston_sba,67.0,60.3028488750615,1,10.05047481251025,90.0042520523306,17.695663512079104,6,6
TX_1,28,FOODS_2_011,direct_general,67.0,41.86721135675907,1,6.9778685594598455,62.4883751593419,8.632034841758099,6,6
TX_1,28,FOODS_2_011,direct_personalized,67.0,42.75537137687206,1,7.125895229478677,63.81398712965979,2.1928982280973153,6,6
TX_1,28,FOODS_2_011,mean_28,67.0,40.999998569488525,1,6.833333094914754,61.194027715654514,-1.4925369575842102,6,6
TX_1,28,FOODS_2_011,mean_7,67.0,36.99999988079071,1,6.1666666467984514,55.22388041909061,-34.32835589593916,6,6
TX_1,28,FOODS_2_011,tsb,67.0,42.18512135647479,1,7.030853559412464,62.96286769623104,-4.659882578356118,6,6
TX_1,28,FOODS_2_030,cautious_group_route,131.0,22.30441343784332,0,3.717402239640553,17.026269799880396,4.7553879159097425,6,6
TX_1,28,FOODS_2_030,croston_sba,131.0,18.03194956190013,0,3.0053249269833553,13.764846993816894,-1.9003650349718937,6,6
TX_1,28,FOODS_2_030,direct_general,131.0,22.30441343784332,0,3.717402239640553,17.026269799880396,4.7553879159097425,6,6
TX_1,28,FOODS_2_030,direct_personalized,131.0,21.994715869426727,0,3.6657859782377877,16.78985944231048,3.318087881758013,6,6
TX_1,28,FOODS_2_030,mean_28,131.0,24.999998331069943,0,4.166666388511657,19.083968191656442,5.343510904384936,6,6
TX_1,28,FOODS_2_030,mean_7,131.0,47.000001549720764,0,7.833333591620128,35.877863778412795,0.7633623276048034,6,6
TX_1,28,FOODS_2_030,tsb,131.0,25.664832952871382,0,4.277472158811897,19.59147553654304,0.13260948119916025,6,6
TX_1,28,FOODS_2_037,cautious_group_route,33.0,24.112237630788616,0,4.018706271798103,73.06738675996552,4.785616935398446,6,6
TX_1,28,FOODS_2_037,croston_sba,33.0,20.667512421102764,0,3.4445854035171273,62.62882551849323,-2.896398176659698,6,6
TX_1,28,FOODS_2_037,direct_general,33.0,23.44423522055149,0,3.9073725367585816,71.04313703197421,21.27301282051838,6,6
TX_1,28,FOODS_2_037,direct_personalized,33.0,23.549422785639763,0,3.924903797606627,71.3618872292114,16.823273671395842,6,6
TX_1,28,FOODS_2_037,mean_28,33.0,22.999999940395355,0,3.8333333233992257,69.69696951634955,9.09090891028895,6,6
TX_1,28,FOODS_2_037,mean_7,33.0,47.00000101327896,0,7.8333335022131605,142.42424549478474,21.21212536638433,6,6
TX_1,28,FOODS_2_037,tsb,33.0,24.112237630788616,0,4.018706271798103,73.06738675996552,4.785616935398446,6,6
TX_1,28,FOODS_2_091,cautious_group_route,126.0,55.602457612752914,0,9.267076268792152,44.12893461329596,-0.6751148237122458,6,6
TX_1,28,FOODS_2_091,croston_sba,126.0,54.67061674790837,0,9.111769457984728,43.389378371355846,0.5886705615256563,6,6
TX_1,28,FOODS_2_091,direct_general,126.0,55.602457612752914,0,9.267076268792152,44.12893461329596,-0.6751148237122458,6,6
TX_1,28,FOODS_2_091,direct_personalized,126.0,54.73552563786507,0,9.122587606310844,43.44089336338497,-2.8834710755045396,6,6
TX_1,28,FOODS_2_091,mean_28,126.0,63.99999833106993,0,10.666666388511656,50.793649469103116,-6.349207295311832,6,6
TX_1,28,FOODS_2_091,mean_7,126.0,79.99999964237213,0,13.33333327372869,63.49206320823185,26.984128024843002,6,6
TX_1,28,FOODS_2_091,tsb,126.0,56.81921733233236,0,9.469869555388726,45.094616930422504,7.40398607865099,6,6
TX_1,28,FOODS_2_175,cautious_group_route,1004.0,204.45353680849075,0,34.075589468081795,20.363898088495095,-5.882287304477388,6,6
TX_1,28,FOODS_2_175,croston_sba,1004.0,243.57294530988173,0,40.595490884980286,24.26025351692049,-7.257248276895391,6,6
TX_1,28,FOODS_2_175,direct_general,1004.0,204.45353680849075,0,34.075589468081795,20.363898088495095,-5.882287304477388,6,6
TX_1,28,FOODS_2_175,direct_personalized,1004.0,197.4262811541558,0,32.9043801923593,19.663972226509543,-5.881216225633583,6,6
TX_1,28,FOODS_2_175,mean_28,1004.0,157.9999885559082,0,26.3333314259847,15.737050652978905,0.7968138888537646,6,6
TX_1,28,FOODS_2_175,mean_7,1004.0,316.0000066757202,0,52.666667779286705,31.47410425056974,-12.749005028926048,6,6
TX_1,28,FOODS_2_175,tsb,1004.0,252.1569186511512,0,42.0261531085252,25.11523094134972,-2.2070384536000405,6,6
TX_1,28,FOODS_2_276,cautious_group_route,636.0,105.73065167665483,0,17.62177527944247,16.624316301360825,-7.917241752147677,6,6
TX_1,28,FOODS_2_276,croston_sba,636.0,101.44241166623856,0,16.907068611039758,15.950064727395999,-10.742110831301552,6,6
TX_1,28,FOODS_2_276,direct_general,636.0,105.73065167665483,0,17.62177527944247,16.624316301360825,-7.917241752147677,6,6
TX_1,28,FOODS_2_276,direct_personalized,636.0,109.23171406984332,0,18.20528567830722,17.174797809723795,-7.144144992783389,6,6
TX_1,28,FOODS_2_276,mean_28,636.0,104.99999332427976,0,17.49999888737996,16.509432912622604,-2.358490416088944,6,6
TX_1,28,FOODS_2_276,mean_7,636.0,170.00000810623172,0,28.333334684371952,26.72956102299241,-15.094337598332814,6,6
TX_1,28,FOODS_2_276,tsb,636.0,105.48609479855882,0,17.581015799759804,16.58586396203755,-5.863054716849707,6,6
TX_1,28,FOODS_3_087,cautious_group_route,560.0,132.62369298934937,0,22.103948831558228,23.682802319526672,5.531632729939057,6,6
TX_1,28,FOODS_3_087,croston_sba,560.0,121.22397335784562,0,20.203995559640937,21.64713809961529,8.312340660805438,6,6
TX_1,28,FOODS_3_087,direct_general,560.0,132.62369298934937,0,22.103948831558228,23.682802319526672,5.531632729939057,6,6
TX_1,28,FOODS_3_087,direct_personalized,560.0,128.13712781667704,0,21.35618796944617,22.881629967263756,5.901399180293086,6,6
TX_1,28,FOODS_3_087,mean_28,560.0,132.99999332427973,0,22.16666555404662,23.749998807907094,6.249998807907102,6,6
TX_1,28,FOODS_3_087,mean_7,560.0,143.99999809265137,0,23.999999682108562,25.714285373687744,17.142856121063225,6,6
TX_1,28,FOODS_3_087,tsb,560.0,120.44354875865487,0,20.073924793109146,21.507776564045514,14.991629932917068,6,6
TX_1,28,FOODS_3_289,cautious_group_route,29.0,12.006166715370266,0,2.0010277858950443,41.40057488058712,13.46064850877534,6,6
TX_1,28,FOODS_3_289,croston_sba,29.0,9.556278197048504,0,1.5927130328414174,32.95268343809829,28.124473151108493,6,6
TX_1,28,FOODS_3_289,direct_general,29.0,9.947812587022781,0,1.6579687645037968,34.30280202421649,21.059607431806366,6,6
TX_1,28,FOODS_3_289,direct_personalized,29.0,9.516113236546516,0,1.5860188727577527,32.81418357429833,21.222411198862666,6,6
TX_1,28,FOODS_3_289,mean_28,29.0,7.999999910593033,0,1.333333318432172,27.586206588251837,6.8965532656373645,6,6
TX_1,28,FOODS_3_289,mean_7,29.0,23.00000035762787,0,3.8333333929379783,79.31034606078575,-72.41379187024873,6,6
TX_1,28,FOODS_3_289,tsb,29.0,7.476358481624684,0,1.2460597469374475,25.78054648836098,0.2650996608212304,6,6
TX_1,28,FOODS_3_329,cautious_group_route,1525.0,282.9308438897133,0,47.155140648285546,18.552842222276283,-10.395015556304179,6,6
TX_1,28,FOODS_3_329,croston_sba,1525.0,347.6631403720488,0,57.9438567286748,22.797582975216315,-14.347000697616302,6,6
TX_1,28,FOODS_3_329,direct_general,1525.0,282.9308438897133,0,47.155140648285546,18.552842222276283,-10.395015556304179,6,6
TX_1,28,FOODS_3_329,direct_personalized,1525.0,258.4432185292244,0,43.073869754870735,16.94709629699832,-14.582491925505343,6,6
TX_1,28,FOODS_3_329,mean_28,1525.0,489.9999771118164,0,81.6666628519694,32.131146040119106,-9.967213364898178,6,6
TX_1,28,FOODS_3_329,mean_7,1525.0,280.99999618530273,0,46.83333269755045,18.42622925805264,7.016393192478867,6,6
TX_1,28,FOODS_3_329,tsb,1525.0,359.7132882690149,0,59.952214711502485,23.58775660780426,-1.9447505583122833,6,6
TX_1,28,FOODS_3_413,cautious_group_route,322.0,36.73066681623459,0,6.121777802705765,11.407039383923784,-8.078803982793914,6,6
TX_1,28,FOODS_3_413,croston_sba,322.0,55.8715902336731,0,9.311931705612183,17.351425538407796,-11.920655015462161,6,6
TX_1,28,FOODS_3_413,direct_general,322.0,36.73066681623459,0,6.121777802705765,11.407039383923784,-8.078803982793914,6,6
TX_1,28,FOODS_3_413,direct_personalized,322.0,37.72757017612458,0,6.28792836268743,11.716636700659809,-8.767205254631756,6,6
TX_1,28,FOODS_3_413,mean_28,322.0,32.000000953674316,0,5.333333492279053,9.937888494929911,-3.7267083707063096,6,6
TX_1,28,FOODS_3_413,mean_7,322.0,105.9999989271164,0,17.666666487852734,32.919254325191424,-11.80124308751977,6,6
TX_1,28,FOODS_3_413,tsb,322.0,54.68444627583736,0,9.114074379306226,16.982747290632723,-6.081453521454485,6,6
TX_1,28,FOODS_3_478,cautious_group_route,42.0,35.714711938762115,1,5.952451989793686,85.03502842562409,-20.83722851055979,6,6
TX_1,28,FOODS_3_478,croston_sba,42.0,35.21447149171469,1,5.869078581952448,83.84397974217784,-3.4143675513050873,6,6
TX_1,28,FOODS_3_478,direct_general,42.0,35.269975915551186,1,5.878329319258531,83.97613313226472,-12.450046376103447,6,6
TX_1,28,FOODS_3_478,direct_personalized,42.0,37.508556701242924,1,6.25142611687382,89.30608738391172,-17.188345800553048,6,6
TX_1,28,FOODS_3_478,mean_28,42.0,48.000000044703484,1,8.00000000745058,114.28571439215115,-28.57142811020215,6,6
TX_1,28,FOODS_3_478,mean_7,42.0,34.00000035762787,1,5.666666726271312,80.95238180387588,-61.904760201772056,6,6
TX_1,28,FOODS_3_478,tsb,42.0,38.74660786796671,1,6.457767977994451,92.25382825706359,-41.782393553977144,6,6
TX_1,28,FOODS_3_530,cautious_group_route,835.0,132.15738505125046,0,22.026230841875076,15.827231742664726,-10.951027206318107,6,6
TX_1,28,FOODS_3_530,croston_sba,835.0,142.48946145587578,0,23.7482435759793,17.064606162380333,-15.587396882712396,6,6
TX_1,28,FOODS_3_530,direct_general,835.0,132.15738505125046,0,22.026230841875076,15.827231742664726,-10.951027206318107,6,6
TX_1,28,FOODS_3_530,direct_personalized,835.0,124.85365039110184,0,20.808941731850307,14.95253298097028,-11.429866894990385,6,6
TX_1,28,FOODS_3_530,mean_28,835.0,141.00000190734863,0,23.500000317891438,16.886227773335165,-8.9820361565687,6,6
TX_1,28,FOODS_3_530,mean_7,835.0,155.00000190734866,0,25.833333651224777,18.562874479921998,-10.419161219796731,6,6
TX_1,28,FOODS_3_530,tsb,835.0,131.08713228010092,0,21.84785538001682,15.699057758095918,-11.01135012392184,6,6
TX_1,28,FOODS_3_603,cautious_group_route,121.0,112.22553999722004,0,18.70425666620334,92.74838016299177,13.609840394544207,6,6
TX_1,28,FOODS_3_603,croston_sba,121.0,97.14145156232081,0,16.190241927053467,80.28219137381886,6.178951253704894,6,6
TX_1,28,FOODS_3_603,direct_general,121.0,112.22553999722004,0,18.70425666620334,92.74838016299177,13.609840394544207,6,6
TX_1,28,FOODS_3_603,direct_personalized,121.0,144.16660775244236,0,24.027767958740395,119.1459568202003,38.98940567881609,6,6
TX_1,28,FOODS_3_603,mean_28,121.0,108.99999988079071,0,18.16666664679845,90.0826445295791,-0.8264473647125496,6,6
TX_1,28,FOODS_3_603,mean_7,121.0,104.99999940395355,0,17.499999900658924,86.77685901153185,-4.132230912358308,6,6
TX_1,28,FOODS_3_603,tsb,121.0,79.63945021384852,0,13.273241702308086,65.81772744946159,-0.10779482750324168,6,6
TX_1,28,FOODS_3_679,cautious_group_route,257.0,104.74252849817276,0,17.457088083028793,40.75584766465866,0.278570563876678,6,6
TX_1,28,FOODS_3_679,croston_sba,257.0,124.10354640087688,0,20.683924400146147,48.28931766571085,4.634255020417371,6,6
TX_1,28,FOODS_3_679,direct_general,257.0,104.74252849817276,0,17.457088083028793,40.75584766465866,0.278570563876678,6,6
TX_1,28,FOODS_3_679,direct_personalized,257.0,99.12632203102112,0,16.521053671836853,38.57055331946347,-0.07042569409084415,6,6
TX_1,28,FOODS_3_679,mean_28,257.0,124.0000011920929,0,20.666666865348816,48.24902770120346,6.225681583241263,6,6
TX_1,28,FOODS_3_679,mean_7,257.0,105.00000011920929,0,17.500000019868214,40.85603117478961,-17.509727672844086,6,6
TX_1,28,FOODS_3_679,tsb,257.0,87.13342848818883,0,14.522238081364804,33.90405777750538,-3.3614869143622705,6,6
TX_1,28,FOODS_3_686,cautious_group_route,17.0,16.11375537443254,0,2.6856258957387564,94.78679632019141,21.087586415014712,6,6
TX_1,28,FOODS_3_686,croston_sba,17.0,8.511539659493232,0,1.418589943248872,50.06788034996019,-25.929402564171124,6,6
TX_1,28,FOODS_3_686,direct_general,17.0,12.335389211773872,0,2.055898201962312,72.56111301043454,39.952015876770034,6,6
TX_1,28,FOODS_3_686,direct_personalized,17.0,11.941320829093456,0,1.9902201381822426,70.24306370054974,27.569118185954945,6,6
TX_1,28,FOODS_3_686,mean_28,17.0,14.000000104308128,0,2.3333333507180214,82.35294179004781,-11.76470316508237,6,6
TX_1,28,FOODS_3_686,mean_7,17.0,27.00000125169754,0,4.500000208616257,158.8235367746914,64.70588971586788,6,6
TX_1,28,FOODS_3_686,tsb,17.0,16.11375537443254,0,2.6856258957387564,94.78679632019141,21.087586415014712,6,6
TX_1,28,FOODS_3_691,cautious_group_route,40.0,27.564626470208168,0,4.594104411701362,68.91156617552042,31.804376877844327,6,6
TX_1,28,FOODS_3_691,croston_sba,40.0,21.19968128843749,0,3.5332802147395816,52.999203221093715,18.96062208894549,6,6
TX_1,28,FOODS_3_691,direct_general,40.0,27.564626470208168,0,4.594104411701362,68.91156617552042,31.804376877844327,6,6
TX_1,28,FOODS_3_691,direct_personalized,40.0,27.243994787335396,0,4.540665797889233,68.10998696833849,28.28514087945222,6,6
TX_1,28,FOODS_3_691,mean_28,40.0,29.000000029802322,0,4.833333338300387,72.5000000745058,7.500001415610318,6,6
TX_1,28,FOODS_3_691,mean_7,40.0,40.000000298023224,0,6.666666716337204,100.00000074505806,-39.99999836087227,6,6
TX_1,28,FOODS_3_691,tsb,40.0,28.959825627796764,0,4.826637604632794,72.3995640694919,-4.002971671454916,6,6
TX_1,28,HOBBIES_1_008,cautious_group_route,180.0,119.19214931130409,2,19.865358218550682,66.21786072850227,-2.7565299636787874,6,6
TX_1,28,HOBBIES_1_008,croston_sba,180.0,195.83145119276995,2,32.63857519879499,108.79525066264998,16.926747424361295,6,6
TX_1,28,HOBBIES_1_008,direct_general,180.0,119.19214931130409,2,19.865358218550682,66.21786072850227,-2.7565299636787874,6,6
TX_1,28,HOBBIES_1_008,direct_personalized,180.0,124.17652636766434,2,20.696087727944057,68.98695909314685,1.5154178606139328,6,6
TX_1,28,HOBBIES_1_008,mean_28,180.0,132.0000011920929,2,22.000000198682148,73.33333399560716,-16.6666665342119,6,6
TX_1,28,HOBBIES_1_008,mean_7,180.0,166.00000095367432,2,27.666666825612385,92.22222275204129,-24.444443384806316,6,6
TX_1,28,HOBBIES_1_008,tsb,180.0,108.3008540605603,2,18.050142343426717,60.167141144755725,-16.64762563018865,6,6
TX_1,28,HOBBIES_1_056,cautious_group_route,241.0,82.17876386642456,0,13.696460644404093,34.09907214374463,4.989988329004951,6,6
TX_1,28,HOBBIES_1_056,croston_sba,241.0,72.22536582040941,0,12.037560970068235,29.96903146075079,3.9851307985321602,6,6
TX_1,28,HOBBIES_1_056,direct_general,241.0,82.17876386642456,0,13.696460644404093,34.09907214374463,4.989988329004951,6,6
TX_1,28,HOBBIES_1_056,direct_personalized,241.0,85.33704030513763,0,14.222840050856272,35.40956029258823,6.5293081073840185,6,6
TX_1,28,HOBBIES_1_056,mean_28,241.0,85.00000381469728,0,14.166667302449547,35.26971112643041,-2.9045635239217216,6,6
TX_1,28,HOBBIES_1_056,mean_7,241.0,90.99999761581421,0,15.166666269302368,37.759335110296355,19.50207449093894,6,6
TX_1,28,HOBBIES_1_056,tsb,241.0,82.80549999054476,0,13.800916665090794,34.35912862678206,10.251029543896662,6,6
TX_1,28,HOBBIES_1_066,cautious_group_route,29.0,23.23680129549996,1,3.87280021591666,80.12690101896537,-26.777759473209347,6,6
TX_1,28,HOBBIES_1_066,croston_sba,29.0,22.138845857149086,1,3.689807642858181,76.34084778327271,-51.27834509665025,6,6
TX_1,28,HOBBIES_1_066,direct_general,29.0,31.6476119607687,1,5.27460199346145,109.12969641644379,50.3240654694623,6,6
TX_1,28,HOBBIES_1_066,direct_personalized,29.0,35.49942535161972,1,5.91657089193662,122.41181155730938,57.17095845732196,6,6
TX_1,28,HOBBIES_1_066,mean_28,29.0,26.000000044703484,1,4.333333340783914,89.65517256794304,-27.58620581750212,6,6
TX_1,28,HOBBIES_1_066,mean_7,29.0,25.0,1,4.166666666666667,86.20689655172414,-72.41379187024873,6,6
TX_1,28,HOBBIES_1_066,tsb,29.0,23.23680129549996,1,3.87280021591666,80.12690101896537,-26.777759473209347,6,6
TX_1,28,HOBBIES_1_074,cautious_group_route,223.0,67.85023626685143,0,11.308372711141905,30.426114917870596,-5.371995129927392,6,6
TX_1,28,HOBBIES_1_074,croston_sba,223.0,60.0141439312921,0,10.002357321882016,26.912172166498696,-9.224362633639377,6,6
TX_1,28,HOBBIES_1_074,direct_general,223.0,67.85023626685143,0,11.308372711141905,30.426114917870596,-5.371995129927392,6,6
TX_1,28,HOBBIES_1_074,direct_personalized,223.0,65.54193571209908,0,10.923655952016512,29.391002561479407,-7.9308848878193325,6,6
TX_1,28,HOBBIES_1_074,mean_28,223.0,61.99999594688414,0,10.333332657814024,27.802688765418896,-2.690583708040383,6,6
TX_1,28,HOBBIES_1_074,mean_7,223.0,100.99999558925629,0,16.83333259820938,45.29147784271582,-21.076233771884382,6,6
TX_1,28,HOBBIES_1_074,tsb,223.0,61.676830993092814,0,10.279471832182136,27.65777174578153,-5.669513313184607,6,6
TX_1,28,HOBBIES_1_095,cautious_group_route,24.0,16.926099865455118,0,2.8210166442425195,70.52541610606299,-34.96133054339747,6,6
TX_1,28,HOBBIES_1_095,croston_sba,24.0,9.994933517739204,0,1.665822252956534,41.64555632391335,-10.529251570268258,6,6
TX_1,28,HOBBIES_1_095,direct_general,24.0,12.450852110981941,0,2.07514201849699,51.878550462424755,9.721277592082819,6,6
TX_1,28,HOBBIES_1_095,direct_personalized,24.0,14.077428318560123,0,2.3462380530933538,58.655951327333845,2.7227088498572525,6,6
TX_1,28,HOBBIES_1_095,mean_28,24.0,17.000000298023224,0,2.8333333830038705,70.83333457509677,-4.166663686434428,6,6
TX_1,28,HOBBIES_1_095,mean_7,24.0,24.000000178813934,0,4.000000029802322,100.00000074505806,-83.33333258827527,6,6
TX_1,28,HOBBIES_1_095,tsb,24.0,16.926099865455118,0,2.8210166442425195,70.52541610606299,-34.96133054339747,6,6
TX_1,28,HOBBIES_1_097,cautious_group_route,27.0,15.001632774574652,0,2.5002721290957752,55.561602868795006,25.703415059531977,6,6
TX_1,28,HOBBIES_1_097,croston_sba,27.0,8.14852224259279,0,1.3580870404321317,30.179712009602923,5.425662217957783,6,6
TX_1,28,HOBBIES_1_097,direct_general,27.0,11.48887723684311,0,1.914812872807185,42.551397173492994,22.92903153984635,6,6
TX_1,28,HOBBIES_1_097,direct_personalized,27.0,12.356410294771194,0,2.059401715795199,45.764482573226644,24.94613726933797,6,6
TX_1,28,HOBBIES_1_097,mean_28,27.0,10.000000149011612,0,1.6666666915019352,37.037037588931895,2.5387163515444157e-06,6,6
TX_1,28,HOBBIES_1_097,mean_7,27.0,23.00000125169754,0,3.83333354194959,85.185189821102,33.33333929379781,6,6
TX_1,28,HOBBIES_1_097,tsb,27.0,15.001632774574652,0,2.5002721290957752,55.561602868795006,25.703415059531977,6,6
TX_1,28,HOBBIES_1_112,cautious_group_route,1.0,17.371933355927467,5,2.8953222259879112,1737.1933355927467,1685.8020961284637,6,6
TX_1,28,HOBBIES_1_112,croston_sba,1.0,9.842413484700192,5,1.640402247450032,984.2413484700191,984.2413484700191,6,6
TX_1,28,HOBBIES_1_112,direct_general,1.0,17.371933355927467,5,2.8953222259879112,1737.1933355927467,1685.8020961284637,6,6
TX_1,28,HOBBIES_1_112,direct_personalized,1.0,25.25099676847458,5,4.20849946141243,2525.099676847458,2525.099676847458,6,6
TX_1,28,HOBBIES_1_112,mean_28,1.0,1.0,5,0.16666666666666666,100.0,-100.0,6,6
TX_1,28,HOBBIES_1_112,mean_7,1.0,1.0,5,0.16666666666666666,100.0,-100.0,6,6
TX_1,28,HOBBIES_1_112,tsb,1.0,1.0,5,0.16666666666666666,100.0,-100.0,6,6
TX_1,28,HOBBIES_1_142,cautious_group_route,181.0,54.61650061607361,0,9.102750102678934,30.174862218825197,22.648573448644807,6,6
TX_1,28,HOBBIES_1_142,croston_sba,181.0,53.5111772320404,0,8.9185295386734,29.56418631604442,23.846920997025684,6,6
TX_1,28,HOBBIES_1_142,direct_general,181.0,54.61650061607361,0,9.102750102678934,30.174862218825197,22.648573448644807,6,6
TX_1,28,HOBBIES_1_142,direct_personalized,181.0,50.07928600907326,0,8.346547668178877,27.668113817167544,19.330918805375283,6,6
TX_1,28,HOBBIES_1_142,mean_28,181.0,42.99999952316284,0,7.166666587193807,23.756905813902122,14.917125754593489,6,6
TX_1,28,HOBBIES_1_142,mean_7,181.0,63.00000500679017,0,10.500000834465029,34.80663260043656,32.596687322163454,6,6
TX_1,28,HOBBIES_1_142,tsb,181.0,64.52108149891215,0,10.753513583152026,35.64700635299014,35.64700635299014,6,6
TX_1,28,HOBBIES_1_153,cautious_group_route,198.0,86.40917068719864,0,14.40152844786644,43.64099529656497,23.49081825126301,6,6
TX_1,28,HOBBIES_1_153,croston_sba,198.0,93.57876102946551,0,15.596460171577585,47.26200051993208,12.71846412761757,6,6
TX_1,28,HOBBIES_1_153,direct_general,198.0,86.40917068719864,0,14.40152844786644,43.64099529656497,23.49081825126301,6,6
TX_1,28,HOBBIES_1_153,direct_personalized,198.0,87.02071380615234,0,14.50345230102539,43.949855457652696,23.258683416578506,6,6
TX_1,28,HOBBIES_1_153,mean_28,198.0,115.00000178813934,0,19.16666696468989,58.08080898390876,20.707071730584808,6,6
TX_1,28,HOBBIES_1_153,mean_7,198.0,97.9999989271164,0,16.333333154519398,49.494948953089086,11.111111652971514,6,6
TX_1,28,HOBBIES_1_153,tsb,198.0,79.98368464349478,0,13.330614107249131,40.39580032499737,18.27826342182738,6,6
TX_1,28,HOBBIES_1_198,cautious_group_route,63.0,12.065486460924149,0,2.0109144101540246,19.15156581099071,11.328718539268252,6,6
TX_1,28,HOBBIES_1_198,croston_sba,63.0,11.184900952058724,0,1.864150158676454,17.753811035013847,0.3420565180833495,6,6
TX_1,28,HOBBIES_1_198,direct_general,63.0,12.065486460924149,0,2.0109144101540246,19.15156581099071,11.328718539268252,6,6
TX_1,28,HOBBIES_1_198,direct_personalized,63.0,11.927584439516064,0,1.987930739919344,18.93267371351756,10.684395167562691,6,6
TX_1,28,HOBBIES_1_198,mean_28,63.0,12.999999165534971,0,2.166666527589162,20.63491931037297,-1.5873021549648736,6,6
TX_1,28,HOBBIES_1_198,mean_7,63.0,35.00000047683716,0,5.833333412806193,55.55555631243993,26.984130011664497,6,6
TX_1,28,HOBBIES_1_198,tsb,63.0,13.744949810879916,0,2.290824968479986,21.817380652190344,12.005643805595225,6,6
TX_1,28,HOBBIES_1_203,cautious_group_route,30.0,12.97186004099554,0,2.161976673499257,43.23953346998514,18.61875230888987,6,6
TX_1,28,HOBBIES_1_203,croston_sba,30.0,12.781224710894524,0,2.1302041184824207,42.60408236964841,17.261621930661814,6,6
TX_1,28,HOBBIES_1_203,direct_general,30.0,9.201741352677345,0,1.5336235587795575,30.672471175591152,23.678354372580852,6,6
TX_1,28,HOBBIES_1_203,direct_personalized,30.0,9.796331092715263,0,1.6327218487858772,32.654436975717545,20.751987447341286,6,6
TX_1,28,HOBBIES_1_203,mean_28,30.0,10.000000312924385,0,1.666666718820731,33.33333437641462,1.341104507446289e-06,6,6
TX_1,28,HOBBIES_1_203,mean_7,30.0,22.000000178813934,0,3.666666696468989,73.33333392937978,-59.99999821186066,6,6
TX_1,28,HOBBIES_1_203,tsb,30.0,13.628434509467695,0,2.2714057515779493,45.42811503155898,-26.343452534885103,6,6
TX_1,28,HOBBIES_1_261,cautious_group_route,471.0,129.59540832042694,0,21.599234720071156,27.514948687988735,3.189039888402203,6,6
TX_1,28,HOBBIES_1_261,croston_sba,471.0,128.38563315721154,0,21.397605526201925,27.258096211722197,-0.43564465177216405,6,6
TX_1,28,HOBBIES_1_261,direct_general,471.0,129.59540832042694,0,21.599234720071156,27.514948687988735,3.189039888402203,6,6
TX_1,28,HOBBIES_1_261,direct_personalized,471.0,139.90125131607056,0,23.316875219345093,29.703025757127506,6.293622652689613,6,6
TX_1,28,HOBBIES_1_261,mean_28,471.0,127.00000000000003,0,21.16666666666667,26.963906581740986,7.006366592050855,6,6
TX_1,28,HOBBIES_1_261,mean_7,471.0,207.0,0,34.5,43.94904458598726,15.49893721400299,6,6
TX_1,28,HOBBIES_1_261,tsb,471.0,127.33455794461597,0,21.22242632410266,27.034937992487468,4.651111979336019,6,6
TX_1,28,HOBBIES_1_265,cautious_group_route,46.0,10.941647949820087,0,1.8236079916366812,23.78619119526106,8.167254053022605,6,6
TX_1,28,HOBBIES_1_265,croston_sba,46.0,11.316554687069672,0,1.8860924478449455,24.60120584145581,-24.60120584145581,6,6
TX_1,28,HOBBIES_1_265,direct_general,46.0,7.38268381357193,0,1.2304473022619884,16.049312638199847,0.21515831999156787,6,6
TX_1,28,HOBBIES_1_265,direct_personalized,46.0,6.860403120517731,0,1.1434005200862885,14.913919827212458,4.212644501872685,6,6
TX_1,28,HOBBIES_1_265,mean_28,46.0,5.999999701976776,0,0.9999999503294627,13.04347761299299,-8.695651266885841,6,6
TX_1,28,HOBBIES_1_265,mean_7,46.0,23.99999970197678,0,3.9999999503294634,52.1739123956017,13.04348150025244,6,6
TX_1,28,HOBBIES_1_265,tsb,46.0,9.713304424676107,0,1.618884070779351,21.11587918407849,10.83756606420517,6,6
TX_1,28,HOBBIES_1_285,cautious_group_route,14.0,19.006515289472656,1,3.1677525482454425,135.76082349623326,32.48596758409525,6,6
TX_1,28,HOBBIES_1_285,croston_sba,14.0,10.533510157745539,1,1.7555850262909232,75.23935826961099,33.39278821397698,6,6
TX_1,28,HOBBIES_1_285,direct_general,14.0,16.428179390728474,1,2.7380298984547458,117.34413850520339,75.82518846860954,6,6
TX_1,28,HOBBIES_1_285,direct_personalized,14.0,16.066404186189175,1,2.677734031031529,114.76002990135125,58.06169621646406,6,6
TX_1,28,HOBBIES_1_285,mean_28,14.0,13.000000149011612,1,2.1666666915019355,92.85714392151151,21.42857313156128,6,6
TX_1,28,HOBBIES_1_285,mean_7,14.0,20.000000715255737,1,3.333333452542623,142.85714796611242,14.285719394683838,6,6
TX_1,28,HOBBIES_1_285,tsb,14.0,19.006515289472656,1,3.1677525482454425,135.76082349623326,32.48596758409525,6,6
TX_1,28,HOBBIES_1_290,cautious_group_route,26.0,13.457679774523367,0,2.242946629087228,51.76030682508987,16.321547144694872,6,6
TX_1,28,HOBBIES_1_290,croston_sba,26.0,10.374571437938846,0,1.7290952396564743,39.90219783822633,2.087091388049924,6,6
TX_1,28,HOBBIES_1_290,direct_general,26.0,12.62386967241764,0,2.1039782787362733,48.553344893914,26.991704392891663,6,6
TX_1,28,HOBBIES_1_290,direct_personalized,26.0,12.922696352005005,0,2.1537827253341675,49.70267827694233,23.35881625230496,6,6
TX_1,28,HOBBIES_1_290,mean_28,26.0,12.000000178813934,0,2.0000000298023224,46.153846841592056,7.692310901788565,6,6
TX_1,28,HOBBIES_1_290,mean_7,26.0,14.000001430511475,0,2.3333335717519126,53.846159348121056,23.076928578890286,6,6
TX_1,28,HOBBIES_1_290,tsb,26.0,13.457679774523367,0,2.242946629087228,51.76030682508987,16.321547144694872,6,6
TX_1,28,HOBBIES_1_331,cautious_group_route,35.0,18.6896480592148,0,3.114941343202467,53.39899445489943,-29.357010924976112,6,6
TX_1,28,HOBBIES_1_331,croston_sba,35.0,16.805644785387415,0,2.8009407975645693,48.016127958249754,-26.353438667076887,6,6
TX_1,28,HOBBIES_1_331,direct_general,35.0,18.42845743149519,0,3.071409571915865,52.652735518557684,-3.3748841924326762,6,6
TX_1,28,HOBBIES_1_331,direct_personalized,35.0,20.580218747258186,0,3.4300364578763642,58.80062499216625,-5.386352666786739,6,6
TX_1,28,HOBBIES_1_331,mean_28,35.0,23.999999448657036,0,3.999999908109506,68.57142699616296,-11.428571045398712,6,6
TX_1,28,HOBBIES_1_331,mean_7,35.0,29.000000715255737,0,4.833333452542623,82.85714490073067,-54.285712242126465,6,6
TX_1,28,HOBBIES_1_331,tsb,35.0,18.6896480592148,0,3.114941343202467,53.39899445489943,-29.357010924976112,6,6
TX_1,28,HOBBIES_1_351,cautious_group_route,35.0,16.581540051447252,0,2.763590008574542,47.37582871842072,-15.479128976797808,6,6
TX_1,28,HOBBIES_1_351,croston_sba,35.0,16.16898796263834,0,2.69483132710639,46.197108464680966,-7.715290078713818,6,6
TX_1,28,HOBBIES_1_351,direct_general,35.0,13.252633936703205,0,2.2087723227838674,37.86466839058058,5.476768506424768,6,6
TX_1,28,HOBBIES_1_351,direct_personalized,35.0,14.189051240682602,0,2.3648418734471,40.54014640195029,6.340128609112331,6,6
TX_1,28,HOBBIES_1_351,mean_28,35.0,14.000000536441803,0,2.3333334227403006,40.00000153269087,-5.714282989501953,6,6
TX_1,28,HOBBIES_1_351,mean_7,35.0,23.00000035762787,0,3.8333333929379783,65.71428673607963,-31.428568363189697,6,6
TX_1,28,HOBBIES_1_351,tsb,35.0,16.581540051447252,0,2.763590008574542,47.37582871842072,-15.479128976797808,6,6
TX_1,28,HOBBIES_2_043,cautious_group_route,142.0,40.97874668240547,0,6.829791113734245,28.85827231155315,20.87316103804279,6,6
TX_1,28,HOBBIES_2_043,croston_sba,142.0,47.9410556905042,0,7.990175948417367,33.761306824298735,12.107414141111688,6,6
TX_1,28,HOBBIES_2_043,direct_general,142.0,40.97874668240547,0,6.829791113734245,28.85827231155315,20.87316103804279,6,6
TX_1,28,HOBBIES_2_043,direct_personalized,142.0,47.487595826387405,0,7.914599304397901,33.441968891822114,24.542224428183594,6,6
TX_1,28,HOBBIES_2_043,mean_28,142.0,64.99999928474426,0,10.833333214124044,45.77464738362272,10.563378098984835,6,6
TX_1,28,HOBBIES_2_043,mean_7,142.0,65.99999988079071,0,10.999999980131784,46.47887315548642,12.67605843678327,6,6
TX_1,28,HOBBIES_2_043,tsb,142.0,59.42566810921606,0,9.904278018202676,41.849062048743704,13.812127899565319,6,6
TX_1,28,HOBBIES_2_091,cautious_group_route,79.0,14.95113822817802,0,2.4918563713630033,18.925491428073443,3.7090937925290457,6,6
TX_1,28,HOBBIES_2_091,croston_sba,79.0,14.504406027979186,0,2.4174010046631977,18.3600076303534,-5.643275332708976,6,6
TX_1,28,HOBBIES_2_091,direct_general,79.0,14.95113822817802,0,2.4918563713630033,18.925491428073443,3.7090937925290457,6,6
TX_1,28,HOBBIES_2_091,direct_personalized,79.0,16.321687757968903,0,2.7202812929948172,20.66036425059355,-2.3399981516826025,6,6
TX_1,28,HOBBIES_2_091,mean_28,79.0,15.000000238418579,0,2.5000000397364297,18.98734207394757,-3.7974677508390404,6,6
TX_1,28,HOBBIES_2_091,mean_7,79.0,43.00000220537186,0,7.1666670342286425,54.430382538445386,16.45570035222211,6,6
TX_1,28,HOBBIES_2_091,tsb,79.0,20.85094848946552,0,3.4751580815775864,26.393605682867744,0.0464187114328406,6,6
TX_1,28,HOUSEHOLD_1_016,cautious_group_route,192.0,116.89628784685743,1,19.482714641142906,60.883483253571576,16.53703242555578,6,6
TX_1,28,HOUSEHOLD_1_016,croston_sba,192.0,112.84360122652095,1,18.807266871086824,58.772708972146326,-1.0798182373850533,6,6
TX_1,28,HOUSEHOLD_1_016,direct_general,192.0,112.67277258634567,1,18.778795431057613,58.68373572205504,14.337284894039238,6,6
TX_1,28,HOUSEHOLD_1_016,direct_personalized,192.0,112.03513318300247,1,18.67252219716708,58.35163186614712,11.86852905278405,6,6
TX_1,28,HOUSEHOLD_1_016,mean_28,192.0,127.99999916553497,1,21.33333319425583,66.66666623204947,2.0833328987161392,6,6
TX_1,28,HOUSEHOLD_1_016,mean_7,192.0,150.00000047683716,1,25.00000007947286,78.12500024835269,27.083333581686023,6,6
TX_1,28,HOUSEHOLD_1_016,tsb,192.0,122.07709639952306,1,20.346182733253844,63.58182104141826,12.749312621687233,6,6
TX_1,28,HOUSEHOLD_1_117,cautious_group_route,51.0,12.442715138196945,0,2.0737858563661575,24.397480663131265,5.481219116379233,6,6
TX_1,28,HOUSEHOLD_1_117,croston_sba,51.0,11.888395199793813,0,1.9813991999656355,23.310578823125123,-6.660288661480969,6,6
TX_1,28,HOUSEHOLD_1_117,direct_general,51.0,12.442715138196945,0,2.0737858563661575,24.397480663131265,5.481219116379233,6,6
TX_1,28,HOUSEHOLD_1_117,direct_personalized,51.0,13.167108923196793,0,2.1945181538661322,25.817860633719203,6.681327667890811,6,6
TX_1,28,HOUSEHOLD_1_117,mean_28,51.0,9.000000178813934,0,1.5000000298023224,17.64705917414497,-1.9607827943914007,6,6
TX_1,28,HOUSEHOLD_1_117,mean_7,51.0,27.000000774860382,0,4.500000129143397,52.941177989922316,17.647062446556838,6,6
TX_1,28,HOUSEHOLD_1_117,tsb,51.0,17.429290416519564,0,2.904881736086594,34.17507924807757,11.417144453909707,6,6
TX_1,28,HOUSEHOLD_1_185,cautious_group_route,252.0,49.38914340734482,0,8.231523901224136,19.598866431486037,-2.0583046097604054,6,6
TX_1,28,HOUSEHOLD_1_185,croston_sba,252.0,61.57986585395066,0,10.263310975658444,24.436454703948673,-0.9921184189784745,6,6
TX_1,28,HOUSEHOLD_1_185,direct_general,252.0,49.38914340734482,0,8.231523901224136,19.598866431486037,-2.0583046097604054,6,6
TX_1,28,HOUSEHOLD_1_185,direct_personalized,252.0,53.958892405033104,0,8.993148734172184,21.41225889088615,-4.225975771745043,6,6
TX_1,28,HOUSEHOLD_1_185,mean_28,252.0,48.999997615814195,0,8.166666269302366,19.444443498338966,-1.190475622812907,6,6
TX_1,28,HOUSEHOLD_1_185,mean_7,252.0,92.00000166893005,0,15.333333611488342,36.50793717021034,1.5873028172387045,6,6
TX_1,28,HOUSEHOLD_1_185,tsb,252.0,58.85201859624792,0,9.808669766041321,23.353975633431716,5.40695533531023,6,6
TX_1,28,HOUSEHOLD_1_197,cautious_group_route,99.0,25.482325553894043,0,4.247054258982341,25.739722781711155,3.4963785397886027,6,6
TX_1,28,HOUSEHOLD_1_197,croston_sba,99.0,20.42032816103949,0,3.403388026839915,20.62659410206009,-7.991881597833927,6,6
TX_1,28,HOUSEHOLD_1_197,direct_general,99.0,25.482325553894043,0,4.247054258982341,25.739722781711155,3.4963785397886027,6,6
TX_1,28,HOUSEHOLD_1_197,direct_personalized,99.0,24.465986222028732,0,4.077664370338122,24.71311739598862,1.5630480918017284,6,6
TX_1,28,HOUSEHOLD_1_197,mean_28,99.0,30.0,0,5.0,30.303030303030305,-4.816536933603719e-07,6,6
TX_1,28,HOUSEHOLD_1_197,mean_7,99.0,53.000001311302185,0,8.833333551883698,53.5353548599012,-7.070705023678863,6,6
TX_1,28,HOUSEHOLD_1_197,tsb,99.0,33.907886826400656,0,5.651314471066776,34.25039073373804,0.7067850266355696,6,6
TX_1,28,HOUSEHOLD_1_199,cautious_group_route,5.0,7.161306487961641,4,1.19355108132694,143.22612975923283,-52.7847323025127,6,6
TX_1,28,HOUSEHOLD_1_199,croston_sba,5.0,10.178041930184726,4,1.6963403216974544,203.56083860369452,109.297592188349,6,6
TX_1,28,HOUSEHOLD_1_199,direct_general,5.0,25.53328876197338,4,4.2555481269955635,510.6657752394676,479.95807856321335,6,6
TX_1,28,HOUSEHOLD_1_199,direct_personalized,5.0,23.48986379802227,4,3.914977299670378,469.7972759604454,367.4964979290962,6,6
TX_1,28,HOUSEHOLD_1_199,mean_28,5.0,8.00000013411045,4,1.333333355685075,160.00000268220901,-39.999997317790985,6,6
TX_1,28,HOUSEHOLD_1_199,mean_7,5.0,5.0,4,0.8333333333333334,100.0,-100.0,6,6
TX_1,28,HOUSEHOLD_1_199,tsb,5.0,7.161306487961641,4,1.19355108132694,143.22612975923283,-52.7847323025127,6,6
TX_1,28,HOUSEHOLD_1_272,cautious_group_route,210.0,167.8832232952118,3,27.980537215868633,79.94439204533894,-0.4180314994993664,6,6
TX_1,28,HOUSEHOLD_1_272,croston_sba,210.0,224.69993342703424,3,37.44998890450571,106.99996829858773,23.308005198036795,6,6
TX_1,28,HOUSEHOLD_1_272,direct_general,210.0,167.8832232952118,3,27.980537215868633,79.94439204533894,-0.4180314994993664,6,6
TX_1,28,HOUSEHOLD_1_272,direct_personalized,210.0,172.26949095726013,3,28.711581826210022,82.03309093202863,-2.5404913084847585,6,6
TX_1,28,HOUSEHOLD_1_272,mean_28,210.0,170.00000095367432,3,28.333333492279053,80.95238140651158,-12.380952835083008,6,6
TX_1,28,HOUSEHOLD_1_272,mean_7,210.0,164.00000047683716,3,27.333333412806194,78.0952383223034,16.190476417541504,6,6
TX_1,28,HOUSEHOLD_1_272,tsb,210.0,155.5322323529216,3,25.92203872548693,74.06296778710552,-1.3991315381726923,6,6
TX_1,28,HOUSEHOLD_1_439,cautious_group_route,654.0,270.69225680828094,0,45.11537613471349,41.390253334599535,1.8226442169341086,6,6
TX_1,28,HOUSEHOLD_1_439,croston_sba,654.0,261.98707489904626,0,43.66451248317438,40.05918576438017,3.9161716343871906,6,6
TX_1,28,HOUSEHOLD_1_439,direct_general,654.0,270.69225680828094,0,45.11537613471349,41.390253334599535,1.8226442169341086,6,6
TX_1,28,HOUSEHOLD_1_439,direct_personalized,654.0,262.94297772645945,0,43.82382962107658,40.20534827621704,1.9375538333840305,6,6
TX_1,28,HOUSEHOLD_1_439,mean_28,654.0,334.99999046325684,0,55.83333174387614,51.223240131996455,15.749234890719068,6,6
TX_1,28,HOUSEHOLD_1_439,mean_7,654.0,223.99999988079068,0,37.33333331346511,34.250764507766156,-13.149844743425323,6,6
TX_1,28,HOUSEHOLD_1_439,tsb,654.0,245.07880548558657,0,40.8464675809311,37.47382346874412,4.118652800704746,6,6
TX_1,28,HOUSEHOLD_1_485,cautious_group_route,60.0,27.840830117464066,0,4.640138352910678,46.40138352910677,18.381624172131218,6,6
TX_1,28,HOUSEHOLD_1_485,croston_sba,60.0,24.321423710535232,0,4.053570618422539,40.53570618422539,14.537282790142308,6,6
TX_1,28,HOUSEHOLD_1_485,direct_general,60.0,27.840830117464066,0,4.640138352910678,46.40138352910677,18.381624172131218,6,6
TX_1,28,HOUSEHOLD_1_485,direct_personalized,60.0,26.497330844402313,0,4.416221807400386,44.16221807400385,17.280941506226856,6,6
TX_1,28,HOUSEHOLD_1_485,mean_28,60.0,27.00000011920929,0,4.500000019868215,45.00000019868215,14.999999403953556,6,6
TX_1,28,HOUSEHOLD_1_485,mean_7,60.0,33.999999940395355,0,5.666666656732559,56.66666656732559,-46.6666649778684,6,6
TX_1,28,HOUSEHOLD_1_485,tsb,60.0,23.376553268270847,0,3.8960922113784746,38.96092211378474,-4.060712890921403,6,6
TX_1,28,HOUSEHOLD_2_014,cautious_group_route,16.0,12.34518332323451,1,2.0575305538724185,77.15739577021569,21.31148839713109,6,6
TX_1,28,HOUSEHOLD_2_014,croston_sba,16.0,11.640374284337238,1,1.940062380722873,72.75233927710774,20.528606299361012,6,6
TX_1,28,HOUSEHOLD_2_014,direct_general,16.0,13.917144633829594,1,2.3195241056382656,86.98215396143496,59.72250937484205,6,6
TX_1,28,HOUSEHOLD_2_014,direct_personalized,16.0,14.49325080960989,1,2.4155418016016483,90.58281756006181,45.72391458787024,6,6
TX_1,28,HOUSEHOLD_2_014,mean_28,16.0,11.999999895691872,1,1.9999999826153119,74.9999993480742,2.514570951461792e-06,6,6
TX_1,28,HOUSEHOLD_2_014,mean_7,16.0,16.000001072883606,1,2.666666845480601,100.00000670552254,50.00000670552254,6,6
TX_1,28,HOUSEHOLD_2_014,tsb,16.0,12.34518332323451,1,2.0575305538724185,77.15739577021569,21.31148839713109,6,6
TX_1,28,HOUSEHOLD_2_034,cautious_group_route,15.0,5.776552980287116,0,0.9627588300478527,38.51035320191411,1.307639956506012,6,6
TX_1,28,HOUSEHOLD_2_034,croston_sba,15.0,5.810315424552334,0,0.9683859040920556,38.73543616368223,-10.223853708936206,6,6
TX_1,28,HOUSEHOLD_2_034,direct_general,15.0,7.876340217888355,0,1.3127233696480591,52.50893478592237,52.50893478592237,6,6
TX_1,28,HOUSEHOLD_2_034,direct_personalized,15.0,6.955989249050618,0,1.1593315415084364,46.373261660337455,32.63346359133721,6,6
TX_1,28,HOUSEHOLD_2_034,mean_28,15.0,7.0,0,1.1666666666666667,46.666666666666664,-6.666663885116577,6,6
TX_1,28,HOUSEHOLD_2_034,mean_7,15.0,7.000000536441803,0,1.166666756073634,46.66667024294535,-19.999996423721313,6,6
TX_1,28,HOUSEHOLD_2_034,tsb,15.0,5.776552980287116,0,0.9627588300478527,38.51035320191411,1.307639956506012,6,6
TX_1,28,HOUSEHOLD_2_076,cautious_group_route,84.0,30.26584216952324,0,5.044307028253873,36.03076448752766,6.941417320853188,6,6
TX_1,28,HOUSEHOLD_2_076,croston_sba,84.0,37.46392893126828,0,6.24398815521138,44.599915394366995,2.226812748365692,6,6
TX_1,28,HOUSEHOLD_2_076,direct_general,84.0,30.26584216952324,0,5.044307028253873,36.03076448752766,6.941417320853188,6,6
TX_1,28,HOUSEHOLD_2_076,direct_personalized,84.0,30.82305108010769,0,5.137175180017948,36.69410842869963,5.071578015174178,6,6
TX_1,28,HOUSEHOLD_2_076,mean_28,84.0,40.000000566244125,0,6.666666761040688,47.61904829314777,-7.142854978640868,6,6
TX_1,28,HOUSEHOLD_2_076,mean_7,84.0,53.99999952316284,0,8.99999992052714,64.285713718051,-4.7619024912516235,6,6
TX_1,28,HOUSEHOLD_2_076,tsb,84.0,38.30320257080464,0,6.383867095134107,45.599050679529334,0.5900689205659607,6,6
TX_1,28,HOUSEHOLD_2_087,cautious_group_route,5.0,6.645056315978817,2,1.1075093859964695,132.90112631957635,88.70051037171358,6,6
TX_1,28,HOUSEHOLD_2_087,croston_sba,5.0,6.184590862139715,2,1.0307651436899525,123.69181724279431,118.74959707842838,6,6
TX_1,28,HOUSEHOLD_2_087,direct_general,5.0,20.679717242717743,2,3.446619540452957,413.59434485435486,413.59434485435486,6,6
TX_1,28,HOUSEHOLD_2_087,direct_personalized,5.0,17.633626945316795,2,2.9389378242194657,352.67253890633594,352.67253890633594,6,6
TX_1,28,HOUSEHOLD_2_087,mean_28,5.0,4.000000134110451,2,0.6666666890184084,80.00000268220901,4.470348358154297e-06,6,6
TX_1,28,HOUSEHOLD_2_087,mean_7,5.0,13.000000715255737,2,2.166666785875956,260.00001430511475,220.00001430511475,6,6
TX_1,28,HOUSEHOLD_2_087,tsb,5.0,6.645056315978817,2,1.1075093859964695,132.90112631957635,88.70051037171358,6,6
TX_1,28,HOUSEHOLD_2_118,cautious_group_route,160.0,79.55079206824304,0,13.258465344707174,49.719245042651906,-1.2982635758817107,6,6
TX_1,28,HOUSEHOLD_2_118,croston_sba,160.0,86.54380369447155,0,14.423967282411924,54.089877309044724,-5.830885168393966,6,6
TX_1,28,HOUSEHOLD_2_118,direct_general,160.0,79.55079206824304,0,13.258465344707174,49.719245042651906,-1.2982635758817107,6,6
TX_1,28,HOUSEHOLD_2_118,direct_personalized,160.0,82.44893738627434,0,13.741489564379057,51.53058586642146,-1.2792194820940495,6,6
TX_1,28,HOUSEHOLD_2_118,mean_28,160.0,91.00000047683716,0,15.166666746139526,56.875000298023224,-4.374999701976776,6,6
TX_1,28,HOUSEHOLD_2_118,mean_7,160.0,63.999997496604905,0,10.66666624943415,39.99999843537806,-2.4999990314245224,6,6
TX_1,28,HOUSEHOLD_2_118,tsb,160.0,83.40983007792101,0,13.90163834632017,52.131143798700634,-3.0335956305051615,6,6
TX_1,28,HOUSEHOLD_2_175,cautious_group_route,8.0,21.4989528762417,3,3.58315881270695,268.7369109530212,268.7369109530212,6,6
TX_1,28,HOUSEHOLD_2_175,croston_sba,8.0,10.873797172688358,3,1.812299528781393,135.92246465860447,45.25261143260716,6,6
TX_1,28,HOUSEHOLD_2_175,direct_general,8.0,23.639492884278297,3,3.9399154807130494,295.4936610534787,295.4936610534787,6,6
TX_1,28,HOUSEHOLD_2_175,direct_personalized,8.0,26.126970373094082,3,4.354495062182347,326.587129663676,326.587129663676,6,6
TX_1,28,HOUSEHOLD_2_175,mean_28,8.0,4.000000059604645,3,0.6666666766007742,50.00000074505806,-24.99999925494194,6,6
TX_1,28,HOUSEHOLD_2_175,mean_7,8.0,18.000000476837158,3,3.00000007947286,225.00000596046448,150.00000596046448,6,6
TX_1,28,HOUSEHOLD_2_175,tsb,8.0,8.399221672092104,3,1.3998702786820172,104.99027090115129,29.99027090133034,6,6
TX_1,28,HOUSEHOLD_2_266,cautious_group_route,56.0,52.95334988832474,3,8.825558314720789,94.55955337200847,30.168568130050385,6,6
TX_1,28,HOUSEHOLD_2_266,croston_sba,56.0,91.58035296847714,3,15.263392161412858,163.53634458656634,90.16636976860107,6,6
TX_1,28,HOUSEHOLD_2_266,direct_general,56.0,52.95334988832474,3,8.825558314720789,94.55955337200847,30.168568130050385,6,6
TX_1,28,HOUSEHOLD_2_266,direct_personalized,56.0,56.391395539045334,3,9.398565923174223,100.69892060543809,57.41288795002869,6,6
TX_1,28,HOUSEHOLD_2_266,mean_28,56.0,40.000000953674316,3,6.666666825612386,71.42857313156128,-7.142859697341919,6,6
TX_1,28,HOUSEHOLD_2_266,mean_7,56.0,30.00000011920929,3,5.000000019868215,53.571428784302306,-7.142855226993548,6,6
TX_1,28,HOUSEHOLD_2_266,tsb,56.0,37.34116339774826,3,6.223527232958044,66.68064892455047,-7.963479335133505,6,6
TX_1,28,HOUSEHOLD_2_295,cautious_group_route,80.0,21.59303778409958,0,3.5988396306832633,26.991297230124474,9.261778593063358,6,6
TX_1,28,HOUSEHOLD_2_295,croston_sba,80.0,20.484680040722175,0,3.4141133401203625,25.605850050902717,-2.7469983021780786,6,6
TX_1,28,HOUSEHOLD_2_295,direct_general,80.0,21.59303778409958,0,3.5988396306832633,26.991297230124474,9.261778593063358,6,6
TX_1,28,HOUSEHOLD_2_295,direct_personalized,80.0,20.716674864292145,0,3.452779144048691,25.89584358036518,6.948353871703145,6,6
TX_1,28,HOUSEHOLD_2_295,mean_28,80.0,26.00000095367432,0,4.333333492279054,32.5000011920929,2.499999105930324,6,6
TX_1,28,HOUSEHOLD_2_295,mean_7,80.0,29.999998092651367,0,4.9999996821085615,37.49999761581421,2.384185791015625e-06,6,6
TX_1,28,HOUSEHOLD_2_295,tsb,80.0,19.542333922802143,0,3.257055653800357,24.42791740350268,4.611798752023222,6,6
TX_1,28,HOUSEHOLD_2_315,cautious_group_route,75.0,26.783509582281113,0,4.463918263713519,35.71134610970815,7.5779341459274265,6,6
TX_1,28,HOUSEHOLD_2_315,croston_sba,75.0,26.496443987397505,0,4.416073997899584,35.328591983196674,0.8732369580394183,6,6
TX_1,28,HOUSEHOLD_2_315,direct_general,75.0,26.783509582281113,0,4.463918263713519,35.71134610970815,7.5779341459274265,6,6
TX_1,28,HOUSEHOLD_2_315,direct_personalized,75.0,26.549917429685593,0,4.424986238280932,35.39988990624746,5.340573271115623,6,6
TX_1,28,HOUSEHOLD_2_315,mean_28,75.0,30.999999523162842,0,5.166666587193807,41.33333269755045,9.333330154418942,6,6
TX_1,28,HOUSEHOLD_2_315,mean_7,75.0,40.99999976158142,0,6.833333293596904,54.66666634877523,-9.333329836527502,6,6
TX_1,28,HOUSEHOLD_2_315,tsb,75.0,28.734708279666837,0,4.789118046611139,38.31294437288912,5.459466687072225,6,6
TX_1,28,HOUSEHOLD_2_323,cautious_group_route,145.0,75.86202937364578,0,12.643671562274298,52.31864094734192,-22.76291226518565,6,6
TX_1,28,HOUSEHOLD_2_323,croston_sba,145.0,71.1078052514149,0,11.851300875235816,49.03986569063097,-30.260839197892103,6,6
TX_1,28,HOUSEHOLD_2_323,direct_general,145.0,75.86202937364578,0,12.643671562274298,52.31864094734192,-22.76291226518565,6,6
TX_1,28,HOUSEHOLD_2_323,direct_personalized,145.0,76.29275560379028,0,12.71545926729838,52.61569351985537,-23.86061717723978,6,6
TX_1,28,HOUSEHOLD_2_323,mean_28,145.0,72.99999898672104,0,12.16666649778684,50.34482688739382,-28.275862027858867,6,6
TX_1,28,HOUSEHOLD_2_323,mean_7,145.0,84.99999940395355,0,14.166666567325592,58.6206892441059,-36.55172274030488,6,6
TX_1,28,HOUSEHOLD_2_323,tsb,145.0,76.87414772648201,0,12.812357954413669,53.01665360447035,-28.317807811718954,6,6
TX_1,28,HOUSEHOLD_2_409,cautious_group_route,97.0,27.50804647803307,0,4.584674413005511,28.35881080209595,10.564793907489978,6,6
TX_1,28,HOUSEHOLD_2_409,croston_sba,97.0,32.777347782935124,0,5.462891297155854,33.79108018859291,1.9066714381496945,6,6
TX_1,28,HOUSEHOLD_2_409,direct_general,97.0,27.50804647803307,0,4.584674413005511,28.35881080209595,10.564793907489978,6,6
TX_1,28,HOUSEHOLD_2_409,direct_personalized,97.0,26.852743208408356,0,4.475457201401393,27.683240421039542,7.5017717695727795,6,6
TX_1,28,HOUSEHOLD_2_409,mean_28,97.0,37.99999749660492,0,6.33333291610082,39.17525515113909,8.247421820139147,6,6
TX_1,28,HOUSEHOLD_2_409,mean_7,97.0,35.000000953674316,0,5.833333492279053,36.08247520997352,-5.15463794629598,6,6
TX_1,28,HOUSEHOLD_2_409,tsb,97.0,16.512369455490326,0,2.752061575915054,17.023061294319923,-4.868137622776836,6,6
WI_1,7,FOODS_1_048,cautious_group_route,113.0,35.81325604021549,0,1.4922190016756456,31.6931469382438,-3.577938662693561,24,24
WI_1,7,FOODS_1_048,croston_sba,113.0,33.412816597934864,0,1.3922006915806193,29.568864245960054,-9.457048661442364,24,24
WI_1,7,FOODS_1_048,direct_general,113.0,35.81325604021549,0,1.4922190016756456,31.6931469382438,-3.577938662693561,24,24
WI_1,7,FOODS_1_048,direct_personalized,113.0,36.276032365858555,0,1.5115013485774398,32.10268350960934,-4.584020382798879,24,24
WI_1,7,FOODS_1_048,mean_28,113.0,38.499999552965164,0,1.6041666480402152,34.07079606457094,-6.194690502850356,24,24
WI_1,7,FOODS_1_048,mean_7,113.0,50.000000298023224,0,2.0833333457509675,44.24778787435684,-3.5398206352132613,24,24
WI_1,7,FOODS_1_048,tsb,113.0,39.4125063895643,0,1.6421877662318458,34.87832423855248,-3.810501702352333,24,24
WI_1,7,FOODS_1_098,cautious_group_route,213.0,72.94311004132032,0,3.03929625172168,34.24559156869499,-3.353451769536649,24,24
WI_1,7,FOODS_1_098,croston_sba,213.0,72.56700327623766,0,3.0236251365099025,34.06901562264679,-6.191047630632696,24,24
WI_1,7,FOODS_1_098,direct_general,213.0,72.94311004132032,0,3.03929625172168,34.24559156869499,-3.353451769536649,24,24
WI_1,7,FOODS_1_098,direct_personalized,213.0,72.72121535986662,0,3.0300506399944425,34.141415661909214,-2.3030969703421333,24,24
WI_1,7,FOODS_1_098,mean_28,213.0,70.24999928474426,0,2.927083303531011,32.98122032147618,-2.2300477318920464,24,24
WI_1,7,FOODS_1_098,mean_7,213.0,111.9999990016222,0,4.666666625067592,52.58215915569117,3.567883691151648e-07,24,24
WI_1,7,FOODS_1_098,tsb,213.0,75.25721182811458,0,3.135717159504774,35.33202433244816,-4.810610689469217,24,24
WI_1,7,FOODS_1_111,cautious_group_route,83.0,31.937749363482,0,1.33073955681175,38.47921610058072,6.9226532725684615,24,24
WI_1,7,FOODS_1_111,croston_sba,83.0,29.580975834687653,0,1.2325406597786521,35.639729921310426,-1.7714021258035055,24,24
WI_1,7,FOODS_1_111,direct_general,83.0,31.937749363482,0,1.33073955681175,38.47921610058072,6.9226532725684615,24,24
WI_1,7,FOODS_1_111,direct_personalized,83.0,31.30342374742031,0,1.3043093228091795,37.71496837038592,5.3060648671115755,24,24
WI_1,7,FOODS_1_111,mean_28,83.0,30.249999821186066,0,1.2604166592160861,36.44578291709165,0.301203742084733,24,24
WI_1,7,FOODS_1_111,mean_7,83.0,37.00000049173832,0,1.5416666871557634,44.578313845467854,1.2048214135399784,24,24
WI_1,7,FOODS_1_111,tsb,83.0,33.00538832649984,0,1.37522451360416,39.76552810421668,2.4610520675963548,24,24
WI_1,7,FOODS_2_011,cautious_group_route,146.0,69.28742695599794,7,2.886976123166581,47.457141750683526,-7.667825253654829,24,24
WI_1,7,FOODS_2_011,croston_sba,146.0,110.56401720146542,7,4.606834050061059,75.7287789051133,13.828587712621111,24,24
WI_1,7,FOODS_2_011,direct_general,146.0,69.28742695599794,7,2.886976123166581,47.457141750683526,-7.667825253654829,24,24
WI_1,7,FOODS_2_011,direct_personalized,146.0,69.58806390687823,7,2.899502662786593,47.663057470464544,-6.996574214570322,24,24
WI_1,7,FOODS_2_011,mean_28,146.0,73.74999874830246,7,3.0729166145126023,50.513697772809905,-7.705479023391253,24,24
WI_1,7,FOODS_2_011,mean_7,146.0,59.99999958276748,7,2.4999999826153116,41.0958901251832,-4.109588755320193,24,24
WI_1,7,FOODS_2_011,tsb,146.0,59.789245180298806,7,2.491218549179117,40.951537794725205,-4.293590554519903,24,24
WI_1,7,FOODS_2_030,cautious_group_route,181.0,55.728877495192314,0,2.32203656229968,30.78943508021675,-4.015310921207335,24,24
WI_1,7,FOODS_2_030,croston_sba,181.0,59.4792124384281,0,2.4783005182678375,32.86144333614812,-15.873286704553454,24,24
WI_1,7,FOODS_2_030,direct_general,181.0,55.24176824092865,0,2.301740343372027,30.520313945264448,-3.746189786255033,24,24
WI_1,7,FOODS_2_030,direct_personalized,181.0,55.0917918458581,0,2.295491326910754,30.437454058485137,-2.7151297510328867,24,24
WI_1,7,FOODS_2_030,mean_28,181.0,54.49999988079071,0,2.2708333283662796,30.110497171707575,-3.591160550301905,24,24
WI_1,7,FOODS_2_030,mean_7,181.0,62.99999913573265,0,2.6249999639888606,34.80662935675837,-1.657457625009736,24,24
WI_1,7,FOODS_2_030,tsb,181.0,55.664089081167404,0,2.3193370450486417,30.753640376335582,-2.495166361671096,24,24
WI_1,7,FOODS_2_037,cautious_group_route,60.0,42.41583627089858,3,1.7673265112874408,70.69306045149763,18.65164501592517,24,24
WI_1,7,FOODS_2_037,croston_sba,60.0,38.85235307863181,3,1.618848044942992,64.75392179771968,3.782690555965448,24,24
WI_1,7,FOODS_2_037,direct_general,60.0,42.41583627089858,3,1.7673265112874408,70.69306045149763,18.65164501592517,24,24
WI_1,7,FOODS_2_037,direct_personalized,60.0,41.675255727022886,3,1.7364689886259537,69.45875954503815,16.622722105433542,24,24
WI_1,7,FOODS_2_037,mean_28,60.0,41.749999947845936,3,1.7395833311602473,69.5833332464099,5.41666725029548,24,24
WI_1,7,FOODS_2_037,mean_7,60.0,42.0000002682209,3,1.750000011175871,70.00000044703484,3.079573313395182e-06,24,24
WI_1,7,FOODS_2_037,tsb,60.0,39.567828524237065,3,1.648659521843211,65.94638087372844,6.1747762501832995,24,24
WI_1,7,FOODS_2_091,cautious_group_route,324.0,113.51468700170517,0,4.729778625071049,35.03539722274851,-7.657788822680347,24,24
WI_1,7,FOODS_2_091,croston_sba,324.0,117.2733766729193,0,4.8863906947049704,36.195486627444225,-8.256168687341775,24,24
WI_1,7,FOODS_2_091,direct_general,324.0,113.51468700170517,0,4.729778625071049,35.03539722274851,-7.657788822680347,24,24
WI_1,7,FOODS_2_091,direct_personalized,324.0,115.08022856712341,0,4.795009523630142,35.51858906392698,-7.221394492152297,24,24
WI_1,7,FOODS_2_091,mean_28,324.0,112.74999630451202,0,4.697916512688001,34.799381575466676,-5.632715718245801,24,24
WI_1,7,FOODS_2_091,mean_7,324.0,134.00000032782555,0,5.583333346992731,41.35802479253875,-6.790123410798885,24,24
WI_1,7,FOODS_2_091,tsb,324.0,118.83819508601006,0,4.9515914619170855,36.678455273459896,-4.039887547212512,24,24
WI_1,7,FOODS_2_175,cautious_group_route,1053.0,189.0734272748232,0,7.8780594697843,17.955691099223476,-6.424114378372602,24,24
WI_1,7,FOODS_2_175,croston_sba,1053.0,212.02462838597836,0,8.834359516082431,20.135292344347423,-6.136144129365823,24,24
WI_1,7,FOODS_2_175,direct_general,1053.0,189.0734272748232,0,7.8780594697843,17.955691099223476,-6.424114378372602,24,24
WI_1,7,FOODS_2_175,direct_personalized,1053.0,189.68617659807205,0,7.903590691586335,18.013881918145493,-7.424510736637532,24,24
WI_1,7,FOODS_2_175,mean_28,1053.0,184.4999942779541,0,7.687499761581421,17.521366977963353,-4.036087007151254,24,24
WI_1,7,FOODS_2_175,mean_7,1053.0,271.00000166893005,0,11.29166673620542,25.735992561151953,-4.463437864696648,24,24
WI_1,7,FOODS_2_175,tsb,1053.0,205.12591182366344,0,8.546912992652643,19.480143572997477,-2.6425025007864162,24,24
WI_1,7,FOODS_2_276,cautious_group_route,559.0,152.27913205325603,0,6.344963835552335,27.241347415609308,-0.43465553487989134,24,24
WI_1,7,FOODS_2_276,croston_sba,559.0,158.8573514930921,0,6.61905631221217,28.41813085744045,-1.4940971791247883,24,24
WI_1,7,FOODS_2_276,direct_general,559.0,152.27913205325603,0,6.344963835552335,27.241347415609308,-0.43465553487989134,24,24
WI_1,7,FOODS_2_276,direct_personalized,559.0,149.28791247308254,0,6.220329686378439,26.7062455229128,-0.9753164670335165,24,24
WI_1,7,FOODS_2_276,mean_28,559.0,166.25000309944153,0,6.92708346247673,29.740608783442134,1.3864035683155906,24,24
WI_1,7,FOODS_2_276,mean_7,559.0,189.0000059604645,0,7.875000248352688,33.81037673711351,-1.252236349211605,24,24
WI_1,7,FOODS_2_276,tsb,559.0,155.24160879886065,0,6.468400366619194,27.77130747743482,3.0582711720907327,24,24
WI_1,7,FOODS_3_087,cautious_group_route,190.0,73.9263487458229,0,3.0802645310759544,38.90860460306469,4.528830537670537,24,24
WI_1,7,FOODS_3_087,croston_sba,190.0,79.1929472788354,0,3.2997061366181417,41.68049856780811,1.9738784257559743,24,24
WI_1,7,FOODS_3_087,direct_general,190.0,73.9263487458229,0,3.0802645310759544,38.90860460306469,4.528830537670537,24,24
WI_1,7,FOODS_3_087,direct_personalized,190.0,75.40488862246275,0,3.1418703592692814,39.68678348550671,5.8657874519887745,24,24
WI_1,7,FOODS_3_087,mean_28,190.0,77.24999970197678,0,3.2187499875823655,40.657894579987776,3.0263151934272345,24,24
WI_1,7,FOODS_3_087,mean_7,190.0,100.99999935925007,0,4.20833330663542,53.1578943996053,0.5263164404191469,24,24
WI_1,7,FOODS_3_087,tsb,190.0,81.5519486560467,0,3.3979978606686125,42.92207824002458,3.949017047039633,24,24
WI_1,7,FOODS_3_289,cautious_group_route,82.0,38.38181212544441,0,1.5992421718935173,46.80708795785904,8.152002950267095,24,24
WI_1,7,FOODS_3_289,croston_sba,82.0,35.91900317658845,0,1.4966251323578519,43.80366241047372,-2.1803051835206153,24,24
WI_1,7,FOODS_3_289,direct_general,82.0,38.38181212544441,0,1.5992421718935173,46.80708795785904,8.152002950267095,24,24
WI_1,7,FOODS_3_289,direct_personalized,82.0,38.26481036841869,0,1.5943670986841123,46.66440288831548,6.203458149258683,24,24
WI_1,7,FOODS_3_289,mean_28,82.0,38.99999997019768,0,1.6249999987582366,47.5609755734118,1.8292673113869458,24,24
WI_1,7,FOODS_3_289,mean_7,82.0,47.000000685453415,0,1.9583333618938923,57.31707400665051,-3.6585334234121367,24,24
WI_1,7,FOODS_3_289,tsb,82.0,40.55072071536428,0,1.6896133631401782,49.45209843337107,-0.9098023595707156,24,24
WI_1,7,FOODS_3_329,cautious_group_route,1590.0,450.0392902344465,0,18.751637093101937,28.304357876380283,-4.5886992180497375,24,24
WI_1,7,FOODS_3_329,croston_sba,1590.0,399.59881677503336,0,16.649950698959724,25.132001055033545,-6.259130875850922,24,24
WI_1,7,FOODS_3_329,direct_general,1590.0,450.0392902344465,0,18.751637093101937,28.304357876380283,-4.5886992180497375,24,24
WI_1,7,FOODS_3_329,direct_personalized,1590.0,448.5235226601362,0,18.68848011083901,28.209026582398504,-5.486499778692076,24,24
WI_1,7,FOODS_3_329,mean_28,1590.0,482.25,0,20.09375,30.330188679245282,-1.8710694223080042,24,24
WI_1,7,FOODS_3_329,mean_7,1590.0,506.0000009536743,0,21.083333373069763,31.823899431048698,-0.3773585505455545,24,24
WI_1,7,FOODS_3_329,tsb,1590.0,461.28501474434177,0,19.220208947680906,29.01163614744288,-0.09651460520653973,24,24
WI_1,7,FOODS_3_413,cautious_group_route,1384.0,245.74754954874518,0,10.239481231197717,17.75632583444691,-2.9000882608439182,24,24
WI_1,7,FOODS_3_413,croston_sba,1384.0,252.6086509251047,0,10.525360455212697,18.25207015354803,-3.1070411447577695,24,24
WI_1,7,FOODS_3_413,direct_general,1384.0,245.74754954874518,0,10.239481231197717,17.75632583444691,-2.9000882608439182,24,24
WI_1,7,FOODS_3_413,direct_personalized,1384.0,259.54087510704994,0,10.814203129460415,18.75295340368858,-3.666041231568838,24,24
WI_1,7,FOODS_3_413,mean_28,1384.0,247.25000476837158,0,10.302083532015482,17.864884737599102,0.018063101465302395,24,24
WI_1,7,FOODS_3_413,mean_7,1384.0,293.00001430511475,0,12.208333929379782,21.17052126482043,-0.6502874324776509,24,24
WI_1,7,FOODS_3_413,tsb,1384.0,256.2789133426928,0,10.678288055945535,18.517262524761044,2.0817104949329144,24,24
WI_1,7,FOODS_3_478,cautious_group_route,201.0,94.97051252424717,1,3.9571046885102987,47.24901120609312,-5.933111765194891,24,24
WI_1,7,FOODS_3_478,croston_sba,201.0,94.2200351293962,1,3.9258347970581746,46.87563936785881,-10.656283942897357,24,24
WI_1,7,FOODS_3_478,direct_general,201.0,94.97051252424717,1,3.9571046885102987,47.24901120609312,-5.933111765194891,24,24
WI_1,7,FOODS_3_478,direct_personalized,201.0,95.58503992110491,1,3.9827099967127046,47.554746229405424,-5.634439684710098,24,24
WI_1,7,FOODS_3_478,mean_28,201.0,85.49999964237213,1,3.562499985098839,42.53731325491151,-7.960199301515646,24,24
WI_1,7,FOODS_3_478,mean_7,201.0,120.99999871850014,1,5.041666613270839,60.19900433756226,-5.4726357038934434,24,24
WI_1,7,FOODS_3_478,tsb,201.0,97.22713906694155,1,4.051130794455898,48.37171097857788,-3.5632325274414445,24,24
WI_1,7,FOODS_3_530,cautious_group_route,1333.0,263.65207040309906,0,10.985502933462461,19.778849992730613,-0.8297297530664323,24,24
WI_1,7,FOODS_3_530,croston_sba,1333.0,267.77794474583254,0,11.15741436440969,20.08836794792442,-1.2207518041196583,24,24
WI_1,7,FOODS_3_530,direct_general,1333.0,263.65207040309906,0,10.985502933462461,19.778849992730613,-0.8297297530664323,24,24
WI_1,7,FOODS_3_530,direct_personalized,1333.0,268.84706795215607,0,11.20196116467317,20.168572239471573,-1.0036052257068506,24,24
WI_1,7,FOODS_3_530,mean_28,1333.0,277.4999957084656,0,11.562499821186066,20.81770410416096,3.150786588000606,24,24
WI_1,7,FOODS_3_530,mean_7,1333.0,337.99999380111694,0,14.08333307504654,25.356338619738704,1.5003747718278757,24,24
WI_1,7,FOODS_3_530,tsb,1333.0,265.2115193434432,0,11.050479972643465,19.895837910235798,4.047652706803029,24,24
WI_1,7,FOODS_3_603,cautious_group_route,723.0,241.82951766997576,0,10.076229902915657,33.448066067769815,-6.399085380930459,24,24
WI_1,7,FOODS_3_603,croston_sba,723.0,268.88009480401865,0,11.203337283500778,37.18950135601918,-1.5257490241205347,24,24
WI_1,7,FOODS_3_603,direct_general,723.0,241.82951766997576,0,10.076229902915657,33.448066067769815,-6.399085380930459,24,24
WI_1,7,FOODS_3_603,direct_personalized,723.0,236.56714702397585,0,9.856964459332326,32.72021397288739,-8.790854663481191,24,24
WI_1,7,FOODS_3_603,mean_28,723.0,256.25000047683716,0,10.677083353201548,35.442600342577755,1.0027659879185855,24,24
WI_1,7,FOODS_3_603,mean_7,723.0,308.0000044107437,0,12.83333351711432,42.60027723523426,0.2766254861654922,24,24
WI_1,7,FOODS_3_603,tsb,723.0,240.94154202529933,0,10.039230917720806,33.32524785965413,0.23221751525278045,24,24
WI_1,7,FOODS_3_679,cautious_group_route,172.0,73.63483779877424,0,3.0681182416155934,42.810952208589676,-1.5158627485466538,24,24
WI_1,7,FOODS_3_679,croston_sba,172.0,69.91252758544707,0,2.9130219827269612,40.646818363632015,-6.317407002915053,24,24
WI_1,7,FOODS_3_679,direct_general,172.0,73.63483779877424,0,3.0681182416155934,42.810952208589676,-1.5158627485466538,24,24
WI_1,7,FOODS_3_679,direct_personalized,172.0,74.03781654685736,0,3.084909022785723,43.04524217840544,-1.6446898019937592,24,24
WI_1,7,FOODS_3_679,mean_28,172.0,74.99999976158142,0,3.1249999900658927,43.60465102417525,-4.0697680656300035,24,24
WI_1,7,FOODS_3_679,mean_7,172.0,89.99999970197678,0,3.7499999875823655,52.32558122207952,-4.6511619243510935,24,24
WI_1,7,FOODS_3_679,tsb,172.0,71.22801013025284,0,2.967833755427202,41.41163379665863,-2.556029303817158,24,24
WI_1,7,FOODS_3_686,cautious_group_route,148.0,53.64559409767389,0,2.235233087403079,36.24702303896885,-3.2306604943162687,24,24
WI_1,7,FOODS_3_686,croston_sba,148.0,50.130134991417,0,2.088755624642375,33.87171283203851,-4.6407527684662115,24,24
WI_1,7,FOODS_3_686,direct_general,148.0,53.64559409767389,0,2.235233087403079,36.24702303896885,-3.2306604943162687,24,24
WI_1,7,FOODS_3_686,direct_personalized,148.0,54.27245829254389,0,2.261352428855995,36.67057992739452,-3.5945639467319928,24,24
WI_1,7,FOODS_3_686,mean_28,148.0,55.24999976158142,0,2.3020833233992257,37.33108091998745,-0.8445950778754981,24,24
WI_1,7,FOODS_3_686,mean_7,148.0,61.000002175569534,0,2.5416667573153973,41.216217686195634,-2.027024550212396,24,24
WI_1,7,FOODS_3_686,tsb,148.0,59.72141493694165,0,2.4883922890392354,40.352307389825434,-0.1953537218081465,24,24
WI_1,7,FOODS_3_691,cautious_group_route,59.0,38.91553397476673,2,1.6214805822819471,65.95853216062157,19.456095463138517,24,24
WI_1,7,FOODS_3_691,croston_sba,59.0,35.63207345360595,2,1.4846697272335811,60.39334483662025,10.089659502138645,24,24
WI_1,7,FOODS_3_691,direct_general,59.0,38.91553397476673,2,1.6214805822819471,65.95853216062157,19.456095463138517,24,24
WI_1,7,FOODS_3_691,direct_personalized,59.0,38.93825459852815,2,1.6224272749386728,65.99704169242058,17.619189601075853,24,24
WI_1,7,FOODS_3_691,mean_28,59.0,38.99999950826168,2,1.6249999795109034,66.10169408179947,7.627118770348823,24,24
WI_1,7,FOODS_3_691,mean_7,59.0,40.000001057982445,2,1.6666667107492685,67.7966119626821,3.3898337160126637,24,24
WI_1,7,FOODS_3_691,tsb,59.0,36.74201640562394,2,1.530917350234331,62.27460407732872,7.3579371928284605,24,24
WI_1,7,HOBBIES_1_008,cautious_group_route,524.0,192.0950519889593,0,8.003960499539971,36.65936106659529,-1.708476504183001,24,24
WI_1,7,HOBBIES_1_008,croston_sba,524.0,181.74769890084502,0,7.57282078753521,34.684675362756686,-4.268458136954097,24,24
WI_1,7,HOBBIES_1_008,direct_general,524.0,192.0950519889593,0,8.003960499539971,36.65936106659529,-1.708476504183001,24,24
WI_1,7,HOBBIES_1_008,direct_personalized,524.0,189.5114829391241,0,7.896311789130171,36.166313538000786,-3.268719876881773,24,24
WI_1,7,HOBBIES_1_008,mean_28,524.0,203.7499942779541,0,8.489583094914755,38.88358669426605,-2.8148861331794115,24,24
WI_1,7,HOBBIES_1_008,mean_7,524.0,215.00000317394733,0,8.95833346558114,41.03053495686018,-0.19083957237596627,24,24
WI_1,7,HOBBIES_1_008,tsb,524.0,188.9610941350645,0,7.873378922294354,36.0612775066917,0.9664408646790777,24,24
WI_1,7,HOBBIES_1_056,cautious_group_route,392.0,104.95396621525288,0,4.373081925635536,26.773970973278796,-2.7537290272968145,24,24
WI_1,7,HOBBIES_1_056,croston_sba,392.0,102.706047514455,0,4.279418646435625,26.20052232511607,-1.9079998699548173,24,24
WI_1,7,HOBBIES_1_056,direct_general,392.0,104.95396621525288,0,4.373081925635536,26.773970973278796,-2.7537290272968145,24,24
WI_1,7,HOBBIES_1_056,direct_personalized,392.0,99.98068523406982,0,4.16586188475291,25.505276845425975,-3.3748792674468464,24,24
WI_1,7,HOBBIES_1_056,mean_28,392.0,117.75000071525574,0,4.906250029802322,30.038265488585647,-0.9566328355244232,24,24
WI_1,7,HOBBIES_1_056,mean_7,392.0,96.00000059604645,0,4.000000024835269,24.489796070420013,-0.51020405122212,24,24
WI_1,7,HOBBIES_1_056,tsb,392.0,100.04152422474863,0,4.1683968426978595,25.520796996109343,0.69105278034815,24,24
WI_1,7,HOBBIES_1_066,cautious_group_route,26.0,26.78105874966216,12,1.1158774479025901,103.00407211408523,4.695542048012809,24,24
WI_1,7,HOBBIES_1_066,croston_sba,26.0,28.01637320666549,12,1.1673488836110621,107.75528156409806,33.758538648489626,24,24
WI_1,7,HOBBIES_1_066,direct_general,26.0,25.411414846777916,12,1.0588089519490798,97.73621094914583,32.711283232157044,24,24
WI_1,7,HOBBIES_1_066,direct_personalized,26.0,24.89854414202273,12,1.0374393392509471,95.76363131547204,16.86432350856754,24,24
WI_1,7,HOBBIES_1_066,mean_28,26.0,23.99999998882413,12,0.9999999995343387,92.3076922647082,11.538462011286846,24,24
WI_1,7,HOBBIES_1_066,mean_7,26.0,29.00000064074993,12,1.2083333600312471,111.53846400288435,-3.8461503501121816,24,24
WI_1,7,HOBBIES_1_066,tsb,26.0,26.78105874966216,12,1.1158774479025901,103.00407211408523,4.695542048012809,24,24
WI_1,7,HOBBIES_1_074,cautious_group_route,114.0,59.77974344789982,0,2.4908226436624923,52.43837144552616,0.3482401240290257,24,24
WI_1,7,HOBBIES_1_074,croston_sba,114.0,56.99030203260588,0,2.374595918025245,49.9914930110578,-5.268501554850342,24,24
WI_1,7,HOBBIES_1_074,direct_general,114.0,59.77974344789982,0,2.4908226436624923,52.43837144552616,0.3482401240290257,24,24
WI_1,7,HOBBIES_1_074,direct_personalized,114.0,59.836450569331646,0,2.4931854403888187,52.48811453450144,-1.2268002030619412,24,24
WI_1,7,HOBBIES_1_074,mean_28,114.0,61.49999997019768,0,2.5624999987582364,53.94736839491024,-2.631579444073794,24,24
WI_1,7,HOBBIES_1_074,mean_7,114.0,68.00000005960464,0,2.83333333581686,59.64912285930232,-5.263156587617441,24,24
WI_1,7,HOBBIES_1_074,tsb,114.0,61.874204620279514,0,2.578091859178313,54.27561808796449,-0.7974813086029067,24,24
WI_1,7,HOBBIES_1_095,cautious_group_route,94.0,47.927328165620565,2,1.996972006900857,50.98651932512826,-4.350725319632823,24,24
WI_1,7,HOBBIES_1_095,croston_sba,94.0,50.046348744361914,2,2.08526453101508,53.24079653655522,-8.875527613048334,24,24
WI_1,7,HOBBIES_1_095,direct_general,94.0,47.927328165620565,2,1.996972006900857,50.98651932512826,-4.350725319632823,24,24
WI_1,7,HOBBIES_1_095,direct_personalized,94.0,48.1377107873559,2,2.0057379494731626,51.210330624846705,-5.818450902687743,24,24
WI_1,7,HOBBIES_1_095,mean_28,94.0,45.50000050663948,2,1.8958333544433117,48.40425585812711,-5.851064558992994,24,24
WI_1,7,HOBBIES_1_095,mean_7,94.0,64.0000000745058,2,2.6666666697710752,68.08510646224022,2.1400603842228018e-06,24,24
WI_1,7,HOBBIES_1_095,tsb,94.0,53.77849203311219,2,2.2407705013796746,57.21116173735339,-7.372573908813728,24,24
WI_1,7,HOBBIES_1_097,cautious_group_route,123.0,40.4104785695672,1,1.6837699403986335,32.85404761753431,-1.3728811064871342,24,24
WI_1,7,HOBBIES_1_097,croston_sba,123.0,41.57161098971757,1,1.7321504579048987,33.79805771521754,-5.556556172599424,24,24
WI_1,7,HOBBIES_1_097,direct_general,123.0,40.4104785695672,1,1.6837699403986335,32.85404761753431,-1.3728811064871342,24,24
WI_1,7,HOBBIES_1_097,direct_personalized,123.0,41.8050190359354,1,1.741875793163975,33.98782035441903,-1.0630758312659523,24,24
WI_1,7,HOBBIES_1_097,mean_28,123.0,41.25000050663948,1,1.7187500211099784,33.536585777755676,-5.487804659983007,24,24
WI_1,7,HOBBIES_1_097,mean_7,123.0,49.00000041723251,1,2.041666684051355,39.83739871319717,-0.8130065793913555,24,24
WI_1,7,HOBBIES_1_097,tsb,123.0,43.318553105423106,1,1.8049397127259628,35.21833585806757,-4.368723666453122,24,24
WI_1,7,HOBBIES_1_112,cautious_group_route,10.0,19.90970808039396,19,0.8295711700164149,199.0970808039396,61.715815810275316,24,24
WI_1,7,HOBBIES_1_112,croston_sba,10.0,24.488284697111755,19,1.0203451957129899,244.88284697111754,78.89902567584093,24,24
WI_1,7,HOBBIES_1_112,direct_general,10.0,18.188498510979116,19,0.7578541046241298,181.88498510979116,59.05277951620519,24,24
WI_1,7,HOBBIES_1_112,direct_personalized,10.0,17.317629345692694,19,0.7215678894038623,173.17629345692694,49.554437259212136,24,24
WI_1,7,HOBBIES_1_112,mean_28,10.0,10.750000044703484,19,0.44791666852931183,107.50000044703484,-22.49999836087227,24,24
WI_1,7,HOBBIES_1_112,mean_7,10.0,16.000000149011612,19,0.6666666728754839,160.00000149011612,2.384185791015625e-06,24,24
WI_1,7,HOBBIES_1_112,tsb,10.0,14.210863234987247,19,0.592119301457802,142.1086323498725,-6.460093513342507,24,24
WI_1,7,HOBBIES_1_142,cautious_group_route,415.0,128.23974633216858,0,5.343322763840358,30.901143694498455,-4.628272595175776,24,24
WI_1,7,HOBBIES_1_142,croston_sba,415.0,127.21162280998726,0,5.300484283749469,30.653403086743918,-1.8475099343899495,24,24
WI_1,7,HOBBIES_1_142,direct_general,415.0,128.23974633216858,0,5.343322763840358,30.901143694498455,-4.628272595175776,24,24
WI_1,7,HOBBIES_1_142,direct_personalized,415.0,127.72356955707073,0,5.321815398211281,30.776763748691742,-5.6024075667542155,24,24
WI_1,7,HOBBIES_1_142,mean_28,415.0,129.5000001192093,0,5.395833338300387,31.204819305833563,-0.9638549908097968,24,24
WI_1,7,HOBBIES_1_142,mean_7,415.0,133.9999982714653,0,5.583333261311054,32.28915620999164,-0.9638560967273023,24,24
WI_1,7,HOBBIES_1_142,tsb,415.0,124.14094795360882,0,5.172539498067034,29.91348143460453,-0.6679206148197487,24,24
WI_1,7,HOBBIES_1_153,cautious_group_route,487.0,109.0892299413681,0,4.545384580890338,22.400252554695708,-1.3653423813089447,24,24
WI_1,7,HOBBIES_1_153,croston_sba,487.0,109.75963056627232,0,4.573317940261346,22.537911820589798,-2.139077801368593,24,24
WI_1,7,HOBBIES_1_153,direct_general,487.0,109.0892299413681,0,4.545384580890338,22.400252554695708,-1.3653423813089447,24,24
WI_1,7,HOBBIES_1_153,direct_personalized,487.0,110.09212160110474,0,4.587171733379364,22.60618513369707,-3.565749140490743,24,24
WI_1,7,HOBBIES_1_153,mean_28,487.0,99.25000071525575,0,4.135416696468989,20.379876943584343,-1.386037205768561,24,24
WI_1,7,HOBBIES_1_153,mean_7,487.0,141.00000417232513,0,5.875000173846881,28.952772930662245,-1.4373708554606643,24,24
WI_1,7,HOBBIES_1_153,tsb,487.0,108.65935520405449,0,4.52747313350227,22.31198258810154,2.4073239031332445,24,24
WI_1,7,HOBBIES_1_198,cautious_group_route,37.0,27.906187785840206,6,1.1627578244100085,75.42212915091947,6.6491242692489365,24,24
WI_1,7,HOBBIES_1_198,croston_sba,37.0,27.029868143476396,6,1.1262445059781832,73.05369768507134,1.537813177606232,24,24
WI_1,7,HOBBIES_1_198,direct_general,37.0,29.107042994350195,6,1.2127934580979247,78.66768376851404,15.570604932066557,24,24
WI_1,7,HOBBIES_1_198,direct_personalized,37.0,28.79040952771902,6,1.1996003969882925,77.81191764248383,12.394376582390553,24,24
WI_1,7,HOBBIES_1_198,mean_28,37.0,28.250000327825546,6,1.177083346992731,76.35135223736634,-4.729727796606116,24,24
WI_1,7,HOBBIES_1_198,mean_7,37.0,32.000000700354576,6,1.333333362514774,86.48648837933669,5.405408989738774,24,24
WI_1,7,HOBBIES_1_198,tsb,37.0,26.59927880537161,6,1.1083032835571505,71.88994271722056,0.6011408426169318,24,24
WI_1,7,HOBBIES_1_203,cautious_group_route,203.0,53.83199596405029,0,2.2429998318354287,26.518224612832658,-0.25192425756031567,24,24
WI_1,7,HOBBIES_1_203,croston_sba,203.0,48.857564827082996,0,2.035731867795125,24.067765924671427,-1.0906867181576336,24,24
WI_1,7,HOBBIES_1_203,direct_general,203.0,53.83199596405029,0,2.2429998318354287,26.518224612832658,-0.25192425756031567,24,24
WI_1,7,HOBBIES_1_203,direct_personalized,203.0,52.545398622751236,0,2.1893916092813015,25.88443281908928,1.037602809262397,24,24
WI_1,7,HOBBIES_1_203,mean_28,203.0,55.2500017285347,0,2.3020834053556123,27.216749619967832,0.8620691710504992,24,24
WI_1,7,HOBBIES_1_203,mean_7,203.0,64.0000005364418,0,2.6666666890184083,31.52709386031616,1.0276662901059255e-06,24,24
WI_1,7,HOBBIES_1_203,tsb,203.0,53.50841850712791,0,2.229517437796996,26.358826850801925,2.1965663206244903,24,24
WI_1,7,HOBBIES_1_261,cautious_group_route,653.0,192.09909462284202,0,8.004128942618417,29.417931795228487,-10.527476101446108,24,24
WI_1,7,HOBBIES_1_261,croston_sba,653.0,277.8551679605088,0,11.577298665021202,42.55056170911314,-15.230039136596208,24,24
WI_1,7,HOBBIES_1_261,direct_general,653.0,191.510252058506,0,7.979593835771084,29.327756823660952,-10.437301129878572,24,24
WI_1,7,HOBBIES_1_261,direct_personalized,653.0,198.63158140331507,0,8.276315891804794,30.41831261919067,-14.567857103316744,24,24
WI_1,7,HOBBIES_1_261,mean_28,653.0,209.74999791383743,0,8.739583246409893,32.12097977241002,-6.163858938363206,24,24
WI_1,7,HOBBIES_1_261,mean_7,653.0,309.000003695488,0,12.875000153978666,47.32006182166738,-2.2970900418747418,24,24
WI_1,7,HOBBIES_1_261,tsb,653.0,222.87530821640559,0,9.286471175683566,34.130981350138676,-1.7916008470328335,24,24
WI_1,7,HOBBIES_1_265,cautious_group_route,44.0,25.261796332837875,4,1.0525748472015781,57.413173483722446,14.899826396058485,24,24
WI_1,7,HOBBIES_1_265,croston_sba,44.0,24.966371301468005,4,1.0402654708945003,56.741752957881836,-1.3785287098708954,24,24
WI_1,7,HOBBIES_1_265,direct_general,44.0,25.26948407292366,4,1.0528951697051525,57.43064562028105,15.73068640110168,24,24
WI_1,7,HOBBIES_1_265,direct_personalized,44.0,24.732978023588657,4,1.0305407509828608,56.21131368997422,12.849942747164857,24,24
WI_1,7,HOBBIES_1_265,mean_28,44.0,25.250000193715096,4,1.0520833414047956,57.38636407662522,6.250001253052191,24,24
WI_1,7,HOBBIES_1_265,mean_7,44.0,33.000000447034836,4,1.3750000186264515,75.00000101598826,6.818185408007015,24,24
WI_1,7,HOBBIES_1_265,tsb,44.0,27.261342205706825,4,1.1358892585711178,61.95759592206096,12.43740141413922,24,24
WI_1,7,HOBBIES_1_285,cautious_group_route,17.0,14.825099327341032,15,0.617712471972543,87.20646663141783,-31.252245093630343,24,24
WI_1,7,HOBBIES_1_285,croston_sba,17.0,20.195557353442297,15,0.841481556393429,118.79739619671939,-29.940381378620962,24,24
WI_1,7,HOBBIES_1_285,direct_general,17.0,21.766879564151168,15,0.9069533151729653,128.04046802441863,35.6176507056636,24,24
WI_1,7,HOBBIES_1_285,direct_personalized,17.0,24.909755889326334,15,1.0379064953885972,146.52797581956668,67.19893854768837,24,24
WI_1,7,HOBBIES_1_285,mean_28,17.0,15.250000022351742,15,0.6354166675979892,89.705882484422,-33.82352814078331,24,24
WI_1,7,HOBBIES_1_285,mean_7,17.0,18.000000298023224,15,0.7500000124176344,105.88235469425426,-11.764702551505145,24,24
WI_1,7,HOBBIES_1_285,tsb,17.0,14.825099327341032,15,0.617712471972543,87.20646663141783,-31.252245093630343,24,24
WI_1,7,HOBBIES_1_290,cautious_group_route,10.0,13.011623261998043,14,0.5421509692499185,130.11623261998042,19.204730214868658,24,24
WI_1,7,HOBBIES_1_290,croston_sba,10.0,12.585944175819028,14,0.5244143406591262,125.85944175819029,37.28280048480432,24,24
WI_1,7,HOBBIES_1_290,direct_general,10.0,14.926975507289171,14,0.6219573128037155,149.2697550728917,97.75095921009779,24,24
WI_1,7,HOBBIES_1_290,direct_personalized,10.0,16.023752326145768,14,0.6676563469227403,160.23752326145768,112.3967963643372,24,24
WI_1,7,HOBBIES_1_290,mean_28,10.0,12.000000115484,14,0.5000000048118333,120.00000115483999,15.000003315508366,24,24
WI_1,7,HOBBIES_1_290,mean_7,10.0,12.000000447034836,14,0.5000000186264515,120.00000447034836,4.470348358154297e-06,24,24
WI_1,7,HOBBIES_1_290,tsb,10.0,13.011623261998043,14,0.5421509692499185,130.11623261998042,19.204730214868658,24,24
WI_1,7,HOBBIES_1_331,cautious_group_route,68.0,40.185784846544266,4,1.6744077019393444,59.096742421388626,0.45770965516567097,24,24
WI_1,7,HOBBIES_1_331,croston_sba,68.0,44.18306938122392,4,1.8409612242176634,64.97510203121165,3.0302751043128917,24,24
WI_1,7,HOBBIES_1_331,direct_general,68.0,40.185784846544266,4,1.6744077019393444,59.096742421388626,0.45770965516567097,24,24
WI_1,7,HOBBIES_1_331,direct_personalized,68.0,39.763319563120604,4,1.656804981796692,58.475469945765596,-4.62704730932327,24,24
WI_1,7,HOBBIES_1_331,mean_28,68.0,44.25000029057264,4,1.8437500121071935,65.07352983907742,-6.249999375466039,24,24
WI_1,7,HOBBIES_1_331,mean_7,68.0,55.00000037252903,4,2.2916666821887097,80.88235348901328,1.4705906238626032,24,24
WI_1,7,HOBBIES_1_331,tsb,68.0,45.574995962470155,4,1.898958165102923,67.02205288598553,3.3044314523931595,24,24
WI_1,7,HOBBIES_1_351,cautious_group_route,112.0,41.26403037458658,0,1.7193345989411075,36.842884263023734,-3.2426266465336075,24,24
WI_1,7,HOBBIES_1_351,croston_sba,112.0,38.1259485549513,0,1.5885811897896376,34.041025495492235,-6.529240566116094,24,24
WI_1,7,HOBBIES_1_351,direct_general,112.0,41.26403037458658,0,1.7193345989411075,36.842884263023734,-3.2426266465336075,24,24
WI_1,7,HOBBIES_1_351,direct_personalized,112.0,41.42319466918707,0,1.7259664445494611,36.9849952403456,-4.722617120881166,24,24
WI_1,7,HOBBIES_1_351,mean_28,112.0,41.500000566244125,0,1.729166690260172,37.05357193414654,-4.017856903374195,24,24
WI_1,7,HOBBIES_1_351,mean_7,112.0,58.99999998509884,0,2.4583333327124515,52.67857141526682,-2.678569871932268,24,24
WI_1,7,HOBBIES_1_351,tsb,112.0,45.53010755128007,0,1.8970878146366694,40.65188174221435,-4.5013136502845255,24,24
WI_1,7,HOBBIES_2_043,cautious_group_route,154.0,85.73636364936829,0,3.572348485390345,55.67296340868071,-1.0716501962054836,24,24
WI_1,7,HOBBIES_2_043,croston_sba,154.0,88.57941737902854,0,3.6908090574595227,57.51910219417438,-3.3693967367066002,24,24
WI_1,7,HOBBIES_2_043,direct_general,154.0,85.73636364936829,0,3.572348485390345,55.67296340868071,-1.0716501962054836,24,24
WI_1,7,HOBBIES_2_043,direct_personalized,154.0,86.94351623952389,0,3.622646509980162,56.456828726963565,0.21508603126971984,24,24
WI_1,7,HOBBIES_2_043,mean_28,154.0,92.0000002682209,0,3.8333333445092044,59.74025991442916,-4.870130121707916,24,24
WI_1,7,HOBBIES_2_043,mean_7,154.0,92.00000002980232,0,3.8333333345750966,59.740259759611895,-3.896102715622295,24,24
WI_1,7,HOBBIES_2_043,tsb,154.0,85.8716677211504,0,3.5779861550479333,55.76082319555221,-1.7989682869194827,24,24
WI_1,7,HOBBIES_2_091,cautious_group_route,70.0,38.93689479678869,2,1.6223706165328622,55.624135423983844,3.8830022407429543,24,24
WI_1,7,HOBBIES_2_091,croston_sba,70.0,37.89268162787191,2,1.578861734494663,54.132402325531295,2.7153204620333136,24,24
WI_1,7,HOBBIES_2_091,direct_general,70.0,38.93689479678869,2,1.6223706165328622,55.624135423983844,3.8830022407429543,24,24
WI_1,7,HOBBIES_2_091,direct_personalized,70.0,39.67427200824022,2,1.6530946670100093,56.677531440343174,4.27788179899965,24,24
WI_1,7,HOBBIES_2_091,mean_28,70.0,37.000000804662704,2,1.5416667001942794,52.85714400666101,2.8571435809135437,24,24
WI_1,7,HOBBIES_2_091,mean_7,70.0,53.999999687075615,2,2.249999986961484,77.1428566958223,1.9371509552001953e-06,24,24
WI_1,7,HOBBIES_2_091,tsb,70.0,40.14678736140744,2,1.67278280672531,57.3525533734392,-2.1878111247293144,24,24
WI_1,7,HOUSEHOLD_1_016,cautious_group_route,98.0,44.65237724072712,1,1.86051571836363,45.56365024563992,-5.062071994299862,24,24
WI_1,7,HOUSEHOLD_1_016,croston_sba,98.0,44.25381104600209,1,1.8439087935834204,45.15695004694091,-15.483496921294192,24,24
WI_1,7,HOUSEHOLD_1_016,direct_general,98.0,44.710406593978405,1,1.8629336080824335,45.62286387140654,-6.319827898120392,24,24
WI_1,7,HOUSEHOLD_1_016,direct_personalized,98.0,44.77611277997494,1,1.865671365832289,45.68991099997442,-7.80716573401373,24,24
WI_1,7,HOUSEHOLD_1_016,mean_28,98.0,48.75000023469329,1,2.031250009778887,49.74489819866662,-9.948979344751153,24,24
WI_1,7,HOUSEHOLD_1_016,mean_7,98.0,61.00000061094761,1,2.541666692122817,62.2448985825996,-3.061222072158541,24,24
WI_1,7,HOUSEHOLD_1_016,tsb,98.0,48.199153228830504,1,2.008298051201271,49.18280941717398,-7.6767202763887274,24,24
WI_1,7,HOUSEHOLD_1_117,cautious_group_route,118.0,44.963544458150864,0,1.8734810190896194,38.10469869334819,9.665731315390538,24,24
WI_1,7,HOUSEHOLD_1_117,croston_sba,118.0,43.08861389828617,0,1.7953589124285905,36.51577449007302,3.407843086508131,24,24
WI_1,7,HOUSEHOLD_1_117,direct_general,118.0,44.963544458150864,0,1.8734810190896194,38.10469869334819,9.665731315390538,24,24
WI_1,7,HOUSEHOLD_1_117,direct_personalized,118.0,44.943789936602116,0,1.872657914025088,38.08795757339163,8.861718472030203,24,24
WI_1,7,HOUSEHOLD_1_117,mean_28,118.0,43.999999195337296,0,1.8333332998057206,37.28813491130279,4.237288110337015,24,24
WI_1,7,HOUSEHOLD_1_117,mean_7,118.0,52.00000101327896,0,2.1666667088866234,44.06779746888048,-3.3898277808043904,24,24
WI_1,7,HOUSEHOLD_1_117,tsb,118.0,46.404017901453294,0,1.9335007458938873,39.325438899536685,7.188405204004551,24,24
WI_1,7,HOUSEHOLD_1_185,cautious_group_route,196.0,89.18200448155403,3,3.7159168533980846,45.501022694670425,-7.489023532490338,24,24
WI_1,7,HOUSEHOLD_1_185,croston_sba,196.0,87.7759963659545,3,3.6573331819147707,44.78367161528291,-6.345327439422768,24,24
WI_1,7,HOUSEHOLD_1_185,direct_general,196.0,89.18200448155403,3,3.7159168533980846,45.501022694670425,-7.489023532490338,24,24
WI_1,7,HOUSEHOLD_1_185,direct_personalized,196.0,89.40092771500349,3,3.725038654791812,45.612718221940554,-7.42768146173686,24,24
WI_1,7,HOUSEHOLD_1_185,mean_28,196.0,83.00000101327896,3,3.45833337555329,42.34693929248927,-7.9081631132534564,24,24
WI_1,7,HOUSEHOLD_1_185,mean_7,196.0,124.99999949336052,3,5.208333312223355,63.7755099455921,-3.5714282521179745,24,24
WI_1,7,HOUSEHOLD_1_185,tsb,196.0,96.3659066930267,3,4.015246112209446,49.16627892501362,-2.278187268355962,24,24
WI_1,7,HOUSEHOLD_1_197,cautious_group_route,243.0,71.77328287065029,0,2.9905534529437623,29.536330399444566,-1.9608279621159597,24,24
WI_1,7,HOUSEHOLD_1_197,croston_sba,243.0,69.68675155401915,0,2.9036146480841314,28.677675536633398,-2.5767253490883872,24,24
WI_1,7,HOUSEHOLD_1_197,direct_general,243.0,71.77328287065029,0,2.9905534529437623,29.536330399444566,-1.9608279621159597,24,24
WI_1,7,HOUSEHOLD_1_197,direct_personalized,243.0,71.26523017883301,0,2.9693845907847085,29.327255217626753,-1.4048739593215478,24,24
WI_1,7,HOUSEHOLD_1_197,mean_28,243.0,72.0000022649765,0,3.000000094374021,29.629630561718724,-0.2057618565029561,24,24
WI_1,7,HOUSEHOLD_1_197,mean_7,243.0,88.99999910593033,0,3.7083332960804305,36.62551403536227,-0.4115218733563806,24,24
WI_1,7,HOUSEHOLD_1_197,tsb,243.0,74.22047605306969,0,3.09251983554457,30.54340578315625,0.6865598586533531,24,24
WI_1,7,HOUSEHOLD_1_199,cautious_group_route,31.0,32.883062041800386,13,1.370127585075016,106.07439368322704,-22.67502748517042,24,24
WI_1,7,HOUSEHOLD_1_199,croston_sba,31.0,31.427429371423997,13,1.3094762238093332,101.37880442394837,-50.30028649504533,24,24
WI_1,7,HOUSEHOLD_1_199,direct_general,31.0,36.41914016380906,13,1.5174641734920442,117.48109730260987,17.657187641147644,24,24
WI_1,7,HOUSEHOLD_1_199,direct_personalized,31.0,40.22472009435296,13,1.6760300039313734,129.75716159468698,29.885028206533,24,24
WI_1,7,HOUSEHOLD_1_199,mean_28,31.0,33.00000024214387,13,1.3750000100893278,106.45161368433506,-19.354837375783152,24,24
WI_1,7,HOUSEHOLD_1_199,mean_7,31.0,37.00000096857548,13,1.5416667070239782,119.35484183411444,-9.677415653582543,24,24
WI_1,7,HOUSEHOLD_1_199,tsb,31.0,32.883062041800386,13,1.370127585075016,106.07439368322704,-22.67502748517042,24,24
WI_1,7,HOUSEHOLD_1_272,cautious_group_route,103.0,54.42561646550894,12,2.267734019396206,52.84040433544557,0.8688162614419622,24,24
WI_1,7,HOUSEHOLD_1_272,croston_sba,103.0,144.48409051073253,12,6.020170437947189,140.27581602983742,48.781642793627846,24,24
WI_1,7,HOUSEHOLD_1_272,direct_general,103.0,54.42561646550894,12,2.267734019396206,52.84040433544557,0.8688162614419622,24,24
WI_1,7,HOUSEHOLD_1_272,direct_personalized,103.0,56.54546992853284,12,2.3560612470222018,54.8985144937212,1.9526734839654663,24,24
WI_1,7,HOUSEHOLD_1_272,mean_28,103.0,59.000001057982445,12,2.458333377415935,57.28155442522567,-4.8543688307688075,24,24
WI_1,7,HOUSEHOLD_1_272,mean_7,103.0,28.999999940395355,12,1.2083333308498065,28.155339747956656,0.9708746544365778,24,24
WI_1,7,HOUSEHOLD_1_272,tsb,103.0,43.44952256842022,12,1.810396773684176,42.18400249361187,-1.0724713234803076,24,24
WI_1,7,HOUSEHOLD_1_439,cautious_group_route,546.0,220.34200058877468,0,9.180916691198945,40.35567776351185,0.6871836007514716,24,24
WI_1,7,HOUSEHOLD_1_439,croston_sba,546.0,223.16208626665255,0,9.298420261110524,40.872176971914385,2.504554875228247,24,24
WI_1,7,HOUSEHOLD_1_439,direct_general,546.0,220.34200058877468,0,9.180916691198945,40.35567776351185,0.6871836007514716,24,24
WI_1,7,HOUSEHOLD_1_439,direct_personalized,546.0,211.41384908556938,0,8.808910378565391,38.72048518050721,0.05039977721678905,24,24
WI_1,7,HOUSEHOLD_1_439,mean_28,546.0,223.99999618530273,0,9.333333174387613,41.025640326978525,3.4798536545191068,24,24
WI_1,7,HOUSEHOLD_1_439,mean_7,546.0,230.99999523162842,0,9.62499980131785,42.30769143436418,-0.18315070714705833,24,24
WI_1,7,HOUSEHOLD_1_439,tsb,546.0,234.3970856980491,0,9.766545237418713,42.92986917546686,5.460229568181096,24,24
WI_1,7,HOUSEHOLD_1_485,cautious_group_route,121.0,63.891739293932915,0,2.6621558039138713,52.80309032556439,8.510615744374018,24,24
WI_1,7,HOUSEHOLD_1_485,croston_sba,121.0,62.53174776491859,0,2.6054894902049415,51.67913038423024,2.828795937607538,24,24
WI_1,7,HOUSEHOLD_1_485,direct_general,121.0,63.891739293932915,0,2.6621558039138713,52.80309032556439,8.510615744374018,24,24
WI_1,7,HOUSEHOLD_1_485,direct_personalized,121.0,64.31045388430357,0,2.6796022451793156,53.1491354415732,7.579595965048498,24,24
WI_1,7,HOUSEHOLD_1_485,mean_28,121.0,63.49999964237213,0,2.6458333184321723,52.47933854741498,2.4793392863155397,24,24
WI_1,7,HOUSEHOLD_1_485,mean_7,121.0,78.99999909102917,0,3.291666628792882,65.28925544713154,-2.4793369834088095,24,24
WI_1,7,HOUSEHOLD_1_485,tsb,121.0,66.4573885316612,0,2.769057855485883,54.923461596414214,3.964266875198091,24,24
WI_1,7,HOUSEHOLD_2_014,cautious_group_route,35.0,30.38509493634796,6,1.2660456223478318,86.81455696099417,2.2081548793591512,24,24
WI_1,7,HOUSEHOLD_2_014,croston_sba,35.0,26.60340760816235,6,1.1084753170067645,76.00973602332101,-0.46513200617088046,24,24
WI_1,7,HOUSEHOLD_2_014,direct_general,35.0,31.610585663467646,6,1.3171077359778185,90.315959038479,15.837436329041209,24,24
WI_1,7,HOUSEHOLD_2_014,direct_personalized,35.0,31.174793992191553,6,1.298949749674648,89.07083997769016,13.1220821504082,24,24
WI_1,7,HOUSEHOLD_2_014,mean_28,35.0,31.250000178813934,6,1.3020833407839139,89.28571479661124,5.0000011920928955,24,24
WI_1,7,HOUSEHOLD_2_014,mean_7,35.0,35.00000083446503,6,1.4583333681027095,100.00000238418579,2.8571462631225586,24,24
WI_1,7,HOUSEHOLD_2_014,tsb,35.0,30.38509493634796,6,1.2660456223478318,86.81455696099417,2.2081548793591512,24,24
WI_1,7,HOUSEHOLD_2_034,cautious_group_route,25.0,23.279170523817797,9,0.9699654384924082,93.11668209527119,0.39655362958826323,24,24
WI_1,7,HOUSEHOLD_2_034,croston_sba,25.0,20.150026900088548,9,0.8395844541703562,80.60010760035419,-7.5587467708875415,24,24
WI_1,7,HOUSEHOLD_2_034,direct_general,25.0,22.049145616590977,9,0.9187144006912907,88.1965824663639,24.660348504781723,24,24
WI_1,7,HOUSEHOLD_2_034,direct_personalized,25.0,21.739538984373212,9,0.9058141243488839,86.95815593749285,21.12014725059271,24,24
WI_1,7,HOUSEHOLD_2_034,mean_28,25.0,20.750000335276127,9,0.864583347303172,83.00000134110451,9.000002890825272,24,24
WI_1,7,HOUSEHOLD_2_034,mean_7,25.0,28.000000655651093,9,1.1666666939854622,112.00000262260437,4.0531158447265625e-06,24,24
WI_1,7,HOUSEHOLD_2_034,tsb,25.0,23.279170523817797,9,0.9699654384924082,93.11668209527119,0.39655362958826323,24,24
WI_1,7,HOUSEHOLD_2_076,cautious_group_route,46.0,28.847085688263178,4,1.2019619036776323,62.711055844050385,11.543821243812209,24,24
WI_1,7,HOUSEHOLD_2_076,croston_sba,46.0,25.93103126184267,4,1.0804596359101113,56.37180709096232,1.7345394390223576,24,24
WI_1,7,HOUSEHOLD_2_076,direct_general,46.0,28.847085688263178,4,1.2019619036776323,62.711055844050385,11.543821243812209,24,24
WI_1,7,HOUSEHOLD_2_076,direct_personalized,46.0,28.6430670209229,4,1.1934611258717875,62.2675370020063,8.799110280106897,24,24
WI_1,7,HOUSEHOLD_2_076,mean_28,46.0,29.500000074505806,4,1.2291666697710752,64.13043494457784,-1.0869553879551266,24,24
WI_1,7,HOUSEHOLD_2_076,mean_7,46.0,41.00000050663948,4,1.7083333544433117,89.13043588399887,-2.1739102576089944,24,24
WI_1,7,HOUSEHOLD_2_076,tsb,46.0,32.23584128948325,4,1.3431600537284687,70.07791584670271,0.8242115653113551,24,24
WI_1,7,HOUSEHOLD_2_087,cautious_group_route,10.0,14.394713575636331,18,0.5997797323181805,143.9471357563633,1.8626715559127938,24,24
WI_1,7,HOUSEHOLD_2_087,croston_sba,10.0,16.526335152573573,18,0.6885972980238989,165.26335152573571,25.8910013783319,24,24
WI_1,7,HOUSEHOLD_2_087,direct_general,10.0,19.944077322259545,18,0.8310032217608144,199.44077322259545,94.04640404507518,24,24
WI_1,7,HOUSEHOLD_2_087,direct_personalized,10.0,33.234818963333964,18,1.3847841234722484,332.34818963333964,228.46525894477963,24,24
WI_1,7,HOUSEHOLD_2_087,mean_28,10.0,16.000000305473804,18,0.6666666793947419,160.00000305473804,15.000004097819328,24,24
WI_1,7,HOUSEHOLD_2_087,mean_7,10.0,17.00000049173832,18,0.70833335382243,170.0000049173832,10.000004917383194,24,24
WI_1,7,HOUSEHOLD_2_087,tsb,10.0,14.394713575636331,18,0.5997797323181805,143.9471357563633,1.8626715559127938,24,24
WI_1,7,HOUSEHOLD_2_118,cautious_group_route,107.0,35.69280448555946,0,1.487200186898311,33.35776120145744,0.6216253493433804,24,24
WI_1,7,HOUSEHOLD_2_118,croston_sba,107.0,38.21975694418748,0,1.5924898726744783,35.71939901325933,-7.6449140343586794,24,24
WI_1,7,HOUSEHOLD_2_118,direct_general,107.0,35.69280448555946,0,1.487200186898311,33.35776120145744,0.6216253493433804,24,24
WI_1,7,HOUSEHOLD_2_118,direct_personalized,107.0,35.704263009130955,0,1.4876776253804564,33.36847010199155,-0.9789956994702875,24,24
WI_1,7,HOUSEHOLD_2_118,mean_28,107.0,37.00000151991844,0,1.5416667299966018,34.57944067282097,-2.336448180341275,24,24
WI_1,7,HOUSEHOLD_2_118,mean_7,107.0,43.00000035762787,0,1.791666681567828,40.18691622208212,-0.9345769603675771,24,24
WI_1,7,HOUSEHOLD_2_118,tsb,107.0,38.238108222690094,0,1.593254509278754,35.73654974083186,-1.9857724847795681,24,24
WI_1,7,HOUSEHOLD_2_175,cautious_group_route,5.0,5.461732207460713,20,0.22757217531086305,109.23464414921428,-26.48289948385109,24,24
WI_1,7,HOUSEHOLD_2_175,croston_sba,5.0,11.971768593930225,20,0.4988236914137594,239.4353718786045,88.74640362745187,24,24
WI_1,7,HOUSEHOLD_2_175,direct_general,5.0,13.958582425490022,20,0.5816076010620842,279.17164850980043,199.36689380556345,24,24
WI_1,7,HOUSEHOLD_2_175,direct_personalized,5.0,13.765226803719997,20,0.5735511168216666,275.30453607439995,187.47376561164856,24,24
WI_1,7,HOUSEHOLD_2_175,mean_28,5.0,6.75,20,0.28125,135.0,-34.99999865889549,24,24
WI_1,7,HOUSEHOLD_2_175,mean_7,5.0,5.000000178813934,20,0.20833334078391394,100.00000357627869,-19.999996423721313,24,24
WI_1,7,HOUSEHOLD_2_175,tsb,5.0,5.461732207460713,20,0.22757217531086305,109.23464414921428,-26.48289948385109,24,24
WI_1,7,HOUSEHOLD_2_266,cautious_group_route,109.0,48.444483913481236,2,2.018520163061718,44.444480654569944,-2.232073896795235,24,24
WI_1,7,HOUSEHOLD_2_266,croston_sba,109.0,46.57904141894447,2,1.9407933924560197,42.733065521967404,-4.165768789592669,24,24
WI_1,7,HOUSEHOLD_2_266,direct_general,109.0,48.444483913481236,2,2.018520163061718,44.444480654569944,-2.232073896795235,24,24
WI_1,7,HOUSEHOLD_2_266,direct_personalized,109.0,48.89578544348478,2,2.037324393478533,44.85851875549063,-0.1294317527101674,24,24
WI_1,7,HOUSEHOLD_2_266,mean_28,109.0,47.75000122189522,2,1.989583384245634,43.807340570546074,-1.6055049972796658,24,24
WI_1,7,HOUSEHOLD_2_266,mean_7,109.0,69.00000016391277,2,2.875000006829699,63.30275244395667,-2.752291431667608,24,24
WI_1,7,HOUSEHOLD_2_266,tsb,109.0,55.259548588733615,2,2.302481191197234,50.69683356764552,-0.4066620543986016,24,24
WI_1,7,HOUSEHOLD_2_295,cautious_group_route,46.0,33.148011941462755,4,1.3811671642276149,72.06089552491903,8.433628900219565,24,24
WI_1,7,HOUSEHOLD_2_295,croston_sba,46.0,29.85830825931491,4,1.2440961774714545,64.90936578111936,-4.1731813515557565,24,24
WI_1,7,HOUSEHOLD_2_295,direct_general,46.0,33.148011941462755,4,1.3811671642276149,72.06089552491903,8.433628900219565,24,24
WI_1,7,HOUSEHOLD_2_295,direct_personalized,46.0,33.02208776399493,4,1.3759203234997888,71.78714731303246,5.798317078986896,24,24
WI_1,7,HOUSEHOLD_2_295,mean_28,46.0,33.0000002682209,4,1.375000011175871,71.73913101787153,-3.2608680751012717,24,24
WI_1,7,HOUSEHOLD_2_295,mean_7,46.0,44.00000061094761,4,1.8333333587894838,95.65217524119045,-4.3478233982687415,24,24
WI_1,7,HOUSEHOLD_2_295,tsb,46.0,37.53875463481821,4,1.5641147764507588,81.60598833656132,1.3266586420649558,24,24
WI_1,7,HOUSEHOLD_2_315,cautious_group_route,38.0,32.2589046963088,7,1.3441210290128665,84.89185446397052,-3.486934533044745,24,24
WI_1,7,HOUSEHOLD_2_315,croston_sba,38.0,29.36134378319413,7,1.2233893242997553,77.26669416630034,-7.280204995623812,24,24
WI_1,7,HOUSEHOLD_2_315,direct_general,38.0,29.94823293015361,7,1.2478430387564003,78.81113928987791,12.686588193633055,24,24
WI_1,7,HOUSEHOLD_2_315,direct_personalized,38.0,29.96396031603217,7,1.2484983465013404,78.85252714745309,9.701826217535295,24,24
WI_1,7,HOUSEHOLD_2_315,mean_28,38.0,30.500000059604645,7,1.2708333358168602,80.26315805159118,1.315790571664509,24,24
WI_1,7,HOUSEHOLD_2_315,mean_7,38.0,46.00000061094761,7,1.916666692122817,121.05263318670423,2.5488828357897307e-06,24,24
WI_1,7,HOUSEHOLD_2_315,tsb,38.0,32.2589046963088,7,1.3441210290128665,84.89185446397052,-3.486934533044745,24,24
WI_1,7,HOUSEHOLD_2_323,cautious_group_route,35.0,34.69910033465115,8,1.4457958472771313,99.14028667043185,-0.848500089394722,24,24
WI_1,7,HOUSEHOLD_2_323,croston_sba,35.0,33.118932978105065,8,1.3799555407543778,94.62552279458589,-4.496477364402759,24,24
WI_1,7,HOUSEHOLD_2_323,direct_general,35.0,37.79684046283364,8,1.5748683526180685,107.99097275095326,13.831331602164681,24,24
WI_1,7,HOUSEHOLD_2_323,direct_personalized,35.0,38.151864375919104,8,1.589661015663296,109.0053267883403,10.81689293895449,24,24
WI_1,7,HOUSEHOLD_2_323,mean_28,35.0,36.749999798834324,8,1.5312499916180968,104.99999942524093,-2.142856866121292,24,24
WI_1,7,HOUSEHOLD_2_323,mean_7,35.0,37.00000023841858,8,1.541666676600774,105.71428639548165,-2.857140898704529,24,24
WI_1,7,HOUSEHOLD_2_323,tsb,35.0,34.69910033465115,8,1.4457958472771313,99.14028667043185,-0.848500089394722,24,24
WI_1,7,HOUSEHOLD_2_409,cautious_group_route,127.0,58.99526006728411,2,2.458135836136838,46.45296068290087,5.254330251395233,24,24
WI_1,7,HOUSEHOLD_2_409,croston_sba,127.0,60.26887897804716,2,2.5112032907519652,47.45581021893477,-0.12717101314302273,24,24
WI_1,7,HOUSEHOLD_2_409,direct_general,127.0,58.99526006728411,2,2.458135836136838,46.45296068290087,5.254330251395233,24,24
WI_1,7,HOUSEHOLD_2_409,direct_personalized,127.0,58.81451850384474,2,2.4506049376601973,46.31064449121633,5.3763695999862655,24,24
WI_1,7,HOUSEHOLD_2_409,mean_28,127.0,59.49999916553497,2,2.4791666318972907,46.850393043728324,2.3622038796192077,24,24
WI_1,7,HOUSEHOLD_2_409,mean_7,127.0,83.00000108778477,2,3.4583333786576986,65.35433156518485,-0.7874001785526126,24,24
WI_1,7,HOUSEHOLD_2_409,tsb,127.0,60.38954594576893,2,2.5162310810737054,47.55082357934562,2.7643142879241154,24,24
WI_1,28,FOODS_1_048,cautious_group_route,113.0,22.140649318695065,0,3.690108219782511,19.593494972296515,-7.0811540679594085,6,6
WI_1,28,FOODS_1_048,croston_sba,113.0,20.99665996358972,0,3.4994433272649537,18.581115012026302,-10.760903356637716,6,6
WI_1,28,FOODS_1_048,direct_general,113.0,22.140649318695065,0,3.690108219782511,19.593494972296515,-7.0811540679594085,6,6
WI_1,28,FOODS_1_048,direct_personalized,113.0,23.393129587173465,0,3.8988549311955776,20.701884590418995,-7.80417934983177,6,6
WI_1,28,FOODS_1_048,mean_28,113.0,31.00000047683716,0,5.166666746139527,27.43362874056386,-7.9646013479317155,6,6
WI_1,28,FOODS_1_048,mean_7,113.0,47.00000214576721,0,7.833333690961202,41.59292225289134,-4.424775596213549,6,6
WI_1,28,FOODS_1_048,tsb,113.0,31.012439439465894,0,5.168739906577649,27.44463667209371,-4.822370398833047,6,6
WI_1,28,FOODS_1_098,cautious_group_route,213.0,35.506996035575874,0,5.917832672595979,16.669951190411208,-6.515766589294573,6,6
WI_1,28,FOODS_1_098,croston_sba,213.0,40.42855423988693,0,6.738092373314488,18.98054189666053,-9.605985389967957,6,6
WI_1,28,FOODS_1_098,direct_general,213.0,35.506996035575874,0,5.917832672595979,16.669951190411208,-6.515766589294573,6,6
WI_1,28,FOODS_1_098,direct_personalized,213.0,28.939742624759678,0,4.823290437459947,13.586733626647737,-4.301239319250612,6,6
WI_1,28,FOODS_1_098,mean_28,213.0,29.000000715255744,0,4.833333452542624,13.615023809979224,-3.2863848645922134,6,6
WI_1,28,FOODS_1_098,mean_7,213.0,58.99999952316284,0,9.833333253860474,27.699530292564713,-13.615022354842347,6,6
WI_1,28,FOODS_1_098,tsb,213.0,35.89349048007015,0,5.982248413345025,16.85140398125359,-5.9034591447270515,6,6
WI_1,28,FOODS_1_111,cautious_group_route,83.0,14.534677386283876,0,2.4224462310473127,17.51165950154684,1.4544464737536025,6,6
WI_1,28,FOODS_1_111,croston_sba,83.0,14.913976833301392,0,2.485662805550232,17.96864678711011,-8.226186146492203,6,6
WI_1,28,FOODS_1_111,direct_general,83.0,14.534677386283876,0,2.4224462310473127,17.51165950154684,1.4544464737536025,6,6
WI_1,28,FOODS_1_111,direct_personalized,83.0,13.914334297180174,0,2.319055716196696,16.764258189373702,-0.7036657936601776,6,6
WI_1,28,FOODS_1_111,mean_28,83.0,12.000000596046451,0,2.0000000993410754,14.45783204342946,-2.409639846847722,6,6
WI_1,28,FOODS_1_111,mean_7,83.0,24.999999225139618,0,4.16666653752327,30.120480994144117,-27.71084215267595,6,6
WI_1,28,FOODS_1_111,tsb,83.0,14.354748514675894,0,2.3924580857793156,17.294877728525172,-2.36365638821605,6,6
WI_1,28,FOODS_2_011,cautious_group_route,146.0,66.04043102264404,1,11.006738503774008,45.233171933317834,-7.290417690799653,6,6
WI_1,28,FOODS_2_011,croston_sba,146.0,95.65176600859795,1,15.941961001432992,65.51490822506709,8.101511204683963,6,6
WI_1,28,FOODS_2_011,direct_general,146.0,66.04043102264404,1,11.006738503774008,45.233171933317834,-7.290417690799653,6,6
WI_1,28,FOODS_2_011,direct_personalized,146.0,71.10646152496338,1,11.85107692082723,48.70305583901601,-4.9852992573829455,6,6
WI_1,28,FOODS_2_011,mean_28,146.0,84.99999952316284,1,14.166666587193808,58.21917775559099,-11.643834310035174,6,6
WI_1,28,FOODS_2_011,mean_7,146.0,56.000000596046455,1,9.33333343267441,38.35616479181264,-6.849315476744147,6,6
WI_1,28,FOODS_2_011,tsb,146.0,62.260012505955764,1,10.376668750992627,42.64384418216148,-4.799867825834104,6,6
WI_1,28,FOODS_2_030,cautious_group_route,181.0,41.08855842366684,0,6.84809307061114,22.70086100755074,-11.939098927115925,6,6
WI_1,28,FOODS_2_030,croston_sba,181.0,55.11850211921121,0,9.186417019868534,30.4522111155863,-21.337172963953694,6,6
WI_1,28,FOODS_2_030,direct_general,181.0,43.980379313230515,0,7.330063218871753,24.29855210675719,-10.341407827909478,6,6
WI_1,28,FOODS_2_030,direct_personalized,181.0,46.626898407936096,0,7.771149734656016,25.760717352450882,-8.510276889274136,6,6
WI_1,28,FOODS_2_030,mean_28,181.0,37.000001430511475,0,6.166666905085246,20.441989740614073,-7.182320441988944,6,6
WI_1,28,FOODS_2_030,mean_7,181.0,48.999999046325684,0,8.166666507720947,27.071822677528,-11.602207837183826,6,6
WI_1,28,FOODS_2_030,tsb,181.0,40.24111941931805,0,6.706853236553009,22.232662662606657,-9.454245361450182,6,6
WI_1,28,FOODS_2_037,cautious_group_route,60.0,33.524288326501846,0,5.587381387750308,55.873813877503075,25.123344610134755,6,6
WI_1,28,FOODS_2_037,croston_sba,60.0,29.13611597739656,0,4.856019329566093,48.56019329566094,6.297458062411176,6,6
WI_1,28,FOODS_2_037,direct_general,60.0,33.524288326501846,0,5.587381387750308,55.873813877503075,25.123344610134755,6,6
WI_1,28,FOODS_2_037,direct_personalized,60.0,31.244557440280914,0,5.207426240046819,52.07426240046819,21.479020516077686,6,6
WI_1,28,FOODS_2_037,mean_28,60.0,31.999999582767487,0,5.333333263794581,53.33333263794581,13.333332836627957,6,6
WI_1,28,FOODS_2_037,mean_7,60.0,28.00000023841858,0,4.666666706403096,46.66666706403097,-6.666663885116577,6,6
WI_1,28,FOODS_2_037,tsb,60.0,23.27131115849678,0,3.878551859749463,38.78551859749463,13.252076327470288,6,6
WI_1,28,FOODS_2_091,cautious_group_route,324.0,64.85288786888123,0,10.808814644813538,20.016323416321367,-12.851957848042614,6,6
WI_1,28,FOODS_2_091,croston_sba,324.0,69.39424079972889,0,11.565706799954816,21.41797555547188,-17.826677253912166,6,6
WI_1,28,FOODS_2_091,direct_general,324.0,64.85288786888123,0,10.808814644813538,20.016323416321367,-12.851957848042614,6,6
WI_1,28,FOODS_2_091,direct_personalized,324.0,67.96111798286438,0,11.326852997144064,20.97565369841493,-14.060943877255475,6,6
WI_1,28,FOODS_2_091,mean_28,324.0,62.999993801116936,0,10.499998966852823,19.44444253120893,-6.481480745621667,6,6
WI_1,28,FOODS_2_091,mean_7,324.0,97.99999988079071,0,16.33333331346512,30.246913543453925,-29.629630475868414,6,6
WI_1,28,FOODS_2_091,tsb,324.0,57.04492968448331,0,9.507488280747218,17.606459779161515,-12.502128509755403,6,6
WI_1,28,FOODS_2_175,cautious_group_route,1053.0,94.66927146911621,0,15.778211911519369,8.990434137617873,-8.767431980071471,6,6
WI_1,28,FOODS_2_175,croston_sba,1053.0,102.25482221698383,0,17.042470369497305,9.710809327348892,-9.532537232022934,6,6
WI_1,28,FOODS_2_175,direct_general,1053.0,94.66927146911621,0,15.778211911519369,8.990434137617873,-8.767431980071471,6,6
WI_1,28,FOODS_2_175,direct_personalized,1053.0,87.51908874511717,0,14.586514790852862,8.3114044392324,-6.914604627169094,6,6
WI_1,28,FOODS_2_175,mean_28,1053.0,47.00000762939453,0,7.833334604899089,4.463438521310022,-2.3741686785662615,6,6
WI_1,28,FOODS_2_175,mean_7,1053.0,210.999997138977,0,35.1666661898295,20.03798643295128,-17.5688502682127,6,6
WI_1,28,FOODS_2_175,tsb,1053.0,110.24932194706776,0,18.37488699117796,10.47002107759428,-7.47188687738966,6,6
WI_1,28,FOODS_2_276,cautious_group_route,559.0,85.46257472038268,0,14.243762453397112,15.288474905256292,-0.9413874853062526,6,6
WI_1,28,FOODS_2_276,croston_sba,559.0,95.10595382061987,0,15.850992303436646,17.01358744554917,-2.1096009819825787,6,6
WI_1,28,FOODS_2_276,direct_general,559.0,85.46257472038268,0,14.243762453397112,15.288474905256292,-0.9413874853062526,6,6
WI_1,28,FOODS_2_276,direct_personalized,559.0,75.52865737676619,0,12.588109562794365,13.51138772392955,0.23210851578891342,6,6
WI_1,28,FOODS_2_276,mean_28,559.0,113.99999713897702,0,18.99999952316284,20.39355941663274,4.6511612552649595,6,6
WI_1,28,FOODS_2_276,mean_7,559.0,123.00000429153441,0,20.500000715255734,22.00357858524766,-15.563507711311576,6,6
WI_1,28,FOODS_2_276,tsb,559.0,108.447934615635,0,18.0746557692725,19.400346085086763,3.538103621948971,6,6
WI_1,28,FOODS_3_087,cautious_group_route,190.0,49.6998490691185,0,8.283308178186417,26.157815299536054,13.327189025126005,6,6
WI_1,28,FOODS_3_087,croston_sba,190.0,57.31875103295209,0,9.553125172158682,30.167763701553735,16.891598103074823,6,6
WI_1,28,FOODS_3_087,direct_general,190.0,49.6998490691185,0,8.283308178186417,26.157815299536054,13.327189025126005,6,6
WI_1,28,FOODS_3_087,direct_personalized,190.0,54.062067568302155,0,9.010344594717026,28.453719772790606,18.690170645713806,6,6
WI_1,28,FOODS_3_087,mean_28,190.0,56.999997854232774,0,9.49999964237213,29.999998870648827,6.8421043847736485,6,6
WI_1,28,FOODS_3_087,mean_7,190.0,124.00000190734863,0,20.666666984558105,65.26315889860454,53.68421102824964,6,6
WI_1,28,FOODS_3_087,tsb,190.0,63.77167648148554,0,10.628612746914257,33.56404025341344,22.939031942392056,6,6
WI_1,28,FOODS_3_289,cautious_group_route,82.0,32.44932869076729,0,5.408221448461215,39.572352061911324,13.62366265640026,6,6
WI_1,28,FOODS_3_289,croston_sba,82.0,25.719938120441697,0,4.28665635340695,31.365778195660607,2.445517852033585,6,6
WI_1,28,FOODS_3_289,direct_general,82.0,32.44932869076729,0,5.408221448461215,39.572352061911324,13.62366265640026,6,6
WI_1,28,FOODS_3_289,direct_personalized,82.0,32.8301827609539,0,5.47169712682565,40.036808245065735,11.505705009146432,6,6
WI_1,28,FOODS_3_289,mean_28,82.0,38.99999976158142,0,6.49999996026357,47.560975319001734,8.53658449359056,6,6
WI_1,28,FOODS_3_289,mean_7,82.0,38.000001430511475,0,6.333333571751912,46.341465159160336,26.82927294475277,6,6
WI_1,28,FOODS_3_289,tsb,82.0,32.20341312193408,0,5.367235520322346,39.27245502674887,14.9808548129516,6,6
WI_1,28,FOODS_3_329,cautious_group_route,1590.0,509.5834093093872,0,84.9305682182312,32.04927102574762,-9.310874436636393,6,6
WI_1,28,FOODS_3_329,croston_sba,1590.0,421.72216102480945,0,70.28702683746825,26.5234063537616,-14.104221471391597,6,6
WI_1,28,FOODS_3_329,direct_general,1590.0,509.5834093093872,0,84.9305682182312,32.04927102574762,-9.310874436636393,6,6
WI_1,28,FOODS_3_329,direct_personalized,1590.0,596.6582909226418,0,99.44304848710696,37.52567867437998,-9.451166477593237,6,6
WI_1,28,FOODS_3_329,mean_28,1590.0,454.00002670288086,0,75.6666711171468,28.553460798923325,-3.1446557674767837,6,6
WI_1,28,FOODS_3_329,mean_7,1590.0,357.99999046325684,0,59.66666507720947,22.515722670645083,-16.729559148632504,6,6
WI_1,28,FOODS_3_329,tsb,1590.0,385.9747442746029,0,64.32912404576716,24.275141149346094,-5.335416360439563,6,6
WI_1,28,FOODS_3_413,cautious_group_route,1384.0,164.65409028530127,0,27.442348380883544,11.896971841423502,-7.676283705096713,6,6
WI_1,28,FOODS_3_413,croston_sba,1384.0,200.0685383205299,0,33.34475638675499,14.455819242812854,-9.523029608859286,6,6
WI_1,28,FOODS_3_413,direct_general,1384.0,164.65409028530127,0,27.442348380883544,11.896971841423502,-7.676283705096713,6,6
WI_1,28,FOODS_3_413,direct_personalized,1384.0,161.52063274383545,0,26.920105457305908,11.670565949699093,-9.251759300342185,6,6
WI_1,28,FOODS_3_413,mean_28,1384.0,144.99999809265137,0,24.166666348775227,10.476878474902556,-0.36127264100003104,6,6
WI_1,28,FOODS_3_413,mean_7,1384.0,280.00000953674316,0,46.66666825612386,20.231214561903407,-13.87283195649957,6,6
WI_1,28,FOODS_3_413,tsb,1384.0,187.03558400136535,0,31.17259733356089,13.514131792006166,-4.669485342139773,6,6
WI_1,28,FOODS_3_478,cautious_group_route,201.0,43.873749732971184,0,7.312291622161864,21.827736185557804,-10.310842741781212,6,6
WI_1,28,FOODS_3_478,croston_sba,201.0,45.43103374099187,0,7.571838956831979,22.602504348752174,-13.681041634397394,6,6
WI_1,28,FOODS_3_478,direct_general,201.0,43.873749732971184,0,7.312291622161864,21.827736185557804,-10.310842741781212,6,6
WI_1,28,FOODS_3_478,direct_personalized,201.0,43.93515199422837,0,7.322525332371395,21.858284574242973,-8.664054508826029,6,6
WI_1,28,FOODS_3_478,mean_28,201.0,42.99999976158144,0,7.16666662693024,21.393034707254447,-8.457709426310519,6,6
WI_1,28,FOODS_3_478,mean_7,201.0,41.00000131130219,0,6.833333551883698,20.398010602637907,3.482588784611644,6,6
WI_1,28,FOODS_3_478,tsb,201.0,43.04340275229274,0,7.173900458715457,21.414628234971513,-7.337478439636176,6,6
WI_1,28,FOODS_3_530,cautious_group_route,1333.0,202.57052469253543,0,33.76175411542257,15.196588499064925,0.21162535673858557,6,6
WI_1,28,FOODS_3_530,croston_sba,1333.0,244.89566298173105,0,40.81594383028851,18.371767665546216,1.503219201506824,6,6
WI_1,28,FOODS_3_530,direct_general,1333.0,202.57052469253543,0,33.76175411542257,15.196588499064925,0.21162535673858557,6,6
WI_1,28,FOODS_3_530,direct_personalized,1333.0,214.60725420713428,0,35.76787570118905,16.099568957774515,-0.707930871980665,6,6
WI_1,28,FOODS_3_530,mean_28,1333.0,252.00000000000006,0,42.00000000000001,18.904726181545392,5.701424783991408,6,6
WI_1,28,FOODS_3_530,mean_7,1333.0,372.99999237060547,0,62.166665395100914,27.98199492652704,8.327081198094936,6,6
WI_1,28,FOODS_3_530,tsb,1333.0,276.2290195536282,0,46.0381699256047,20.72235705578606,6.945421367796048,6,6
WI_1,28,FOODS_3_603,cautious_group_route,723.0,150.3163994550705,0,25.05273324251175,20.790649993785685,-10.918205407645198,6,6
WI_1,28,FOODS_3_603,croston_sba,723.0,128.49138110057203,0,21.415230183428672,17.771975255957404,-9.314511875126273,6,6
WI_1,28,FOODS_3_603,direct_general,723.0,150.3163994550705,0,25.05273324251175,20.790649993785685,-10.918205407645198,6,6
WI_1,28,FOODS_3_603,direct_personalized,723.0,139.77633899450302,0,23.296056499083836,19.332826970194056,-11.852860145713946,6,6
WI_1,28,FOODS_3_603,mean_28,723.0,106.99999618530273,0,17.833332697550457,14.799446222033573,-0.13831311406601185,6,6
WI_1,28,FOODS_3_603,mean_7,723.0,277.0000033378601,0,46.166667222976685,38.31258690703459,-24.757952380147376,6,6
WI_1,28,FOODS_3_603,tsb,723.0,146.1371036470331,0,24.35618394117218,20.21260078105575,-8.384915485158727,6,6
WI_1,28,FOODS_3_679,cautious_group_route,172.0,56.85236331820488,0,9.47539388636748,33.05369960360749,-9.560573499563125,6,6
WI_1,28,FOODS_3_679,croston_sba,172.0,61.445845617367354,0,10.240974269561226,35.7243288473066,-13.478156573377143,6,6
WI_1,28,FOODS_3_679,direct_general,172.0,56.85236331820488,0,9.47539388636748,33.05369960360749,-9.560573499563125,6,6
WI_1,28,FOODS_3_679,direct_personalized,172.0,58.41376504302026,0,9.735627507170044,33.96149130408155,-7.782098910836279,6,6
WI_1,28,FOODS_3_679,mean_28,172.0,62.00000166893006,0,10.333333611488344,36.04651259821515,-4.651162652082218,6,6
WI_1,28,FOODS_3_679,mean_7,172.0,92.00000059604645,0,15.333333432674408,53.488372439561886,-32.558138218036916,6,6
WI_1,28,FOODS_3_679,tsb,172.0,72.56018657094705,0,12.093364428491176,42.18615498310875,-14.57193242693596,6,6
WI_1,28,FOODS_3_686,cautious_group_route,148.0,18.452882230281826,0,3.075480371713638,12.468163669109341,-3.1823393058132456,6,6
WI_1,28,FOODS_3_686,croston_sba,148.0,22.581244693978025,0,3.7635407823296707,15.257597766201368,-7.560824871008114,6,6
WI_1,28,FOODS_3_686,direct_general,148.0,18.452882230281826,0,3.075480371713638,12.468163669109341,-3.1823393058132456,6,6
WI_1,28,FOODS_3_686,direct_personalized,148.0,15.273225098848343,0,2.545537516474724,10.319746688411042,0.2672334579197184,6,6
WI_1,28,FOODS_3_686,mean_28,148.0,22.999998092651364,0,3.833333015441894,15.540539251791461,-2.0270263826524912,6,6
WI_1,28,FOODS_3_686,mean_7,148.0,42.0000034570694,0,7.000000576178233,28.37838071423608,2.702706166215845,6,6
WI_1,28,FOODS_3_686,tsb,148.0,17.948588060692867,0,2.991431343448811,12.127424365333018,-1.6302674400863375,6,6
WI_1,28,FOODS_3_691,cautious_group_route,59.0,30.512382239103317,0,5.085397039850553,51.715902100175114,27.542695605148705,6,6
WI_1,28,FOODS_3_691,croston_sba,59.0,27.421476771962116,0,4.570246128660353,46.47707927451206,12.151925833747397,6,6
WI_1,28,FOODS_3_691,direct_general,59.0,30.512382239103317,0,5.085397039850553,51.715902100175114,27.542695605148705,6,6
WI_1,28,FOODS_3_691,direct_personalized,59.0,31.50629287958145,0,5.2510488132635755,53.40049640607025,24.785874152587628,6,6
WI_1,28,FOODS_3_691,mean_28,59.0,23.999999701976776,0,3.9999999503294625,40.67796559657081,10.169492030547842,6,6
WI_1,28,FOODS_3_691,mean_7,59.0,59.000000953674316,0,9.833333492279053,100.00000161639714,22.03390234607761,6,6
WI_1,28,FOODS_3_691,tsb,59.0,37.2291068468219,0,6.2048511411369835,63.100181096308305,22.691964913967222,6,6
WI_1,28,HOBBIES_1_008,cautious_group_route,524.0,110.9733964800835,0,18.495566080013916,21.178129099252576,2.8407809502295915,6,6
WI_1,28,HOBBIES_1_008,croston_sba,524.0,174.71014521664978,0,29.118357536108295,33.34163076653621,-3.3898711287414707,6,6
WI_1,28,HOBBIES_1_008,direct_general,524.0,110.9733964800835,0,18.495566080013916,21.178129099252576,2.8407809502295915,6,6
WI_1,28,HOBBIES_1_008,direct_personalized,524.0,121.7100740671158,0,20.2850123445193,23.227113371586984,0.8458223279195914,6,6
WI_1,28,HOBBIES_1_008,mean_28,524.0,151.99999713897705,0,25.333332856496174,29.007633041789514,-9.541984550825513,6,6
WI_1,28,HOBBIES_1_008,mean_7,524.0,250.00000333786014,0,41.66666722297669,47.70992430111835,12.213739821019066,6,6
WI_1,28,HOBBIES_1_008,tsb,524.0,170.14357785004637,0,28.35726297500773,32.47014844466534,1.2760513766801298,6,6
WI_1,28,HOBBIES_1_056,cautious_group_route,392.0,98.61720544099809,0,16.436200906833015,25.157450367601555,-3.1436208103384256,6,6
WI_1,28,HOBBIES_1_056,croston_sba,392.0,130.14896345291362,0,21.691493908818938,33.20126618696776,-1.1380060754322099,6,6
WI_1,28,HOBBIES_1_056,direct_general,392.0,98.61720544099809,0,16.436200906833015,25.157450367601555,-3.1436208103384256,6,6
WI_1,28,HOBBIES_1_056,direct_personalized,392.0,96.26135849952699,0,16.043559749921165,24.556469004981377,-1.4301070449303572,6,6
WI_1,28,HOBBIES_1_056,mean_28,392.0,101.00000953674319,0,16.83333492279053,25.765308555291632,1.7857142857142874,6,6
WI_1,28,HOBBIES_1_056,mean_7,392.0,164.00000286102295,0,27.33333381017049,41.836735423730346,-2.0408170563834056,6,6
WI_1,28,HOBBIES_1_056,tsb,392.0,121.16651975397829,0,20.19441995899638,30.90982646785161,-0.1446087052154396,6,6
WI_1,28,HOBBIES_1_066,cautious_group_route,26.0,12.70955013271496,0,2.118258355452493,48.88288512582677,-9.530195646053569,6,6
WI_1,28,HOBBIES_1_066,croston_sba,26.0,16.239263339069097,0,2.7065438898448497,62.458705150265764,34.694272285038465,6,6
WI_1,28,HOBBIES_1_066,direct_general,26.0,15.190619423985481,0,2.53176990399758,58.42545932302108,41.09202984433908,6,6
WI_1,28,HOBBIES_1_066,direct_personalized,26.0,10.486854158341885,0,1.747809026390314,40.334054455161095,40.334054455161095,6,6
WI_1,28,HOBBIES_1_066,mean_28,26.0,15.000000655651093,0,2.5000001092751822,57.692310214042664,26.923079788684845,6,6
WI_1,28,HOBBIES_1_066,mean_7,26.0,24.0,0,4.0,92.3076923076923,-69.23076785527743,6,6
WI_1,28,HOBBIES_1_066,tsb,26.0,12.70955013271496,0,2.118258355452493,48.88288512582677,-9.530195646053569,6,6
WI_1,28,HOBBIES_1_074,cautious_group_route,114.0,29.560474485158917,0,4.926745747526486,25.93024077645519,5.024946650914975,6,6
WI_1,28,HOBBIES_1_074,croston_sba,114.0,32.07041075549128,0,5.345068459248547,28.131939259202877,-2.2304506923147955,6,6
WI_1,28,HOBBIES_1_074,direct_general,114.0,29.560474485158917,0,4.926745747526486,25.93024077645519,5.024946650914975,6,6
WI_1,28,HOBBIES_1_074,direct_personalized,114.0,30.906821370124817,0,5.1511368950208025,27.111246815898962,4.88901556583873,6,6
WI_1,28,HOBBIES_1_074,mean_28,114.0,39.00000047683716,0,6.500000079472859,34.210526734067685,0.8771917276215104,6,6
WI_1,28,HOBBIES_1_074,mean_7,114.0,44.00000011920929,0,7.3333333532015486,38.59649133263973,-8.771928674296326,6,6
WI_1,28,HOBBIES_1_074,tsb,114.0,36.511623914229745,0,6.085270652371624,32.02774027564013,3.2934437798385803,6,6
WI_1,28,HOBBIES_1_095,cautious_group_route,94.0,28.4665735065937,0,4.7444289177656165,30.28358883680181,-1.409117370209799,6,6
WI_1,28,HOBBIES_1_095,croston_sba,94.0,32.10846262387139,0,5.351410437311898,34.15793896156531,-12.454252110531424,6,6
WI_1,28,HOBBIES_1_095,direct_general,94.0,28.4665735065937,0,4.7444289177656165,30.28358883680181,-1.409117370209799,6,6
WI_1,28,HOBBIES_1_095,direct_personalized,94.0,29.292016953229904,0,4.882002825538318,31.161720163010536,-2.8062957715480867,6,6
WI_1,28,HOBBIES_1_095,mean_28,94.0,28.999999284744263,0,4.8333332141240435,30.851063068876876,-5.319149697080571,6,6
WI_1,28,HOBBIES_1_095,mean_7,94.0,33.999998569488525,0,5.666666428248088,36.17021124413673,14.89361905037089,6,6
WI_1,28,HOBBIES_1_095,tsb,94.0,28.631483539255086,0,4.771913923209181,30.459025041760732,-6.582527227792202,6,6
WI_1,28,HOBBIES_1_097,cautious_group_route,123.0,22.266467273235314,0,3.7110778788725525,18.102818921329522,-5.504584748570516,6,6
WI_1,28,HOBBIES_1_097,croston_sba,123.0,20.752112699497182,0,3.458685449916197,16.87163634105462,-13.075338414630641,6,6
WI_1,28,HOBBIES_1_097,direct_general,123.0,22.266467273235314,0,3.7110778788725525,18.102818921329522,-5.504584748570516,6,6
WI_1,28,HOBBIES_1_097,direct_personalized,123.0,22.434387445449833,0,3.7390645742416386,18.23933938654458,-6.667160309427156,6,6
WI_1,28,HOBBIES_1_097,mean_28,123.0,23.999999880790707,0,3.9999999801317845,19.512195025033094,-9.756097851729978,6,6
WI_1,28,HOBBIES_1_097,mean_7,123.0,32.999998569488525,0,5.499999761581421,26.829267129665467,-12.195120400529566,6,6
WI_1,28,HOBBIES_1_097,tsb,123.0,16.766665424160898,0,2.7944442373601497,13.631435304195852,-13.184053093731508,6,6
WI_1,28,HOBBIES_1_112,cautious_group_route,10.0,15.647591692480644,3,2.607931948746774,156.47591692480643,133.17754836220763,6,6
WI_1,28,HOBBIES_1_112,croston_sba,10.0,20.52024116973011,3,3.420040194955018,205.2024116973011,87.4041883380315,6,6
WI_1,28,HOBBIES_1_112,direct_general,10.0,14.27918440848589,3,2.3798640680809817,142.7918440848589,134.99729357659817,6,6
WI_1,28,HOBBIES_1_112,direct_personalized,10.0,9.90214854478836,3,1.6503580907980602,99.0214854478836,85.1653802394867,6,6
WI_1,28,HOBBIES_1_112,mean_28,10.0,4.0,3,0.6666666666666666,40.0,-39.99999940395355,6,6
WI_1,28,HOBBIES_1_112,mean_7,10.0,10.0,3,1.6666666666666667,100.0,-100.0,6,6
WI_1,28,HOBBIES_1_112,tsb,10.0,4.75813480940779,3,0.7930224682346316,47.581348094077896,-35.71702046852091,6,6
WI_1,28,HOBBIES_1_142,cautious_group_route,415.0,127.88990569114685,0,21.314984281857807,30.816844744854663,-8.961289417312805,6,6
WI_1,28,HOBBIES_1_142,croston_sba,415.0,127.98099822539783,0,21.330166370899637,30.838794753107912,-10.740707186093793,6,6
WI_1,28,HOBBIES_1_142,direct_general,415.0,127.88990569114685,0,21.314984281857807,30.816844744854663,-8.961289417312805,6,6
WI_1,28,HOBBIES_1_142,direct_personalized,415.0,132.17692226171494,0,22.029487043619156,31.849860785955407,-10.932111811925132,6,6
WI_1,28,HOBBIES_1_142,mean_28,415.0,116.99999809265137,0,19.499999682108562,28.19277062473527,-2.1686746987951824,6,6
WI_1,28,HOBBIES_1_142,mean_7,415.0,150.99999928474423,0,25.16666654745737,36.38554199632391,-12.289157832961488,6,6
WI_1,28,HOBBIES_1_142,tsb,415.0,118.75837376807019,0,19.793062294678364,28.6164756067639,-7.818160256120907,6,6
WI_1,28,HOBBIES_1_153,cautious_group_route,487.0,54.45198190212251,0,9.075330317020418,11.18110511337218,-0.4803955922136532,6,6
WI_1,28,HOBBIES_1_153,croston_sba,487.0,59.728136338875004,0,9.9546893898125,12.26450438169918,-0.11112265831342226,6,6
WI_1,28,HOBBIES_1_153,direct_general,487.0,54.45198190212251,0,9.075330317020418,11.18110511337218,-0.4803955922136532,6,6
WI_1,28,HOBBIES_1_153,direct_personalized,487.0,47.90812158584596,0,7.984686930974327,9.837396629537158,-1.4638965869096732,6,6
WI_1,28,HOBBIES_1_153,mean_28,487.0,46.999993324279785,0,7.833332220713298,9.650922653856219,-0.20533704659777255,6,6
WI_1,28,HOBBIES_1_153,mean_7,487.0,81.00000572204593,0,13.500000953674322,16.632444706785613,6.776181873110047,6,6
WI_1,28,HOBBIES_1_153,tsb,487.0,63.22494069622077,0,10.537490116036794,12.982534023864636,6.876048094991656,6,6
WI_1,28,HOBBIES_1_198,cautious_group_route,37.0,19.612385026392808,0,3.2687308377321345,53.00644601727786,2.132070146612383,6,6
WI_1,28,HOBBIES_1_198,croston_sba,37.0,17.115228390035647,0,2.852538065005941,46.25737402712337,-1.3372215156018215,6,6
WI_1,28,HOBBIES_1_198,direct_general,37.0,22.386844232678413,0,3.731140705446402,60.50498441264436,3.101335063173964,6,6
WI_1,28,HOBBIES_1_198,direct_personalized,37.0,22.205443248152733,0,3.7009072080254555,60.014711481493876,-0.354211193484229,6,6
WI_1,28,HOBBIES_1_198,mean_28,37.0,22.999999940395355,0,3.8333333233992257,62.16216200106853,-18.918918113450747,6,6
WI_1,28,HOBBIES_1_198,mean_7,37.0,29.000000834465027,0,4.833333472410838,78.37838063368926,-2.702699480830012,6,6
WI_1,28,HOBBIES_1_198,tsb,37.0,23.44972901120481,0,3.908288168534135,63.37764597622921,-5.470346386568449,6,6
WI_1,28,HOBBIES_1_203,cautious_group_route,203.0,29.4777085185051,0,4.91295141975085,14.521038679066551,-1.6736299239943127,6,6
WI_1,28,HOBBIES_1_203,croston_sba,203.0,28.949942120082728,0,4.824990353347121,14.261055231567846,-3.847614328229542,6,6
WI_1,28,HOBBIES_1_203,direct_general,203.0,29.4777085185051,0,4.91295141975085,14.521038679066551,-1.6736299239943127,6,6
WI_1,28,HOBBIES_1_203,direct_personalized,203.0,22.800163090229038,0,3.8000271817048397,11.231607433610364,1.6995426175629618,6,6
WI_1,28,HOBBIES_1_203,mean_28,203.0,26.00000286102295,0,4.333333810170491,12.807883182769926,4.926109313964851,6,6
WI_1,28,HOBBIES_1_203,mean_7,203.0,54.99999737739563,0,9.166666229565939,27.093594767189966,-17.241378488211797,6,6
WI_1,28,HOBBIES_1_203,tsb,203.0,29.03611342755057,0,4.8393522379250955,14.303504151502745,-2.460618465969499,6,6
WI_1,28,HOBBIES_1_261,cautious_group_route,653.0,132.79901928936488,0,22.133169881560814,20.33675639959646,-16.904249300871292,6,6
WI_1,28,HOBBIES_1_261,croston_sba,653.0,242.1654854431716,0,40.3609142405286,37.08506668348723,-27.60240279758149,6,6
WI_1,28,HOBBIES_1_261,direct_general,653.0,125.41790354251862,0,20.9029839237531,19.20641708154956,-15.773909982824392,6,6
WI_1,28,HOBBIES_1_261,direct_personalized,653.0,133.59656989574432,0,22.266094982624054,20.458892786484583,-16.18310328099483,6,6
WI_1,28,HOBBIES_1_261,mean_28,653.0,167.9999988079071,0,27.999999801317852,25.72741176231349,-12.251149238890196,6,6
WI_1,28,HOBBIES_1_261,mean_7,653.0,229.00000238418582,0,38.16666706403097,35.0689130756793,-14.854516807778134,6,6
WI_1,28,HOBBIES_1_261,tsb,653.0,180.18027428654108,0,30.030045714423512,27.592691314937376,-12.364073736333285,6,6
WI_1,28,HOBBIES_1_265,cautious_group_route,44.0,6.327648088335991,0,1.054608014722665,14.381018382581798,13.989125564694405,6,6
WI_1,28,HOBBIES_1_265,croston_sba,44.0,5.746896394487105,0,0.9578160657478508,13.061128169288876,-4.816979386605599,6,6
WI_1,28,HOBBIES_1_265,direct_general,44.0,6.327648088335991,0,1.054608014722665,14.381018382581798,13.989125564694405,6,6
WI_1,28,HOBBIES_1_265,direct_personalized,44.0,6.881195336580278,0,1.1468658894300463,15.639080310409724,11.37265502051874,6,6
WI_1,28,HOBBIES_1_265,mean_28,44.0,7.000000536441803,0,1.166666756073634,15.909092128276825,2.2727287628433923,6,6
WI_1,28,HOBBIES_1_265,mean_7,44.0,32.00000184774399,0,5.333333641290665,72.72727692669088,54.545459557663314,6,6
WI_1,28,HOBBIES_1_265,tsb,44.0,17.528348244895163,0,2.9213913741491937,39.83715510203446,23.457449766096655,6,6
WI_1,28,HOBBIES_1_285,cautious_group_route,17.0,10.568222804339516,2,1.7613704673899193,62.1660164961148,-43.869911004081146,6,6
WI_1,28,HOBBIES_1_285,croston_sba,17.0,16.844811797184434,2,2.8074686328640723,99.08712821873196,-31.538948027951204,6,6
WI_1,28,HOBBIES_1_285,direct_general,17.0,29.63729663193226,2,4.939549438655376,174.33703901136622,121.17932167123345,6,6
WI_1,28,HOBBIES_1_285,direct_personalized,17.0,43.97269441187382,2,7.32878240197897,258.6629083051401,201.72113627195358,6,6
WI_1,28,HOBBIES_1_285,mean_28,17.0,13.000000193715096,2,2.166666698952516,76.47058937479468,-52.94117498047211,6,6
WI_1,28,HOBBIES_1_285,mean_7,17.0,6.999999821186066,2,1.1666666368643444,41.17646953638862,-29.411761550342334,6,6
WI_1,28,HOBBIES_1_285,tsb,17.0,10.568222804339516,2,1.7613704673899193,62.1660164961148,-43.869911004081146,6,6
WI_1,28,HOBBIES_1_290,cautious_group_route,10.0,8.689652123082944,1,1.4482753538471573,86.89652123082944,4.533774929577836,6,6
WI_1,28,HOBBIES_1_290,croston_sba,10.0,8.254252593299146,1,1.3757087655498577,82.54252593299147,43.269540533959656,6,6
WI_1,28,HOBBIES_1_290,direct_general,10.0,14.226302303373814,1,2.3710503838956356,142.26302303373814,142.26302303373814,6,6
WI_1,28,HOBBIES_1_290,direct_personalized,10.0,50.601985722780235,1,8.43366428713004,506.0198572278024,506.0198572278024,6,6
WI_1,28,HOBBIES_1_290,mean_28,10.0,10.000000223517418,1,1.6666667039195697,100.00000223517418,40.00000312924385,6,6
WI_1,28,HOBBIES_1_290,mean_7,10.0,10.000000357627869,1,1.6666667262713115,100.00000357627869,-19.999996423721313,6,6
WI_1,28,HOBBIES_1_290,tsb,10.0,8.689652123082944,1,1.4482753538471573,86.89652123082944,4.533774929577836,6,6
WI_1,28,HOBBIES_1_331,cautious_group_route,68.0,27.782189697027206,0,4.630364949504535,40.85616131915766,-4.405594178858933,6,6
WI_1,28,HOBBIES_1_331,croston_sba,68.0,35.32296132426053,0,5.887160220710089,51.94553135920666,6.988217895588466,6,6
WI_1,28,HOBBIES_1_331,direct_general,68.0,27.782189697027206,0,4.630364949504535,40.85616131915766,-4.405594178858933,6,6
WI_1,28,HOBBIES_1_331,direct_personalized,68.0,27.771460562944412,0,4.628576760490735,40.84038318080061,-2.852342628380834,6,6
WI_1,28,HOBBIES_1_331,mean_28,68.0,33.99999976158142,0,5.666666626930237,49.99999964938444,-8.823528710533587,6,6
WI_1,28,HOBBIES_1_331,mean_7,68.0,40.00000023841858,0,6.666666706403096,58.82352976238026,-17.647056369220504,6,6
WI_1,28,HOBBIES_1_331,tsb,68.0,41.24865350301851,0,6.874775583836418,60.65978456326252,-3.658974456283849,6,6
WI_1,28,HOBBIES_1_351,cautious_group_route,112.0,23.960067987442017,0,3.9933446645736694,21.392917845930373,-4.489891816462789,6,6
WI_1,28,HOBBIES_1_351,croston_sba,112.0,23.98282612540674,0,3.9971376875677898,21.4132376119703,-7.869919347280983,6,6
WI_1,28,HOBBIES_1_351,direct_general,112.0,23.960067987442017,0,3.9933446645736694,21.392917845930373,-4.489891816462789,6,6
WI_1,28,HOBBIES_1_351,direct_personalized,112.0,24.996269613504406,0,4.166044935584067,22.31809786920036,-4.800835225198953,6,6
WI_1,28,HOBBIES_1_351,mean_28,112.0,21.999999999999996,0,3.666666666666666,19.64285714285714,-7.142856717109683,6,6
WI_1,28,HOBBIES_1_351,mean_7,112.0,35.99999964237213,0,5.999999940395355,32.142856823546545,-14.285712689161297,6,6
WI_1,28,HOBBIES_1_351,tsb,112.0,22.47463868879239,0,3.7457731147987317,20.066641686421775,-14.242157675295346,6,6
WI_1,28,HOBBIES_2_043,cautious_group_route,154.0,39.246381640434265,0,6.541063606739044,25.48466340287939,-0.5329166913961435,6,6
WI_1,28,HOBBIES_2_043,croston_sba,154.0,45.26222269294456,0,7.543703782157427,29.391053696717247,0.019868277825989718,6,6
WI_1,28,HOBBIES_2_043,direct_general,154.0,39.246381640434265,0,6.541063606739044,25.48466340287939,-0.5329166913961435,6,6
WI_1,28,HOBBIES_2_043,direct_personalized,154.0,45.808110594749465,0,7.634685099124911,29.74552636022693,4.373028293832562,6,6
WI_1,28,HOBBIES_2_043,mean_28,154.0,43.99999976158142,0,7.333333293596904,28.57142841661131,-2.5974024425853384,6,6
WI_1,28,HOBBIES_2_043,mean_7,154.0,53.99999928474426,0,8.99999988079071,35.06493460048329,-1.298699595711448,6,6
WI_1,28,HOBBIES_2_043,tsb,154.0,44.960202243676335,0,7.493367040612722,29.194936521867746,-2.9932955078066543,6,6
WI_1,28,HOBBIES_2_091,cautious_group_route,70.0,23.03299444913864,0,3.8388324081897736,32.904277784483774,15.080886483192447,6,6
WI_1,28,HOBBIES_2_091,croston_sba,70.0,16.331087836513603,0,2.721847972752267,23.330125480733717,11.704197517166897,6,6
WI_1,28,HOBBIES_2_091,direct_general,70.0,23.03299444913864,0,3.8388324081897736,32.904277784483774,15.080886483192447,6,6
WI_1,28,HOBBIES_2_091,direct_personalized,70.0,21.360867768526077,0,3.5601446280876794,30.515525383608683,12.475151717662815,6,6
WI_1,28,HOBBIES_2_091,mean_28,70.0,20.00000113248825,0,3.333333522081375,28.57143018926893,2.8571432828903176,6,6
WI_1,28,HOBBIES_2_091,mean_7,70.0,67.99999928474426,0,11.333333214124044,97.14285612106323,54.285714626312256,6,6
WI_1,28,HOBBIES_2_091,tsb,70.0,28.906273360890307,0,4.817712226815051,41.29467622984329,7.600425844572492,6,6
WI_1,28,HOUSEHOLD_1_016,cautious_group_route,98.0,34.70977171668353,0,5.784961952780588,35.41813440477911,-18.911452038038163,6,6
WI_1,28,HOUSEHOLD_1_016,croston_sba,98.0,27.705271552716145,0,4.617545258786024,28.270685257873616,-19.41205384662575,6,6
WI_1,28,HOUSEHOLD_1_016,direct_general,98.0,29.594284936785698,0,4.932380822797616,30.19824993549561,-13.691567568754664,6,6
WI_1,28,HOUSEHOLD_1_016,direct_personalized,98.0,33.383263021707535,0,5.563877170284589,34.0645541037832,-15.331688736166273,6,6
WI_1,28,HOUSEHOLD_1_016,mean_28,98.0,33.99999924004078,0,5.666666540006797,34.693876775551814,-16.32653080991337,6,6
WI_1,28,HOUSEHOLD_1_016,mean_7,98.0,64.00000143051147,0,10.666666905085245,65.30612390868518,-34.69387463160923,6,6
WI_1,28,HOUSEHOLD_1_016,tsb,98.0,45.718289443532214,0,7.619714907255369,46.65131575870634,-27.480824127459577,6,6
WI_1,28,HOUSEHOLD_1_117,cautious_group_route,118.0,21.953723341226578,0,3.6589538902044296,18.604850289175065,10.43701573448666,6,6
WI_1,28,HOUSEHOLD_1_117,croston_sba,118.0,16.94644814651416,0,2.824408024419027,14.361396734334035,6.7505781723026095,6,6
WI_1,28,HOUSEHOLD_1_117,direct_general,118.0,21.953723341226578,0,3.6589538902044296,18.604850289175065,10.43701573448666,6,6
WI_1,28,HOUSEHOLD_1_117,direct_personalized,118.0,22.486901968717575,0,3.7478169947862625,19.05669658365896,13.08397370374809,6,6
WI_1,28,HOUSEHOLD_1_117,mean_28,118.0,20.000000238418583,0,3.3333333730697636,16.949152744422527,8.474576877335373,6,6
WI_1,28,HOUSEHOLD_1_117,mean_7,118.0,42.00000238418579,0,7.000000397364299,35.59322235947948,-5.084742934016855,6,6
WI_1,28,HOUSEHOLD_1_117,tsb,118.0,21.62603488687652,0,3.6043391478127536,18.32714820921739,5.8601214732351075,6,6
WI_1,28,HOUSEHOLD_1_185,cautious_group_route,196.0,77.50910803675652,0,12.918184672792753,39.545463284059444,-12.745863214439275,6,6
WI_1,28,HOUSEHOLD_1_185,croston_sba,196.0,76.97677940593742,0,12.829463234322903,39.27386704384563,-16.153745608937005,6,6
WI_1,28,HOUSEHOLD_1_185,direct_general,196.0,77.50910803675652,0,12.918184672792753,39.545463284059444,-12.745863214439275,6,6
WI_1,28,HOUSEHOLD_1_185,direct_personalized,196.0,79.43713384866714,0,13.23952230811119,40.52914992278936,-11.30508445963567,6,6
WI_1,28,HOUSEHOLD_1_185,mean_28,196.0,80.00000047683716,0,13.333333412806192,40.816326773896506,-12.244897229330876,6,6
WI_1,28,HOUSEHOLD_1_185,mean_7,196.0,99.99999809265137,0,16.666666348775227,51.020407190128246,-10.204080172947469,6,6
WI_1,28,HOUSEHOLD_1_185,tsb,196.0,79.12497984508533,0,13.187496640847556,40.36988767606395,-5.095374342078043,6,6
WI_1,28,HOUSEHOLD_1_197,cautious_group_route,243.0,37.66787362098695,0,6.2779789368311585,15.501182560076934,-4.180742781839253,6,6
WI_1,28,HOUSEHOLD_1_197,croston_sba,243.0,37.150016748328234,0,6.191669458054705,15.288072735937545,-6.576196092605349,6,6
WI_1,28,HOUSEHOLD_1_197,direct_general,243.0,37.66787362098695,0,6.2779789368311585,15.501182560076934,-4.180742781839253,6,6
WI_1,28,HOUSEHOLD_1_197,direct_personalized,243.0,30.44927668571472,0,5.074879447619121,12.530566537331161,-3.208904011259354,6,6
WI_1,28,HOUSEHOLD_1_197,mean_28,243.0,42.00000143051148,0,7.00000023841858,17.283951205971803,0.8230438938847265,6,6
WI_1,28,HOUSEHOLD_1_197,mean_7,243.0,61.000000238418586,0,10.166666706403097,25.10288075655086,-14.403291101808897,6,6
WI_1,28,HOUSEHOLD_1_197,tsb,243.0,35.673108391868176,0,5.945518065311362,14.680291519287316,-7.194642464412286,6,6
WI_1,28,HOUSEHOLD_1_199,cautious_group_route,31.0,12.207522191142063,0,2.0345870318570105,39.379103842393754,-30.358246158975376,6,6
WI_1,28,HOUSEHOLD_1_199,croston_sba,31.0,19.35852946683775,0,3.226421577806292,62.44686924786372,-54.653205212380804,6,6
WI_1,28,HOUSEHOLD_1_199,direct_general,31.0,9.837898164987566,0,1.6396496941645944,31.735155370927632,5.112605806319939,6,6
WI_1,28,HOUSEHOLD_1_199,direct_personalized,31.0,34.21623760461807,0,5.702706267436345,110.37496001489701,92.30874719158295,6,6
WI_1,28,HOUSEHOLD_1_199,mean_28,31.0,12.999999821186066,0,2.166666636864344,41.9354832941486,-35.48386942955755,6,6
WI_1,28,HOUSEHOLD_1_199,mean_7,31.0,23.00000047683716,0,3.8333334128061938,74.19354992528118,-9.67741666301603,6,6
WI_1,28,HOUSEHOLD_1_199,tsb,31.0,12.207522191142063,0,2.0345870318570105,39.379103842393754,-30.358246158975376,6,6
WI_1,28,HOUSEHOLD_1_272,cautious_group_route,103.0,93.11919039487839,2,15.519865065813065,90.40698096590134,12.237916004310534,6,6
WI_1,28,HOUSEHOLD_1_272,croston_sba,103.0,140.42116427717076,2,23.40352737952846,136.33122745356383,42.62001664488806,6,6
WI_1,28,HOUSEHOLD_1_272,direct_general,103.0,93.11919039487839,2,15.519865065813065,90.40698096590134,12.237916004310534,6,6
WI_1,28,HOUSEHOLD_1_272,direct_personalized,103.0,105.62858965992928,2,17.604764943321545,102.55202879604784,23.805640478735988,6,6
WI_1,28,HOUSEHOLD_1_272,mean_28,103.0,85.00000017881393,2,14.166666696468988,82.52427201826596,-12.621359975592604,6,6
WI_1,28,HOUSEHOLD_1_272,mean_7,103.0,59.0,2,9.833333333333334,57.28155339805825,8.737864077669903,6,6
WI_1,28,HOUSEHOLD_1_272,tsb,103.0,66.10442496339338,2,11.017404160565563,64.17905336251785,-1.636164572247136,6,6
WI_1,28,HOUSEHOLD_1_439,cautious_group_route,546.0,190.47513967752457,0,31.74585661292076,34.88555671749534,-0.42920997946253625,6,6
WI_1,28,HOUSEHOLD_1_439,croston_sba,546.0,181.91313539213428,0,30.318855898689048,33.31742406449346,-7.0620636459874895,6,6
WI_1,28,HOUSEHOLD_1_439,direct_general,546.0,190.47513967752457,0,31.74585661292076,34.88555671749534,-0.42920997946253625,6,6
WI_1,28,HOUSEHOLD_1_439,direct_personalized,546.0,180.9171917438507,0,30.152865290641785,33.13501680290306,-2.6834724368629876,6,6
WI_1,28,HOUSEHOLD_1_439,mean_28,546.0,228.00000476837158,0,38.0000007947286,41.758242631569885,7.692308914967076,6,6
WI_1,28,HOUSEHOLD_1_439,mean_7,546.0,181.99999952316284,0,30.333333253860474,33.33333324600052,-23.076923688252766,6,6
WI_1,28,HOUSEHOLD_1_439,tsb,546.0,193.31922785659583,0,32.21987130943264,35.406451988387516,-1.401861208750984,6,6
WI_1,28,HOUSEHOLD_1_485,cautious_group_route,121.0,46.71992713212966,0,7.78665452202161,38.61151002655344,14.415488115026925,6,6
WI_1,28,HOUSEHOLD_1_485,croston_sba,121.0,43.83660585343401,0,7.306100975572335,36.22859987887109,6.778647693596343,6,6
WI_1,28,HOUSEHOLD_1_485,direct_general,121.0,46.71992713212966,0,7.78665452202161,38.61151002655344,14.415488115026925,6,6
WI_1,28,HOUSEHOLD_1_485,direct_personalized,121.0,50.679256409406655,0,8.44654273490111,41.8836829829807,16.423610345391197,6,6
WI_1,28,HOUSEHOLD_1_485,mean_28,121.0,45.99999809265137,0,7.666666348775228,38.01652734929865,8.26446359807795,6,6
WI_1,28,HOUSEHOLD_1_485,mean_7,121.0,49.000001668930054,0,8.166666944821676,40.49586914787608,2.4793410104168347,6,6
WI_1,28,HOUSEHOLD_1_485,tsb,121.0,42.92251517753503,0,7.153752529589172,35.47315303928515,8.870314335899177,6,6
WI_1,28,HOUSEHOLD_2_014,cautious_group_route,35.0,21.95446208450202,0,3.6590770140836697,62.727034527148625,-8.747641592818768,6,6
WI_1,28,HOUSEHOLD_2_014,croston_sba,35.0,14.642937872268861,0,2.4404896453781437,41.83696534933961,4.93306898766775,6,6
WI_1,28,HOUSEHOLD_2_014,direct_general,35.0,19.71273508667946,0,3.2854558477799096,56.3221002476556,14.72073665687016,6,6
WI_1,28,HOUSEHOLD_2_014,direct_personalized,35.0,18.610888496041298,0,3.101814749340216,53.17396713154657,10.407038288457054,6,6
WI_1,28,HOUSEHOLD_2_014,mean_28,35.0,19.000000149011612,0,3.1666666915019355,54.28571471146175,8.571429848670965,6,6
WI_1,28,HOUSEHOLD_2_014,mean_7,35.0,47.00000065565109,0,7.833333442608516,134.28571615900313,-8.571425676345825,6,6
WI_1,28,HOUSEHOLD_2_014,tsb,35.0,21.95446208450202,0,3.6590770140836697,62.727034527148625,-8.747641592818768,6,6
WI_1,28,HOUSEHOLD_2_034,cautious_group_route,25.0,10.687335952494617,0,1.781222658749103,42.74934380997847,-11.607092465294421,6,6
WI_1,28,HOUSEHOLD_2_034,croston_sba,25.0,6.839099684548735,0,1.1398499474247892,27.35639873819494,-7.883564257358369,6,6
WI_1,28,HOUSEHOLD_2_034,direct_general,25.0,11.812244608998299,0,1.9687074348330498,47.248978435993195,23.531275808811188,6,6
WI_1,28,HOUSEHOLD_2_034,direct_personalized,25.0,10.349826022982597,0,1.724971003830433,41.39930409193039,17.756442487239838,6,6
WI_1,28,HOUSEHOLD_2_034,mean_28,25.0,12.00000050663948,0,2.0000000844399133,48.00000202655792,16.0000022649765,6,6
WI_1,28,HOUSEHOLD_2_034,mean_7,25.0,19.000000715255737,0,3.166666785875956,76.00000286102295,-3.999995708465576,6,6
WI_1,28,HOUSEHOLD_2_034,tsb,25.0,10.687335952494617,0,1.781222658749103,42.74934380997847,-11.607092465294421,6,6
WI_1,28,HOUSEHOLD_2_076,cautious_group_route,46.0,15.58061996102333,0,2.5967699935038886,33.87091295874637,15.260980245859727,6,6
WI_1,28,HOUSEHOLD_2_076,croston_sba,46.0,10.680492738377946,0,1.780082123062991,23.218462474734665,1.6490694563856187,6,6
WI_1,28,HOUSEHOLD_2_076,direct_general,46.0,15.58061996102333,0,2.5967699935038886,33.87091295874637,15.260980245859727,6,6
WI_1,28,HOUSEHOLD_2_076,direct_personalized,46.0,14.749437719583513,0,2.4582396199305854,32.063995042572856,11.969278493653178,6,6
WI_1,28,HOUSEHOLD_2_076,mean_28,46.0,12.99999988079071,0,2.166666646798452,28.260869306066763,2.1739151166832964,6,6
WI_1,28,HOUSEHOLD_2_076,mean_7,46.0,33.99999952316284,0,5.666666587193807,73.91304244165835,-13.04347618766453,6,6
WI_1,28,HOUSEHOLD_2_076,tsb,46.0,15.872644680788717,0,2.645440780131453,34.50574930606243,-2.3605761644844203,6,6
WI_1,28,HOUSEHOLD_2_087,cautious_group_route,10.0,9.849816000107923,1,1.6416360000179873,98.49816000107924,16.79473824989571,6,6
WI_1,28,HOUSEHOLD_2_087,croston_sba,10.0,9.487194164801673,1,1.5811990274669456,94.87194164801673,29.55954944500109,6,6
WI_1,28,HOUSEHOLD_2_087,direct_general,10.0,18.572604835033417,1,3.095434139172236,185.72604835033417,163.04045110940933,6,6
WI_1,28,HOUSEHOLD_2_087,direct_personalized,10.0,31.37634488195181,1,5.229390813658635,313.7634488195181,291.76975034177303,6,6
WI_1,28,HOUSEHOLD_2_087,mean_28,10.0,11.00000011920929,1,1.8333333532015483,110.0000011920929,10.00000387430191,6,6
WI_1,28,HOUSEHOLD_2_087,mean_7,10.0,8.000000357627869,1,1.333333392937978,80.00000357627869,-19.999996423721313,6,6
WI_1,28,HOUSEHOLD_2_087,tsb,10.0,9.849816000107923,1,1.6416360000179873,98.49816000107924,16.79473824989571,6,6
WI_1,28,HOUSEHOLD_2_118,cautious_group_route,107.0,28.34621745347977,0,4.724369575579962,26.491792012597916,-4.19673646721885,6,6
WI_1,28,HOUSEHOLD_2_118,croston_sba,107.0,28.66091685677349,0,4.776819476128915,26.785903604461204,-15.229302085075307,6,6
WI_1,28,HOUSEHOLD_2_118,direct_general,107.0,28.34621745347977,0,4.724369575579962,26.491792012597916,-4.19673646721885,6,6
WI_1,28,HOUSEHOLD_2_118,direct_personalized,107.0,26.94294828176498,0,4.490491380294164,25.180325496976618,-5.713397264480596,6,6
WI_1,28,HOUSEHOLD_2_118,mean_28,107.0,31.00000107288361,0,5.166666845480601,28.971963619517393,-4.672898198956646,6,6
WI_1,28,HOUSEHOLD_2_118,mean_7,107.0,36.99999988079071,0,6.1666666467984514,34.5794391409259,-2.803735532493232,6,6
WI_1,28,HOUSEHOLD_2_118,tsb,107.0,34.33487801572703,0,5.722479669287838,32.08867104273554,-8.607898077890441,6,6
WI_1,28,HOUSEHOLD_2_175,cautious_group_route,5.0,9.090671818847401,4,1.5151119698079,181.813436376948,-9.155507375971235,6,6
WI_1,28,HOUSEHOLD_2_175,croston_sba,5.0,8.770034368892452,4,1.4616723948154087,175.400687377849,93.65428787808789,6,6
WI_1,28,HOUSEHOLD_2_175,direct_general,5.0,18.951739691197872,4,3.158623281866312,379.03479382395744,379.03479382395744,6,6
WI_1,28,HOUSEHOLD_2_175,direct_personalized,5.0,14.906098917126656,4,2.484349819521109,298.1219783425331,274.1327455639839,6,6
WI_1,28,HOUSEHOLD_2_175,mean_28,5.0,8.000000029802322,4,1.3333333383003871,160.00000059604645,-39.99999940395355,6,6
WI_1,28,HOUSEHOLD_2_175,mean_7,5.0,9.000000178813934,4,1.5000000298023224,180.0000035762787,-19.999996423721313,6,6
WI_1,28,HOUSEHOLD_2_175,tsb,5.0,9.090671818847401,4,1.5151119698079,181.813436376948,-9.155507375971235,6,6
WI_1,28,HOUSEHOLD_2_266,cautious_group_route,109.0,20.82533219456673,0,3.470888699094455,19.105809352813516,-4.256421409615688,6,6
WI_1,28,HOUSEHOLD_2_266,croston_sba,109.0,26.228961963292623,0,4.37149366054877,24.063267856231764,-5.535630037943627,6,6
WI_1,28,HOUSEHOLD_2_266,direct_general,109.0,20.82533219456673,0,3.470888699094455,19.105809352813516,-4.256421409615688,6,6
WI_1,28,HOUSEHOLD_2_266,direct_personalized,109.0,19.998186051845547,0,3.3330310086409245,18.346959680592246,-3.941048886797842,6,6
WI_1,28,HOUSEHOLD_2_266,mean_28,109.0,19.00000143051147,0,3.166666905085245,17.431193972946303,-0.917432505056402,6,6
WI_1,28,HOUSEHOLD_2_266,mean_7,109.0,54.999999701976776,0,9.16666661699613,50.45871532291447,-26.605501688948465,6,6
WI_1,28,HOUSEHOLD_2_266,tsb,109.0,27.415973887753957,0,4.569328981292326,25.152269621792623,-7.124924562553024,6,6
WI_1,28,HOUSEHOLD_2_295,cautious_group_route,46.0,2.9253137558698654,0,0.48755229264497757,6.3593777301518815,3.7440400084723597,6,6
WI_1,28,HOUSEHOLD_2_295,croston_sba,46.0,4.544897684610789,0,0.7574829474351316,9.880212357849542,-7.277393252006627,6,6
WI_1,28,HOUSEHOLD_2_295,direct_general,46.0,2.9253137558698654,0,0.48755229264497757,6.3593777301518815,3.7440400084723597,6,6
WI_1,28,HOUSEHOLD_2_295,direct_personalized,46.0,2.237241357564926,0,0.37287355959415436,4.8635681686194046,1.096879982430002,6,6
WI_1,28,HOUSEHOLD_2_295,mean_28,46.0,3.000001072883606,0,0.5000001788139343,6.521741462790447,-2.1739107111225957,6,6
WI_1,28,HOUSEHOLD_2_295,mean_7,46.0,24.000000655651093,0,4.000000109275182,52.17391446880672,-30.4347804059153,6,6
WI_1,28,HOUSEHOLD_2_295,tsb,46.0,9.959828952076908,0,1.659971492012818,21.65180206973241,-16.40704416138412,6,6
WI_1,28,HOUSEHOLD_2_315,cautious_group_route,38.0,17.083109804744534,0,2.8471849674574226,44.95555211774877,-0.34198719650637116,6,6
WI_1,28,HOUSEHOLD_2_315,croston_sba,38.0,11.34929905362091,0,1.8915498422701518,29.866576456897135,-12.234658856057493,6,6
WI_1,28,HOUSEHOLD_2_315,direct_general,38.0,14.177599430084229,0,2.3629332383473716,37.30947218443218,14.831428935653285,6,6
WI_1,28,HOUSEHOLD_2_315,direct_personalized,38.0,14.429341197013855,0,2.4048901995023093,37.97195051845751,12.348692589684537,6,6
WI_1,28,HOUSEHOLD_2_315,mean_28,38.0,16.000000059604645,0,2.6666666766007743,42.10526331474907,1.7253976119192022e-06,6,6
WI_1,28,HOUSEHOLD_2_315,mean_7,38.0,30.00000023841858,0,5.00000003973643,78.94736904846995,5.263160404406096,6,6
WI_1,28,HOUSEHOLD_2_315,tsb,38.0,17.083109804744534,0,2.8471849674574226,44.95555211774877,-0.34198719650637116,6,6
WI_1,28,HOUSEHOLD_2_323,cautious_group_route,35.0,26.325918904552104,0,4.387653150758684,75.21691115586316,8.708671768287328,6,6
WI_1,28,HOUSEHOLD_2_323,croston_sba,35.0,23.160942207204887,0,3.8601570345341476,66.17412059201395,-5.748245099111851,6,6
WI_1,28,HOUSEHOLD_2_323,direct_general,35.0,30.129650488495827,0,5.021608414749305,86.08471568141665,18.00619751214981,6,6
WI_1,28,HOUSEHOLD_2_323,direct_personalized,35.0,31.319022834300995,0,5.219837139050166,89.48292238371712,12.838598234312874,6,6
WI_1,28,HOUSEHOLD_2_323,mean_28,35.0,27.999999552965164,0,4.666666592160861,79.99999872275761,-5.714285969734192,6,6
WI_1,28,HOUSEHOLD_2_323,mean_7,35.0,21.000000178813934,0,3.5000000298023224,60.00000051089695,2.857145071029663,6,6
WI_1,28,HOUSEHOLD_2_323,tsb,35.0,26.325918904552104,0,4.387653150758684,75.21691115586316,8.708671768287328,6,6
WI_1,28,HOUSEHOLD_2_409,cautious_group_route,127.0,48.88503196835518,0,8.147505328059196,38.49215115618518,2.5950387002914934,6,6
WI_1,28,HOUSEHOLD_2_409,croston_sba,127.0,50.15840780928522,0,8.359734634880871,39.49480929864978,2.1694039416375483,6,6
WI_1,28,HOUSEHOLD_2_409,direct_general,127.0,48.88503196835518,0,8.147505328059196,38.49215115618518,2.5950387002914934,6,6
WI_1,28,HOUSEHOLD_2_409,direct_personalized,127.0,48.37349262833595,0,8.062248771389326,38.08936427428028,4.645849471017135,6,6
WI_1,28,HOUSEHOLD_2_409,mean_28,127.0,48.000001192092896,0,8.00000019868215,37.795276529207,3.149605736019106,6,6
WI_1,28,HOUSEHOLD_2_409,mean_7,127.0,65.00000011920929,0,10.833333353201548,51.181102456070306,-24.409447410913895,6,6
WI_1,28,HOUSEHOLD_2_409,tsb,127.0,49.21223087654604,0,8.20203847942434,38.74978809176853,-4.972122704518102,6,6
